ISO-10303-21;
HEADER;
/* Generated by software containing ST-Developer
 * from STEP Tools, Inc. (www.steptools.com) 
 */
/* OPTION: using custom schema-name function */

FILE_DESCRIPTION(
/* description */ (''),
/* implementation_level */ '2;1');

FILE_NAME(
/* name */ '436500616wbm000_01_214.stp',
/* time_stamp */ '2022-06-14T10:14:14+06:00',
/* author */ (''),
/* organization */ (''),
/* preprocessor_version */ 'ST-DEVELOPER v16.7',
/* originating_system */ 'SIEMENS PLM Software NX 1919',
/* authorisation */ '');

FILE_SCHEMA (('AUTOMOTIVE_DESIGN { 1 0 10303 214 3 1 1 1 }'));
ENDSEC;

DATA;
#10=SHAPE_REPRESENTATION_RELATIONSHIP('None',
'relationship between 436500616wbm000_01-None and 436500616wbm000_01-N
one',#22,#11);
#11=ADVANCED_BREP_SHAPE_REPRESENTATION('436500616wbm000_01-None',(#32),
#6736);
#12=SHAPE_DEFINITION_REPRESENTATION(#13,#22);
#13=PRODUCT_DEFINITION_SHAPE('','',#14);
#14=PRODUCT_DEFINITION(' ','',#16,#15);
#15=PRODUCT_DEFINITION_CONTEXT('part definition',#21,'design');
#16=PRODUCT_DEFINITION_FORMATION_WITH_SPECIFIED_SOURCE(' ',' ',#18,
 .NOT_KNOWN.);
#17=PRODUCT_RELATED_PRODUCT_CATEGORY('part','',(#18));
#18=PRODUCT('436500616wbm000_01','436500616wbm000_01',' ',(#19));
#19=PRODUCT_CONTEXT(' ',#21,'mechanical');
#20=APPLICATION_PROTOCOL_DEFINITION('international standard',
'automotive_design',2010,#21);
#21=APPLICATION_CONTEXT(
'core data for automotive mechanical design processes');
#22=SHAPE_REPRESENTATION('436500616wbm000_01-None',(#4149),#6736);
#23=PRESENTATION_LAYER_ASSIGNMENT('1','Layer 1',(#32));
#24=STYLED_ITEM('',(#25),#32);
#25=PRESENTATION_STYLE_ASSIGNMENT((#26));
#26=SURFACE_STYLE_USAGE(.BOTH.,#27);
#27=SURFACE_SIDE_STYLE('',(#28));
#28=SURFACE_STYLE_FILL_AREA(#29);
#29=FILL_AREA_STYLE('',(#30));
#30=FILL_AREA_STYLE_COLOUR('',#31);
#31=COLOUR_RGB('Medium Steel',0.596063172350652,0.666666666666667,0.686259250782025);
#32=MANIFOLD_SOLID_BREP('',#33);
#33=CLOSED_SHELL('',(#173,#174,#175,#176,#177,#178,#179,#180,#181,#182,
#183,#184,#185,#186,#187,#188,#189,#190,#191,#192,#193,#194,#195,#196,#197,
#198,#199,#200,#201,#202,#203,#204,#205,#206,#207,#208,#209,#210,#211,#212,
#213,#214,#215,#216,#217,#218,#219,#220,#221,#222,#223,#224,#225,#226,#227,
#228,#229,#230,#231,#232,#233,#234,#235,#236,#237,#238,#239,#240,#241,#242,
#243,#244,#245,#246,#247,#248,#249,#250,#251,#252,#253,#254,#255,#256,#257,
#258,#259,#260,#261,#262,#263,#264,#265,#266,#267,#268,#269,#270,#271,#272,
#273,#274,#275,#276,#277,#278,#279,#280,#281,#282,#283,#284,#285,#286,#287,
#288,#289,#290,#291,#292,#293,#294,#295,#296,#297,#298,#299,#300,#301,#302,
#303,#304,#305,#306,#307,#308,#309,#310,#311,#312,#313,#314,#315,#316,#317,
#318,#319,#320,#321,#322,#323,#324,#325,#326,#327,#328,#329,#330,#331,#332,
#333,#334,#335,#336,#337,#338,#339,#340,#341,#342,#343,#344,#345,#346,#347,
#348,#349,#350,#351,#352,#353,#354,#355,#356,#357,#358,#359,#360,#361,#362,
#363,#364,#365,#366,#367,#368,#369,#370,#371,#372,#373,#374,#375,#376,#377,
#378,#379,#380,#381,#382,#383,#384,#385,#386,#387,#388,#389,#390,#391,#392,
#393,#394,#395,#396,#397,#398,#399,#400,#401,#402,#403,#404,#405,#406,#407,
#408));
#34=CYLINDRICAL_SURFACE('',#4346,0.64);
#35=CYLINDRICAL_SURFACE('',#4347,1.52);
#36=CYLINDRICAL_SURFACE('',#4348,0.639999999999999);
#37=CYLINDRICAL_SURFACE('',#4351,0.640000000000009);
#38=CYLINDRICAL_SURFACE('',#4352,0.88);
#39=CYLINDRICAL_SURFACE('',#4353,1.28);
#40=CYLINDRICAL_SURFACE('',#4366,0.64);
#41=CYLINDRICAL_SURFACE('',#4367,1.52);
#42=CYLINDRICAL_SURFACE('',#4368,0.639999999999999);
#43=CYLINDRICAL_SURFACE('',#4371,0.640000000000009);
#44=CYLINDRICAL_SURFACE('',#4372,0.88);
#45=CYLINDRICAL_SURFACE('',#4373,1.28);
#46=CYLINDRICAL_SURFACE('',#4386,0.64);
#47=CYLINDRICAL_SURFACE('',#4387,1.52);
#48=CYLINDRICAL_SURFACE('',#4388,0.639999999999999);
#49=CYLINDRICAL_SURFACE('',#4391,0.640000000000009);
#50=CYLINDRICAL_SURFACE('',#4392,0.88);
#51=CYLINDRICAL_SURFACE('',#4393,1.28);
#52=CYLINDRICAL_SURFACE('',#4406,1.28);
#53=CYLINDRICAL_SURFACE('',#4407,0.88);
#54=CYLINDRICAL_SURFACE('',#4408,1.26141965408795);
#55=CYLINDRICAL_SURFACE('',#4411,0.64);
#56=CYLINDRICAL_SURFACE('',#4412,1.52);
#57=CYLINDRICAL_SURFACE('',#4413,0.64);
#58=CYLINDRICAL_SURFACE('',#4426,1.28);
#59=CYLINDRICAL_SURFACE('',#4427,0.88);
#60=CYLINDRICAL_SURFACE('',#4428,1.26141965408795);
#61=CYLINDRICAL_SURFACE('',#4431,0.64);
#62=CYLINDRICAL_SURFACE('',#4432,1.52);
#63=CYLINDRICAL_SURFACE('',#4433,0.64);
#64=CYLINDRICAL_SURFACE('',#4446,1.28);
#65=CYLINDRICAL_SURFACE('',#4447,0.88);
#66=CYLINDRICAL_SURFACE('',#4448,1.26141965408795);
#67=CYLINDRICAL_SURFACE('',#4451,0.64);
#68=CYLINDRICAL_SURFACE('',#4452,1.52);
#69=CYLINDRICAL_SURFACE('',#4453,0.64);
#70=FACE_BOUND('',#851,.T.);
#71=FACE_BOUND('',#852,.T.);
#72=FACE_BOUND('',#853,.T.);
#73=FACE_BOUND('',#854,.T.);
#74=FACE_BOUND('',#855,.T.);
#75=FACE_BOUND('',#856,.T.);
#76=FACE_BOUND('',#857,.T.);
#77=FACE_BOUND('',#858,.T.);
#78=FACE_BOUND('',#859,.T.);
#79=FACE_BOUND('',#864,.T.);
#80=FACE_BOUND('',#865,.T.);
#81=FACE_BOUND('',#870,.T.);
#82=FACE_BOUND('',#871,.T.);
#83=FACE_BOUND('',#877,.T.);
#84=FACE_BOUND('',#878,.T.);
#85=FACE_BOUND('',#879,.T.);
#86=FACE_BOUND('',#882,.T.);
#87=FACE_BOUND('',#883,.T.);
#88=FACE_BOUND('',#884,.T.);
#89=FACE_BOUND('',#885,.T.);
#90=FACE_BOUND('',#886,.T.);
#91=FACE_BOUND('',#887,.T.);
#92=FACE_BOUND('',#888,.T.);
#93=FACE_BOUND('',#889,.T.);
#94=FACE_BOUND('',#890,.T.);
#95=FACE_BOUND('',#922,.T.);
#96=FACE_BOUND('',#923,.T.);
#97=FACE_BOUND('',#933,.T.);
#98=FACE_BOUND('',#934,.T.);
#99=FACE_BOUND('',#945,.T.);
#100=FACE_BOUND('',#946,.T.);
#101=CIRCLE('',#4151,1.26141965408795);
#102=CIRCLE('',#4152,0.64);
#103=CIRCLE('',#4153,1.52);
#104=CIRCLE('',#4154,0.64);
#105=CIRCLE('',#4155,1.28);
#106=CIRCLE('',#4156,0.88);
#107=CIRCLE('',#4158,1.26141965408795);
#108=CIRCLE('',#4159,0.88);
#109=CIRCLE('',#4160,1.28);
#110=CIRCLE('',#4161,0.64);
#111=CIRCLE('',#4162,1.52);
#112=CIRCLE('',#4163,0.64);
#113=CIRCLE('',#4167,1.26141965408795);
#114=CIRCLE('',#4168,0.64);
#115=CIRCLE('',#4169,1.52);
#116=CIRCLE('',#4170,0.64);
#117=CIRCLE('',#4171,1.28);
#118=CIRCLE('',#4172,0.88);
#119=CIRCLE('',#4174,1.26141965408795);
#120=CIRCLE('',#4175,0.88);
#121=CIRCLE('',#4176,1.28);
#122=CIRCLE('',#4177,0.64);
#123=CIRCLE('',#4178,1.52);
#124=CIRCLE('',#4179,0.64);
#125=CIRCLE('',#4183,1.26141965408795);
#126=CIRCLE('',#4184,0.64);
#127=CIRCLE('',#4185,1.52);
#128=CIRCLE('',#4186,0.64);
#129=CIRCLE('',#4187,1.28);
#130=CIRCLE('',#4188,0.88);
#131=CIRCLE('',#4190,1.26141965408795);
#132=CIRCLE('',#4191,0.88);
#133=CIRCLE('',#4192,1.28);
#134=CIRCLE('',#4193,0.64);
#135=CIRCLE('',#4194,1.52);
#136=CIRCLE('',#4195,0.64);
#137=CIRCLE('',#4199,0.640000000000009);
#138=CIRCLE('',#4200,0.88);
#139=CIRCLE('',#4201,1.28);
#140=CIRCLE('',#4202,0.64);
#141=CIRCLE('',#4203,1.52);
#142=CIRCLE('',#4204,0.639999999999999);
#143=CIRCLE('',#4206,0.640000000000009);
#144=CIRCLE('',#4207,0.639999999999999);
#145=CIRCLE('',#4208,1.52);
#146=CIRCLE('',#4209,0.64);
#147=CIRCLE('',#4210,1.28);
#148=CIRCLE('',#4211,0.88);
#149=CIRCLE('',#4217,0.640000000000009);
#150=CIRCLE('',#4218,0.88);
#151=CIRCLE('',#4219,1.28);
#152=CIRCLE('',#4220,0.64);
#153=CIRCLE('',#4221,1.52);
#154=CIRCLE('',#4222,0.639999999999999);
#155=CIRCLE('',#4224,0.640000000000009);
#156=CIRCLE('',#4225,0.639999999999999);
#157=CIRCLE('',#4226,1.52);
#158=CIRCLE('',#4227,0.64);
#159=CIRCLE('',#4228,1.28);
#160=CIRCLE('',#4229,0.88);
#161=CIRCLE('',#4234,0.640000000000009);
#162=CIRCLE('',#4235,0.88);
#163=CIRCLE('',#4236,1.28);
#164=CIRCLE('',#4237,0.64);
#165=CIRCLE('',#4238,1.52);
#166=CIRCLE('',#4239,0.639999999999999);
#167=CIRCLE('',#4241,0.640000000000009);
#168=CIRCLE('',#4242,0.639999999999999);
#169=CIRCLE('',#4243,1.52);
#170=CIRCLE('',#4244,0.64);
#171=CIRCLE('',#4245,1.28);
#172=CIRCLE('',#4246,0.88);
#173=ADVANCED_FACE('',(#609),#409,.F.);
#174=ADVANCED_FACE('',(#610),#410,.T.);
#175=ADVANCED_FACE('',(#611),#411,.F.);
#176=ADVANCED_FACE('',(#612),#412,.F.);
#177=ADVANCED_FACE('',(#613),#413,.F.);
#178=ADVANCED_FACE('',(#614),#414,.T.);
#179=ADVANCED_FACE('',(#615),#415,.F.);
#180=ADVANCED_FACE('',(#616),#416,.F.);
#181=ADVANCED_FACE('',(#617),#417,.F.);
#182=ADVANCED_FACE('',(#618),#418,.T.);
#183=ADVANCED_FACE('',(#619),#419,.F.);
#184=ADVANCED_FACE('',(#620),#420,.F.);
#185=ADVANCED_FACE('',(#621),#421,.F.);
#186=ADVANCED_FACE('',(#622),#422,.F.);
#187=ADVANCED_FACE('',(#623),#423,.T.);
#188=ADVANCED_FACE('',(#624),#424,.F.);
#189=ADVANCED_FACE('',(#70,#71,#72,#73,#74,#75,#76),#425,.F.);
#190=ADVANCED_FACE('',(#77,#78),#426,.T.);
#191=ADVANCED_FACE('',(#625),#427,.F.);
#192=ADVANCED_FACE('',(#626),#428,.F.);
#193=ADVANCED_FACE('',(#627),#429,.T.);
#194=ADVANCED_FACE('',(#628),#430,.F.);
#195=ADVANCED_FACE('',(#79,#80),#431,.T.);
#196=ADVANCED_FACE('',(#629),#432,.F.);
#197=ADVANCED_FACE('',(#630),#433,.F.);
#198=ADVANCED_FACE('',(#631),#434,.T.);
#199=ADVANCED_FACE('',(#632),#435,.F.);
#200=ADVANCED_FACE('',(#81,#82),#436,.T.);
#201=ADVANCED_FACE('',(#633),#437,.F.);
#202=ADVANCED_FACE('',(#634),#438,.F.);
#203=ADVANCED_FACE('',(#635),#439,.T.);
#204=ADVANCED_FACE('',(#636),#440,.T.);
#205=ADVANCED_FACE('',(#637),#441,.F.);
#206=ADVANCED_FACE('',(#83,#84,#85),#442,.T.);
#207=ADVANCED_FACE('',(#638),#443,.T.);
#208=ADVANCED_FACE('',(#639),#444,.T.);
#209=ADVANCED_FACE('',(#86,#87,#88,#89,#90,#91,#92),#445,.T.);
#210=ADVANCED_FACE('',(#93,#94),#446,.T.);
#211=ADVANCED_FACE('',(#640),#447,.T.);
#212=ADVANCED_FACE('',(#641),#448,.F.);
#213=ADVANCED_FACE('',(#642),#449,.F.);
#214=ADVANCED_FACE('',(#643),#450,.F.);
#215=ADVANCED_FACE('',(#644),#451,.F.);
#216=ADVANCED_FACE('',(#645),#452,.T.);
#217=ADVANCED_FACE('',(#646),#453,.T.);
#218=ADVANCED_FACE('',(#647),#454,.T.);
#219=ADVANCED_FACE('',(#648),#455,.T.);
#220=ADVANCED_FACE('',(#649),#456,.T.);
#221=ADVANCED_FACE('',(#650),#457,.T.);
#222=ADVANCED_FACE('',(#651),#458,.F.);
#223=ADVANCED_FACE('',(#652),#459,.T.);
#224=ADVANCED_FACE('',(#653),#460,.T.);
#225=ADVANCED_FACE('',(#654),#461,.T.);
#226=ADVANCED_FACE('',(#655),#462,.F.);
#227=ADVANCED_FACE('',(#656),#463,.T.);
#228=ADVANCED_FACE('',(#657),#464,.T.);
#229=ADVANCED_FACE('',(#658),#465,.T.);
#230=ADVANCED_FACE('',(#659),#466,.F.);
#231=ADVANCED_FACE('',(#660),#467,.F.);
#232=ADVANCED_FACE('',(#661),#468,.F.);
#233=ADVANCED_FACE('',(#662),#469,.F.);
#234=ADVANCED_FACE('',(#663),#470,.T.);
#235=ADVANCED_FACE('',(#664),#471,.F.);
#236=ADVANCED_FACE('',(#665),#472,.F.);
#237=ADVANCED_FACE('',(#666),#473,.F.);
#238=ADVANCED_FACE('',(#667),#474,.F.);
#239=ADVANCED_FACE('',(#668),#475,.F.);
#240=ADVANCED_FACE('',(#669),#476,.F.);
#241=ADVANCED_FACE('',(#670),#477,.F.);
#242=ADVANCED_FACE('',(#95,#96),#478,.T.);
#243=ADVANCED_FACE('',(#671),#479,.F.);
#244=ADVANCED_FACE('',(#672),#480,.F.);
#245=ADVANCED_FACE('',(#673),#481,.F.);
#246=ADVANCED_FACE('',(#674),#482,.F.);
#247=ADVANCED_FACE('',(#675),#483,.F.);
#248=ADVANCED_FACE('',(#676),#484,.F.);
#249=ADVANCED_FACE('',(#677),#485,.F.);
#250=ADVANCED_FACE('',(#678),#486,.F.);
#251=ADVANCED_FACE('',(#679),#487,.F.);
#252=ADVANCED_FACE('',(#97,#98),#488,.T.);
#253=ADVANCED_FACE('',(#680),#489,.F.);
#254=ADVANCED_FACE('',(#681),#490,.F.);
#255=ADVANCED_FACE('',(#682),#491,.F.);
#256=ADVANCED_FACE('',(#683),#492,.F.);
#257=ADVANCED_FACE('',(#684),#493,.F.);
#258=ADVANCED_FACE('',(#685),#494,.F.);
#259=ADVANCED_FACE('',(#686),#495,.F.);
#260=ADVANCED_FACE('',(#687),#496,.F.);
#261=ADVANCED_FACE('',(#688),#497,.F.);
#262=ADVANCED_FACE('',(#689),#498,.F.);
#263=ADVANCED_FACE('',(#99,#100),#499,.T.);
#264=ADVANCED_FACE('',(#690),#500,.F.);
#265=ADVANCED_FACE('',(#691),#501,.F.);
#266=ADVANCED_FACE('',(#692),#502,.F.);
#267=ADVANCED_FACE('',(#693),#503,.F.);
#268=ADVANCED_FACE('',(#694),#504,.F.);
#269=ADVANCED_FACE('',(#695),#505,.T.);
#270=ADVANCED_FACE('',(#696),#506,.T.);
#271=ADVANCED_FACE('',(#697),#507,.T.);
#272=ADVANCED_FACE('',(#698),#508,.F.);
#273=ADVANCED_FACE('',(#699),#509,.T.);
#274=ADVANCED_FACE('',(#700),#510,.T.);
#275=ADVANCED_FACE('',(#701),#511,.T.);
#276=ADVANCED_FACE('',(#702),#512,.T.);
#277=ADVANCED_FACE('',(#703),#513,.F.);
#278=ADVANCED_FACE('',(#704),#514,.T.);
#279=ADVANCED_FACE('',(#705),#515,.T.);
#280=ADVANCED_FACE('',(#706),#516,.T.);
#281=ADVANCED_FACE('',(#707),#517,.T.);
#282=ADVANCED_FACE('',(#708),#518,.T.);
#283=ADVANCED_FACE('',(#709),#519,.F.);
#284=ADVANCED_FACE('',(#710),#520,.F.);
#285=ADVANCED_FACE('',(#711),#521,.F.);
#286=ADVANCED_FACE('',(#712),#522,.F.);
#287=ADVANCED_FACE('',(#713),#523,.T.);
#288=ADVANCED_FACE('',(#714),#524,.T.);
#289=ADVANCED_FACE('',(#715),#525,.F.);
#290=ADVANCED_FACE('',(#716),#526,.F.);
#291=ADVANCED_FACE('',(#717),#527,.F.);
#292=ADVANCED_FACE('',(#718),#528,.T.);
#293=ADVANCED_FACE('',(#719),#529,.F.);
#294=ADVANCED_FACE('',(#720),#530,.F.);
#295=ADVANCED_FACE('',(#721),#531,.F.);
#296=ADVANCED_FACE('',(#722),#532,.F.);
#297=ADVANCED_FACE('',(#723),#34,.F.);
#298=ADVANCED_FACE('',(#724),#35,.T.);
#299=ADVANCED_FACE('',(#725),#36,.F.);
#300=ADVANCED_FACE('',(#726),#533,.F.);
#301=ADVANCED_FACE('',(#727),#534,.F.);
#302=ADVANCED_FACE('',(#728),#37,.T.);
#303=ADVANCED_FACE('',(#729),#38,.F.);
#304=ADVANCED_FACE('',(#730),#39,.T.);
#305=ADVANCED_FACE('',(#731),#535,.F.);
#306=ADVANCED_FACE('',(#732),#536,.F.);
#307=ADVANCED_FACE('',(#733),#537,.F.);
#308=ADVANCED_FACE('',(#734),#538,.F.);
#309=ADVANCED_FACE('',(#735),#539,.F.);
#310=ADVANCED_FACE('',(#736),#540,.F.);
#311=ADVANCED_FACE('',(#737),#541,.F.);
#312=ADVANCED_FACE('',(#738),#542,.T.);
#313=ADVANCED_FACE('',(#739),#543,.F.);
#314=ADVANCED_FACE('',(#740),#544,.F.);
#315=ADVANCED_FACE('',(#741),#545,.F.);
#316=ADVANCED_FACE('',(#742),#546,.F.);
#317=ADVANCED_FACE('',(#743),#40,.F.);
#318=ADVANCED_FACE('',(#744),#41,.T.);
#319=ADVANCED_FACE('',(#745),#42,.F.);
#320=ADVANCED_FACE('',(#746),#547,.F.);
#321=ADVANCED_FACE('',(#747),#548,.F.);
#322=ADVANCED_FACE('',(#748),#43,.T.);
#323=ADVANCED_FACE('',(#749),#44,.F.);
#324=ADVANCED_FACE('',(#750),#45,.T.);
#325=ADVANCED_FACE('',(#751),#549,.F.);
#326=ADVANCED_FACE('',(#752),#550,.F.);
#327=ADVANCED_FACE('',(#753),#551,.F.);
#328=ADVANCED_FACE('',(#754),#552,.F.);
#329=ADVANCED_FACE('',(#755),#553,.F.);
#330=ADVANCED_FACE('',(#756),#554,.F.);
#331=ADVANCED_FACE('',(#757),#555,.F.);
#332=ADVANCED_FACE('',(#758),#556,.T.);
#333=ADVANCED_FACE('',(#759),#557,.F.);
#334=ADVANCED_FACE('',(#760),#558,.F.);
#335=ADVANCED_FACE('',(#761),#559,.F.);
#336=ADVANCED_FACE('',(#762),#560,.F.);
#337=ADVANCED_FACE('',(#763),#46,.F.);
#338=ADVANCED_FACE('',(#764),#47,.T.);
#339=ADVANCED_FACE('',(#765),#48,.F.);
#340=ADVANCED_FACE('',(#766),#561,.F.);
#341=ADVANCED_FACE('',(#767),#562,.F.);
#342=ADVANCED_FACE('',(#768),#49,.T.);
#343=ADVANCED_FACE('',(#769),#50,.F.);
#344=ADVANCED_FACE('',(#770),#51,.T.);
#345=ADVANCED_FACE('',(#771),#563,.F.);
#346=ADVANCED_FACE('',(#772),#564,.F.);
#347=ADVANCED_FACE('',(#773),#565,.F.);
#348=ADVANCED_FACE('',(#774),#566,.F.);
#349=ADVANCED_FACE('',(#775),#567,.F.);
#350=ADVANCED_FACE('',(#776),#568,.F.);
#351=ADVANCED_FACE('',(#777),#569,.T.);
#352=ADVANCED_FACE('',(#778),#570,.F.);
#353=ADVANCED_FACE('',(#779),#571,.F.);
#354=ADVANCED_FACE('',(#780),#572,.F.);
#355=ADVANCED_FACE('',(#781),#573,.F.);
#356=ADVANCED_FACE('',(#782),#574,.F.);
#357=ADVANCED_FACE('',(#783),#52,.T.);
#358=ADVANCED_FACE('',(#784),#53,.F.);
#359=ADVANCED_FACE('',(#785),#54,.T.);
#360=ADVANCED_FACE('',(#786),#575,.F.);
#361=ADVANCED_FACE('',(#787),#576,.F.);
#362=ADVANCED_FACE('',(#788),#55,.F.);
#363=ADVANCED_FACE('',(#789),#56,.T.);
#364=ADVANCED_FACE('',(#790),#57,.F.);
#365=ADVANCED_FACE('',(#791),#577,.F.);
#366=ADVANCED_FACE('',(#792),#578,.F.);
#367=ADVANCED_FACE('',(#793),#579,.F.);
#368=ADVANCED_FACE('',(#794),#580,.F.);
#369=ADVANCED_FACE('',(#795),#581,.F.);
#370=ADVANCED_FACE('',(#796),#582,.F.);
#371=ADVANCED_FACE('',(#797),#583,.T.);
#372=ADVANCED_FACE('',(#798),#584,.F.);
#373=ADVANCED_FACE('',(#799),#585,.F.);
#374=ADVANCED_FACE('',(#800),#586,.F.);
#375=ADVANCED_FACE('',(#801),#587,.F.);
#376=ADVANCED_FACE('',(#802),#588,.F.);
#377=ADVANCED_FACE('',(#803),#58,.T.);
#378=ADVANCED_FACE('',(#804),#59,.F.);
#379=ADVANCED_FACE('',(#805),#60,.T.);
#380=ADVANCED_FACE('',(#806),#589,.F.);
#381=ADVANCED_FACE('',(#807),#590,.F.);
#382=ADVANCED_FACE('',(#808),#61,.F.);
#383=ADVANCED_FACE('',(#809),#62,.T.);
#384=ADVANCED_FACE('',(#810),#63,.F.);
#385=ADVANCED_FACE('',(#811),#591,.F.);
#386=ADVANCED_FACE('',(#812),#592,.F.);
#387=ADVANCED_FACE('',(#813),#593,.F.);
#388=ADVANCED_FACE('',(#814),#594,.F.);
#389=ADVANCED_FACE('',(#815),#595,.F.);
#390=ADVANCED_FACE('',(#816),#596,.F.);
#391=ADVANCED_FACE('',(#817),#597,.T.);
#392=ADVANCED_FACE('',(#818),#598,.F.);
#393=ADVANCED_FACE('',(#819),#599,.F.);
#394=ADVANCED_FACE('',(#820),#600,.F.);
#395=ADVANCED_FACE('',(#821),#601,.F.);
#396=ADVANCED_FACE('',(#822),#602,.F.);
#397=ADVANCED_FACE('',(#823),#64,.T.);
#398=ADVANCED_FACE('',(#824),#65,.F.);
#399=ADVANCED_FACE('',(#825),#66,.T.);
#400=ADVANCED_FACE('',(#826),#603,.F.);
#401=ADVANCED_FACE('',(#827),#604,.F.);
#402=ADVANCED_FACE('',(#828),#67,.F.);
#403=ADVANCED_FACE('',(#829),#68,.T.);
#404=ADVANCED_FACE('',(#830),#69,.F.);
#405=ADVANCED_FACE('',(#831),#605,.F.);
#406=ADVANCED_FACE('',(#832),#606,.F.);
#407=ADVANCED_FACE('',(#833),#607,.F.);
#408=ADVANCED_FACE('',(#834),#608,.F.);
#409=PLANE('',#4150);
#410=PLANE('',#4157);
#411=PLANE('',#4164);
#412=PLANE('',#4165);
#413=PLANE('',#4166);
#414=PLANE('',#4173);
#415=PLANE('',#4180);
#416=PLANE('',#4181);
#417=PLANE('',#4182);
#418=PLANE('',#4189);
#419=PLANE('',#4196);
#420=PLANE('',#4197);
#421=PLANE('',#4198);
#422=PLANE('',#4205);
#423=PLANE('',#4212);
#424=PLANE('',#4213);
#425=PLANE('',#4214);
#426=PLANE('',#4215);
#427=PLANE('',#4216);
#428=PLANE('',#4223);
#429=PLANE('',#4230);
#430=PLANE('',#4231);
#431=PLANE('',#4232);
#432=PLANE('',#4233);
#433=PLANE('',#4240);
#434=PLANE('',#4247);
#435=PLANE('',#4248);
#436=PLANE('',#4249);
#437=PLANE('',#4250);
#438=PLANE('',#4251);
#439=PLANE('',#4252);
#440=PLANE('',#4253);
#441=PLANE('',#4254);
#442=PLANE('',#4255);
#443=PLANE('',#4256);
#444=PLANE('',#4257);
#445=PLANE('',#4258);
#446=PLANE('',#4259);
#447=PLANE('',#4260);
#448=PLANE('',#4261);
#449=PLANE('',#4262);
#450=PLANE('',#4263);
#451=PLANE('',#4264);
#452=PLANE('',#4265);
#453=PLANE('',#4266);
#454=PLANE('',#4267);
#455=PLANE('',#4268);
#456=PLANE('',#4269);
#457=PLANE('',#4270);
#458=PLANE('',#4271);
#459=PLANE('',#4272);
#460=PLANE('',#4273);
#461=PLANE('',#4274);
#462=PLANE('',#4275);
#463=PLANE('',#4276);
#464=PLANE('',#4277);
#465=PLANE('',#4278);
#466=PLANE('',#4279);
#467=PLANE('',#4280);
#468=PLANE('',#4281);
#469=PLANE('',#4282);
#470=PLANE('',#4283);
#471=PLANE('',#4284);
#472=PLANE('',#4285);
#473=PLANE('',#4286);
#474=PLANE('',#4287);
#475=PLANE('',#4288);
#476=PLANE('',#4289);
#477=PLANE('',#4290);
#478=PLANE('',#4291);
#479=PLANE('',#4292);
#480=PLANE('',#4293);
#481=PLANE('',#4294);
#482=PLANE('',#4295);
#483=PLANE('',#4296);
#484=PLANE('',#4297);
#485=PLANE('',#4298);
#486=PLANE('',#4299);
#487=PLANE('',#4300);
#488=PLANE('',#4301);
#489=PLANE('',#4302);
#490=PLANE('',#4303);
#491=PLANE('',#4304);
#492=PLANE('',#4305);
#493=PLANE('',#4306);
#494=PLANE('',#4307);
#495=PLANE('',#4308);
#496=PLANE('',#4309);
#497=PLANE('',#4310);
#498=PLANE('',#4311);
#499=PLANE('',#4312);
#500=PLANE('',#4313);
#501=PLANE('',#4314);
#502=PLANE('',#4315);
#503=PLANE('',#4316);
#504=PLANE('',#4317);
#505=PLANE('',#4318);
#506=PLANE('',#4319);
#507=PLANE('',#4320);
#508=PLANE('',#4321);
#509=PLANE('',#4322);
#510=PLANE('',#4323);
#511=PLANE('',#4324);
#512=PLANE('',#4325);
#513=PLANE('',#4326);
#514=PLANE('',#4327);
#515=PLANE('',#4328);
#516=PLANE('',#4329);
#517=PLANE('',#4330);
#518=PLANE('',#4331);
#519=PLANE('',#4332);
#520=PLANE('',#4333);
#521=PLANE('',#4334);
#522=PLANE('',#4335);
#523=PLANE('',#4336);
#524=PLANE('',#4337);
#525=PLANE('',#4338);
#526=PLANE('',#4339);
#527=PLANE('',#4340);
#528=PLANE('',#4341);
#529=PLANE('',#4342);
#530=PLANE('',#4343);
#531=PLANE('',#4344);
#532=PLANE('',#4345);
#533=PLANE('',#4349);
#534=PLANE('',#4350);
#535=PLANE('',#4354);
#536=PLANE('',#4355);
#537=PLANE('',#4356);
#538=PLANE('',#4357);
#539=PLANE('',#4358);
#540=PLANE('',#4359);
#541=PLANE('',#4360);
#542=PLANE('',#4361);
#543=PLANE('',#4362);
#544=PLANE('',#4363);
#545=PLANE('',#4364);
#546=PLANE('',#4365);
#547=PLANE('',#4369);
#548=PLANE('',#4370);
#549=PLANE('',#4374);
#550=PLANE('',#4375);
#551=PLANE('',#4376);
#552=PLANE('',#4377);
#553=PLANE('',#4378);
#554=PLANE('',#4379);
#555=PLANE('',#4380);
#556=PLANE('',#4381);
#557=PLANE('',#4382);
#558=PLANE('',#4383);
#559=PLANE('',#4384);
#560=PLANE('',#4385);
#561=PLANE('',#4389);
#562=PLANE('',#4390);
#563=PLANE('',#4394);
#564=PLANE('',#4395);
#565=PLANE('',#4396);
#566=PLANE('',#4397);
#567=PLANE('',#4398);
#568=PLANE('',#4399);
#569=PLANE('',#4400);
#570=PLANE('',#4401);
#571=PLANE('',#4402);
#572=PLANE('',#4403);
#573=PLANE('',#4404);
#574=PLANE('',#4405);
#575=PLANE('',#4409);
#576=PLANE('',#4410);
#577=PLANE('',#4414);
#578=PLANE('',#4415);
#579=PLANE('',#4416);
#580=PLANE('',#4417);
#581=PLANE('',#4418);
#582=PLANE('',#4419);
#583=PLANE('',#4420);
#584=PLANE('',#4421);
#585=PLANE('',#4422);
#586=PLANE('',#4423);
#587=PLANE('',#4424);
#588=PLANE('',#4425);
#589=PLANE('',#4429);
#590=PLANE('',#4430);
#591=PLANE('',#4434);
#592=PLANE('',#4435);
#593=PLANE('',#4436);
#594=PLANE('',#4437);
#595=PLANE('',#4438);
#596=PLANE('',#4439);
#597=PLANE('',#4440);
#598=PLANE('',#4441);
#599=PLANE('',#4442);
#600=PLANE('',#4443);
#601=PLANE('',#4444);
#602=PLANE('',#4445);
#603=PLANE('',#4449);
#604=PLANE('',#4450);
#605=PLANE('',#4454);
#606=PLANE('',#4455);
#607=PLANE('',#4456);
#608=PLANE('',#4457);
#609=FACE_OUTER_BOUND('',#835,.T.);
#610=FACE_OUTER_BOUND('',#836,.T.);
#611=FACE_OUTER_BOUND('',#837,.T.);
#612=FACE_OUTER_BOUND('',#838,.T.);
#613=FACE_OUTER_BOUND('',#839,.T.);
#614=FACE_OUTER_BOUND('',#840,.T.);
#615=FACE_OUTER_BOUND('',#841,.T.);
#616=FACE_OUTER_BOUND('',#842,.T.);
#617=FACE_OUTER_BOUND('',#843,.T.);
#618=FACE_OUTER_BOUND('',#844,.T.);
#619=FACE_OUTER_BOUND('',#845,.T.);
#620=FACE_OUTER_BOUND('',#846,.T.);
#621=FACE_OUTER_BOUND('',#847,.T.);
#622=FACE_OUTER_BOUND('',#848,.T.);
#623=FACE_OUTER_BOUND('',#849,.T.);
#624=FACE_OUTER_BOUND('',#850,.T.);
#625=FACE_OUTER_BOUND('',#860,.T.);
#626=FACE_OUTER_BOUND('',#861,.T.);
#627=FACE_OUTER_BOUND('',#862,.T.);
#628=FACE_OUTER_BOUND('',#863,.T.);
#629=FACE_OUTER_BOUND('',#866,.T.);
#630=FACE_OUTER_BOUND('',#867,.T.);
#631=FACE_OUTER_BOUND('',#868,.T.);
#632=FACE_OUTER_BOUND('',#869,.T.);
#633=FACE_OUTER_BOUND('',#872,.T.);
#634=FACE_OUTER_BOUND('',#873,.T.);
#635=FACE_OUTER_BOUND('',#874,.T.);
#636=FACE_OUTER_BOUND('',#875,.T.);
#637=FACE_OUTER_BOUND('',#876,.T.);
#638=FACE_OUTER_BOUND('',#880,.T.);
#639=FACE_OUTER_BOUND('',#881,.T.);
#640=FACE_OUTER_BOUND('',#891,.T.);
#641=FACE_OUTER_BOUND('',#892,.T.);
#642=FACE_OUTER_BOUND('',#893,.T.);
#643=FACE_OUTER_BOUND('',#894,.T.);
#644=FACE_OUTER_BOUND('',#895,.T.);
#645=FACE_OUTER_BOUND('',#896,.T.);
#646=FACE_OUTER_BOUND('',#897,.T.);
#647=FACE_OUTER_BOUND('',#898,.T.);
#648=FACE_OUTER_BOUND('',#899,.T.);
#649=FACE_OUTER_BOUND('',#900,.T.);
#650=FACE_OUTER_BOUND('',#901,.T.);
#651=FACE_OUTER_BOUND('',#902,.T.);
#652=FACE_OUTER_BOUND('',#903,.T.);
#653=FACE_OUTER_BOUND('',#904,.T.);
#654=FACE_OUTER_BOUND('',#905,.T.);
#655=FACE_OUTER_BOUND('',#906,.T.);
#656=FACE_OUTER_BOUND('',#907,.T.);
#657=FACE_OUTER_BOUND('',#908,.T.);
#658=FACE_OUTER_BOUND('',#909,.T.);
#659=FACE_OUTER_BOUND('',#910,.T.);
#660=FACE_OUTER_BOUND('',#911,.T.);
#661=FACE_OUTER_BOUND('',#912,.T.);
#662=FACE_OUTER_BOUND('',#913,.T.);
#663=FACE_OUTER_BOUND('',#914,.T.);
#664=FACE_OUTER_BOUND('',#915,.T.);
#665=FACE_OUTER_BOUND('',#916,.T.);
#666=FACE_OUTER_BOUND('',#917,.T.);
#667=FACE_OUTER_BOUND('',#918,.T.);
#668=FACE_OUTER_BOUND('',#919,.T.);
#669=FACE_OUTER_BOUND('',#920,.T.);
#670=FACE_OUTER_BOUND('',#921,.T.);
#671=FACE_OUTER_BOUND('',#924,.T.);
#672=FACE_OUTER_BOUND('',#925,.T.);
#673=FACE_OUTER_BOUND('',#926,.T.);
#674=FACE_OUTER_BOUND('',#927,.T.);
#675=FACE_OUTER_BOUND('',#928,.T.);
#676=FACE_OUTER_BOUND('',#929,.T.);
#677=FACE_OUTER_BOUND('',#930,.T.);
#678=FACE_OUTER_BOUND('',#931,.T.);
#679=FACE_OUTER_BOUND('',#932,.T.);
#680=FACE_OUTER_BOUND('',#935,.T.);
#681=FACE_OUTER_BOUND('',#936,.T.);
#682=FACE_OUTER_BOUND('',#937,.T.);
#683=FACE_OUTER_BOUND('',#938,.T.);
#684=FACE_OUTER_BOUND('',#939,.T.);
#685=FACE_OUTER_BOUND('',#940,.T.);
#686=FACE_OUTER_BOUND('',#941,.T.);
#687=FACE_OUTER_BOUND('',#942,.T.);
#688=FACE_OUTER_BOUND('',#943,.T.);
#689=FACE_OUTER_BOUND('',#944,.T.);
#690=FACE_OUTER_BOUND('',#947,.T.);
#691=FACE_OUTER_BOUND('',#948,.T.);
#692=FACE_OUTER_BOUND('',#949,.T.);
#693=FACE_OUTER_BOUND('',#950,.T.);
#694=FACE_OUTER_BOUND('',#951,.T.);
#695=FACE_OUTER_BOUND('',#952,.T.);
#696=FACE_OUTER_BOUND('',#953,.T.);
#697=FACE_OUTER_BOUND('',#954,.T.);
#698=FACE_OUTER_BOUND('',#955,.T.);
#699=FACE_OUTER_BOUND('',#956,.T.);
#700=FACE_OUTER_BOUND('',#957,.T.);
#701=FACE_OUTER_BOUND('',#958,.T.);
#702=FACE_OUTER_BOUND('',#959,.T.);
#703=FACE_OUTER_BOUND('',#960,.T.);
#704=FACE_OUTER_BOUND('',#961,.T.);
#705=FACE_OUTER_BOUND('',#962,.T.);
#706=FACE_OUTER_BOUND('',#963,.T.);
#707=FACE_OUTER_BOUND('',#964,.T.);
#708=FACE_OUTER_BOUND('',#965,.T.);
#709=FACE_OUTER_BOUND('',#966,.T.);
#710=FACE_OUTER_BOUND('',#967,.T.);
#711=FACE_OUTER_BOUND('',#968,.T.);
#712=FACE_OUTER_BOUND('',#969,.T.);
#713=FACE_OUTER_BOUND('',#970,.T.);
#714=FACE_OUTER_BOUND('',#971,.T.);
#715=FACE_OUTER_BOUND('',#972,.T.);
#716=FACE_OUTER_BOUND('',#973,.T.);
#717=FACE_OUTER_BOUND('',#974,.T.);
#718=FACE_OUTER_BOUND('',#975,.T.);
#719=FACE_OUTER_BOUND('',#976,.T.);
#720=FACE_OUTER_BOUND('',#977,.T.);
#721=FACE_OUTER_BOUND('',#978,.T.);
#722=FACE_OUTER_BOUND('',#979,.T.);
#723=FACE_OUTER_BOUND('',#980,.T.);
#724=FACE_OUTER_BOUND('',#981,.T.);
#725=FACE_OUTER_BOUND('',#982,.T.);
#726=FACE_OUTER_BOUND('',#983,.T.);
#727=FACE_OUTER_BOUND('',#984,.T.);
#728=FACE_OUTER_BOUND('',#985,.T.);
#729=FACE_OUTER_BOUND('',#986,.T.);
#730=FACE_OUTER_BOUND('',#987,.T.);
#731=FACE_OUTER_BOUND('',#988,.T.);
#732=FACE_OUTER_BOUND('',#989,.T.);
#733=FACE_OUTER_BOUND('',#990,.T.);
#734=FACE_OUTER_BOUND('',#991,.T.);
#735=FACE_OUTER_BOUND('',#992,.T.);
#736=FACE_OUTER_BOUND('',#993,.T.);
#737=FACE_OUTER_BOUND('',#994,.T.);
#738=FACE_OUTER_BOUND('',#995,.T.);
#739=FACE_OUTER_BOUND('',#996,.T.);
#740=FACE_OUTER_BOUND('',#997,.T.);
#741=FACE_OUTER_BOUND('',#998,.T.);
#742=FACE_OUTER_BOUND('',#999,.T.);
#743=FACE_OUTER_BOUND('',#1000,.T.);
#744=FACE_OUTER_BOUND('',#1001,.T.);
#745=FACE_OUTER_BOUND('',#1002,.T.);
#746=FACE_OUTER_BOUND('',#1003,.T.);
#747=FACE_OUTER_BOUND('',#1004,.T.);
#748=FACE_OUTER_BOUND('',#1005,.T.);
#749=FACE_OUTER_BOUND('',#1006,.T.);
#750=FACE_OUTER_BOUND('',#1007,.T.);
#751=FACE_OUTER_BOUND('',#1008,.T.);
#752=FACE_OUTER_BOUND('',#1009,.T.);
#753=FACE_OUTER_BOUND('',#1010,.T.);
#754=FACE_OUTER_BOUND('',#1011,.T.);
#755=FACE_OUTER_BOUND('',#1012,.T.);
#756=FACE_OUTER_BOUND('',#1013,.T.);
#757=FACE_OUTER_BOUND('',#1014,.T.);
#758=FACE_OUTER_BOUND('',#1015,.T.);
#759=FACE_OUTER_BOUND('',#1016,.T.);
#760=FACE_OUTER_BOUND('',#1017,.T.);
#761=FACE_OUTER_BOUND('',#1018,.T.);
#762=FACE_OUTER_BOUND('',#1019,.T.);
#763=FACE_OUTER_BOUND('',#1020,.T.);
#764=FACE_OUTER_BOUND('',#1021,.T.);
#765=FACE_OUTER_BOUND('',#1022,.T.);
#766=FACE_OUTER_BOUND('',#1023,.T.);
#767=FACE_OUTER_BOUND('',#1024,.T.);
#768=FACE_OUTER_BOUND('',#1025,.T.);
#769=FACE_OUTER_BOUND('',#1026,.T.);
#770=FACE_OUTER_BOUND('',#1027,.T.);
#771=FACE_OUTER_BOUND('',#1028,.T.);
#772=FACE_OUTER_BOUND('',#1029,.T.);
#773=FACE_OUTER_BOUND('',#1030,.T.);
#774=FACE_OUTER_BOUND('',#1031,.T.);
#775=FACE_OUTER_BOUND('',#1032,.T.);
#776=FACE_OUTER_BOUND('',#1033,.T.);
#777=FACE_OUTER_BOUND('',#1034,.T.);
#778=FACE_OUTER_BOUND('',#1035,.T.);
#779=FACE_OUTER_BOUND('',#1036,.T.);
#780=FACE_OUTER_BOUND('',#1037,.T.);
#781=FACE_OUTER_BOUND('',#1038,.T.);
#782=FACE_OUTER_BOUND('',#1039,.T.);
#783=FACE_OUTER_BOUND('',#1040,.T.);
#784=FACE_OUTER_BOUND('',#1041,.T.);
#785=FACE_OUTER_BOUND('',#1042,.T.);
#786=FACE_OUTER_BOUND('',#1043,.T.);
#787=FACE_OUTER_BOUND('',#1044,.T.);
#788=FACE_OUTER_BOUND('',#1045,.T.);
#789=FACE_OUTER_BOUND('',#1046,.T.);
#790=FACE_OUTER_BOUND('',#1047,.T.);
#791=FACE_OUTER_BOUND('',#1048,.T.);
#792=FACE_OUTER_BOUND('',#1049,.T.);
#793=FACE_OUTER_BOUND('',#1050,.T.);
#794=FACE_OUTER_BOUND('',#1051,.T.);
#795=FACE_OUTER_BOUND('',#1052,.T.);
#796=FACE_OUTER_BOUND('',#1053,.T.);
#797=FACE_OUTER_BOUND('',#1054,.T.);
#798=FACE_OUTER_BOUND('',#1055,.T.);
#799=FACE_OUTER_BOUND('',#1056,.T.);
#800=FACE_OUTER_BOUND('',#1057,.T.);
#801=FACE_OUTER_BOUND('',#1058,.T.);
#802=FACE_OUTER_BOUND('',#1059,.T.);
#803=FACE_OUTER_BOUND('',#1060,.T.);
#804=FACE_OUTER_BOUND('',#1061,.T.);
#805=FACE_OUTER_BOUND('',#1062,.T.);
#806=FACE_OUTER_BOUND('',#1063,.T.);
#807=FACE_OUTER_BOUND('',#1064,.T.);
#808=FACE_OUTER_BOUND('',#1065,.T.);
#809=FACE_OUTER_BOUND('',#1066,.T.);
#810=FACE_OUTER_BOUND('',#1067,.T.);
#811=FACE_OUTER_BOUND('',#1068,.T.);
#812=FACE_OUTER_BOUND('',#1069,.T.);
#813=FACE_OUTER_BOUND('',#1070,.T.);
#814=FACE_OUTER_BOUND('',#1071,.T.);
#815=FACE_OUTER_BOUND('',#1072,.T.);
#816=FACE_OUTER_BOUND('',#1073,.T.);
#817=FACE_OUTER_BOUND('',#1074,.T.);
#818=FACE_OUTER_BOUND('',#1075,.T.);
#819=FACE_OUTER_BOUND('',#1076,.T.);
#820=FACE_OUTER_BOUND('',#1077,.T.);
#821=FACE_OUTER_BOUND('',#1078,.T.);
#822=FACE_OUTER_BOUND('',#1079,.T.);
#823=FACE_OUTER_BOUND('',#1080,.T.);
#824=FACE_OUTER_BOUND('',#1081,.T.);
#825=FACE_OUTER_BOUND('',#1082,.T.);
#826=FACE_OUTER_BOUND('',#1083,.T.);
#827=FACE_OUTER_BOUND('',#1084,.T.);
#828=FACE_OUTER_BOUND('',#1085,.T.);
#829=FACE_OUTER_BOUND('',#1086,.T.);
#830=FACE_OUTER_BOUND('',#1087,.T.);
#831=FACE_OUTER_BOUND('',#1088,.T.);
#832=FACE_OUTER_BOUND('',#1089,.T.);
#833=FACE_OUTER_BOUND('',#1090,.T.);
#834=FACE_OUTER_BOUND('',#1091,.T.);
#835=EDGE_LOOP('',(#1092,#1093,#1094,#1095));
#836=EDGE_LOOP('',(#1096,#1097,#1098,#1099,#1100,#1101,#1102,#1103,#1104,
#1105));
#837=EDGE_LOOP('',(#1106,#1107,#1108,#1109,#1110,#1111,#1112,#1113,#1114,
#1115));
#838=EDGE_LOOP('',(#1116,#1117,#1118,#1119));
#839=EDGE_LOOP('',(#1120,#1121,#1122,#1123));
#840=EDGE_LOOP('',(#1124,#1125,#1126,#1127,#1128,#1129,#1130,#1131,#1132,
#1133));
#841=EDGE_LOOP('',(#1134,#1135,#1136,#1137,#1138,#1139,#1140,#1141,#1142,
#1143));
#842=EDGE_LOOP('',(#1144,#1145,#1146,#1147));
#843=EDGE_LOOP('',(#1148,#1149,#1150,#1151));
#844=EDGE_LOOP('',(#1152,#1153,#1154,#1155,#1156,#1157,#1158,#1159,#1160,
#1161));
#845=EDGE_LOOP('',(#1162,#1163,#1164,#1165,#1166,#1167,#1168,#1169,#1170,
#1171));
#846=EDGE_LOOP('',(#1172,#1173,#1174,#1175));
#847=EDGE_LOOP('',(#1176,#1177,#1178,#1179));
#848=EDGE_LOOP('',(#1180,#1181,#1182,#1183,#1184,#1185,#1186,#1187,#1188,
#1189));
#849=EDGE_LOOP('',(#1190,#1191,#1192,#1193,#1194,#1195,#1196,#1197,#1198,
#1199));
#850=EDGE_LOOP('',(#1200,#1201,#1202,#1203));
#851=EDGE_LOOP('',(#1204,#1205,#1206,#1207));
#852=EDGE_LOOP('',(#1208,#1209,#1210,#1211));
#853=EDGE_LOOP('',(#1212,#1213,#1214,#1215));
#854=EDGE_LOOP('',(#1216,#1217,#1218,#1219));
#855=EDGE_LOOP('',(#1220,#1221,#1222,#1223,#1224,#1225,#1226,#1227));
#856=EDGE_LOOP('',(#1228,#1229,#1230,#1231));
#857=EDGE_LOOP('',(#1232,#1233,#1234,#1235));
#858=EDGE_LOOP('',(#1236,#1237,#1238,#1239));
#859=EDGE_LOOP('',(#1240,#1241,#1242,#1243));
#860=EDGE_LOOP('',(#1244,#1245,#1246,#1247));
#861=EDGE_LOOP('',(#1248,#1249,#1250,#1251,#1252,#1253,#1254,#1255,#1256,
#1257));
#862=EDGE_LOOP('',(#1258,#1259,#1260,#1261,#1262,#1263,#1264,#1265,#1266,
#1267));
#863=EDGE_LOOP('',(#1268,#1269,#1270,#1271));
#864=EDGE_LOOP('',(#1272,#1273,#1274,#1275,#1276));
#865=EDGE_LOOP('',(#1277,#1278,#1279,#1280));
#866=EDGE_LOOP('',(#1281,#1282,#1283,#1284));
#867=EDGE_LOOP('',(#1285,#1286,#1287,#1288,#1289,#1290,#1291,#1292,#1293,
#1294));
#868=EDGE_LOOP('',(#1295,#1296,#1297,#1298,#1299,#1300,#1301,#1302,#1303,
#1304));
#869=EDGE_LOOP('',(#1305,#1306,#1307,#1308));
#870=EDGE_LOOP('',(#1309,#1310,#1311,#1312,#1313));
#871=EDGE_LOOP('',(#1314,#1315,#1316,#1317));
#872=EDGE_LOOP('',(#1318,#1319,#1320));
#873=EDGE_LOOP('',(#1321,#1322,#1323));
#874=EDGE_LOOP('',(#1324,#1325,#1326,#1327,#1328));
#875=EDGE_LOOP('',(#1329,#1330,#1331,#1332,#1333,#1334,#1335,#1336,#1337,
#1338));
#876=EDGE_LOOP('',(#1339,#1340,#1341,#1342,#1343));
#877=EDGE_LOOP('',(#1344,#1345,#1346,#1347));
#878=EDGE_LOOP('',(#1348,#1349,#1350,#1351));
#879=EDGE_LOOP('',(#1352,#1353,#1354,#1355,#1356,#1357,#1358,#1359,#1360,
#1361,#1362,#1363));
#880=EDGE_LOOP('',(#1364,#1365,#1366,#1367));
#881=EDGE_LOOP('',(#1368,#1369,#1370,#1371));
#882=EDGE_LOOP('',(#1372,#1373,#1374,#1375,#1376));
#883=EDGE_LOOP('',(#1377,#1378,#1379,#1380,#1381));
#884=EDGE_LOOP('',(#1382,#1383,#1384,#1385,#1386));
#885=EDGE_LOOP('',(#1387,#1388,#1389,#1390,#1391));
#886=EDGE_LOOP('',(#1392,#1393,#1394,#1395));
#887=EDGE_LOOP('',(#1396,#1397,#1398,#1399,#1400));
#888=EDGE_LOOP('',(#1401,#1402,#1403,#1404,#1405,#1406,#1407,#1408));
#889=EDGE_LOOP('',(#1409,#1410,#1411,#1412,#1413,#1414));
#890=EDGE_LOOP('',(#1415,#1416,#1417,#1418));
#891=EDGE_LOOP('',(#1419,#1420,#1421,#1422,#1423,#1424,#1425,#1426,#1427,
#1428));
#892=EDGE_LOOP('',(#1429,#1430,#1431,#1432));
#893=EDGE_LOOP('',(#1433,#1434,#1435,#1436));
#894=EDGE_LOOP('',(#1437,#1438,#1439,#1440));
#895=EDGE_LOOP('',(#1441,#1442,#1443,#1444));
#896=EDGE_LOOP('',(#1445,#1446,#1447,#1448));
#897=EDGE_LOOP('',(#1449,#1450,#1451,#1452,#1453));
#898=EDGE_LOOP('',(#1454,#1455,#1456,#1457,#1458));
#899=EDGE_LOOP('',(#1459,#1460,#1461,#1462));
#900=EDGE_LOOP('',(#1463,#1464,#1465,#1466));
#901=EDGE_LOOP('',(#1467,#1468,#1469));
#902=EDGE_LOOP('',(#1470,#1471,#1472));
#903=EDGE_LOOP('',(#1473,#1474,#1475,#1476));
#904=EDGE_LOOP('',(#1477,#1478,#1479,#1480));
#905=EDGE_LOOP('',(#1481,#1482,#1483));
#906=EDGE_LOOP('',(#1484,#1485,#1486));
#907=EDGE_LOOP('',(#1487,#1488,#1489,#1490));
#908=EDGE_LOOP('',(#1491,#1492,#1493,#1494));
#909=EDGE_LOOP('',(#1495,#1496,#1497,#1498));
#910=EDGE_LOOP('',(#1499,#1500,#1501,#1502,#1503,#1504,#1505));
#911=EDGE_LOOP('',(#1506,#1507,#1508,#1509));
#912=EDGE_LOOP('',(#1510,#1511,#1512,#1513));
#913=EDGE_LOOP('',(#1514,#1515,#1516,#1517));
#914=EDGE_LOOP('',(#1518,#1519,#1520,#1521,#1522,#1523,#1524));
#915=EDGE_LOOP('',(#1525,#1526,#1527,#1528));
#916=EDGE_LOOP('',(#1529,#1530,#1531,#1532));
#917=EDGE_LOOP('',(#1533,#1534,#1535,#1536));
#918=EDGE_LOOP('',(#1537,#1538,#1539,#1540));
#919=EDGE_LOOP('',(#1541,#1542,#1543,#1544));
#920=EDGE_LOOP('',(#1545,#1546,#1547,#1548));
#921=EDGE_LOOP('',(#1549,#1550,#1551,#1552));
#922=EDGE_LOOP('',(#1553,#1554,#1555,#1556));
#923=EDGE_LOOP('',(#1557,#1558,#1559,#1560,#1561));
#924=EDGE_LOOP('',(#1562,#1563,#1564,#1565));
#925=EDGE_LOOP('',(#1566,#1567,#1568,#1569));
#926=EDGE_LOOP('',(#1570,#1571,#1572,#1573));
#927=EDGE_LOOP('',(#1574,#1575,#1576,#1577));
#928=EDGE_LOOP('',(#1578,#1579,#1580,#1581));
#929=EDGE_LOOP('',(#1582,#1583,#1584,#1585));
#930=EDGE_LOOP('',(#1586,#1587,#1588,#1589));
#931=EDGE_LOOP('',(#1590,#1591,#1592,#1593));
#932=EDGE_LOOP('',(#1594,#1595,#1596,#1597));
#933=EDGE_LOOP('',(#1598,#1599,#1600,#1601));
#934=EDGE_LOOP('',(#1602,#1603,#1604,#1605,#1606));
#935=EDGE_LOOP('',(#1607,#1608,#1609,#1610));
#936=EDGE_LOOP('',(#1611,#1612,#1613,#1614));
#937=EDGE_LOOP('',(#1615,#1616,#1617,#1618));
#938=EDGE_LOOP('',(#1619,#1620,#1621,#1622));
#939=EDGE_LOOP('',(#1623,#1624,#1625,#1626));
#940=EDGE_LOOP('',(#1627,#1628,#1629,#1630));
#941=EDGE_LOOP('',(#1631,#1632,#1633,#1634));
#942=EDGE_LOOP('',(#1635,#1636,#1637,#1638));
#943=EDGE_LOOP('',(#1639,#1640,#1641,#1642));
#944=EDGE_LOOP('',(#1643,#1644,#1645,#1646));
#945=EDGE_LOOP('',(#1647,#1648,#1649,#1650));
#946=EDGE_LOOP('',(#1651,#1652,#1653,#1654,#1655));
#947=EDGE_LOOP('',(#1656,#1657,#1658,#1659));
#948=EDGE_LOOP('',(#1660,#1661,#1662,#1663));
#949=EDGE_LOOP('',(#1664,#1665,#1666,#1667));
#950=EDGE_LOOP('',(#1668,#1669,#1670,#1671));
#951=EDGE_LOOP('',(#1672,#1673,#1674,#1675));
#952=EDGE_LOOP('',(#1676,#1677,#1678,#1679));
#953=EDGE_LOOP('',(#1680,#1681,#1682,#1683));
#954=EDGE_LOOP('',(#1684,#1685,#1686,#1687));
#955=EDGE_LOOP('',(#1688,#1689,#1690,#1691));
#956=EDGE_LOOP('',(#1692,#1693,#1694,#1695));
#957=EDGE_LOOP('',(#1696,#1697,#1698,#1699));
#958=EDGE_LOOP('',(#1700,#1701,#1702,#1703));
#959=EDGE_LOOP('',(#1704,#1705,#1706,#1707));
#960=EDGE_LOOP('',(#1708,#1709,#1710,#1711));
#961=EDGE_LOOP('',(#1712,#1713,#1714,#1715));
#962=EDGE_LOOP('',(#1716,#1717,#1718,#1719));
#963=EDGE_LOOP('',(#1720,#1721,#1722));
#964=EDGE_LOOP('',(#1723,#1724,#1725));
#965=EDGE_LOOP('',(#1726,#1727,#1728,#1729));
#966=EDGE_LOOP('',(#1730,#1731,#1732));
#967=EDGE_LOOP('',(#1733,#1734,#1735));
#968=EDGE_LOOP('',(#1736,#1737,#1738,#1739));
#969=EDGE_LOOP('',(#1740,#1741,#1742,#1743));
#970=EDGE_LOOP('',(#1744,#1745,#1746));
#971=EDGE_LOOP('',(#1747,#1748,#1749));
#972=EDGE_LOOP('',(#1750,#1751,#1752,#1753));
#973=EDGE_LOOP('',(#1754,#1755,#1756,#1757));
#974=EDGE_LOOP('',(#1758,#1759,#1760,#1761));
#975=EDGE_LOOP('',(#1762,#1763,#1764,#1765));
#976=EDGE_LOOP('',(#1766,#1767,#1768,#1769));
#977=EDGE_LOOP('',(#1770,#1771,#1772,#1773));
#978=EDGE_LOOP('',(#1774,#1775,#1776,#1777));
#979=EDGE_LOOP('',(#1778,#1779,#1780,#1781));
#980=EDGE_LOOP('',(#1782,#1783,#1784,#1785));
#981=EDGE_LOOP('',(#1786,#1787,#1788,#1789));
#982=EDGE_LOOP('',(#1790,#1791,#1792,#1793));
#983=EDGE_LOOP('',(#1794,#1795,#1796,#1797));
#984=EDGE_LOOP('',(#1798,#1799,#1800,#1801));
#985=EDGE_LOOP('',(#1802,#1803,#1804,#1805));
#986=EDGE_LOOP('',(#1806,#1807,#1808,#1809));
#987=EDGE_LOOP('',(#1810,#1811,#1812,#1813));
#988=EDGE_LOOP('',(#1814,#1815,#1816,#1817));
#989=EDGE_LOOP('',(#1818,#1819,#1820,#1821));
#990=EDGE_LOOP('',(#1822,#1823,#1824,#1825));
#991=EDGE_LOOP('',(#1826,#1827,#1828,#1829));
#992=EDGE_LOOP('',(#1830,#1831,#1832,#1833));
#993=EDGE_LOOP('',(#1834,#1835,#1836,#1837));
#994=EDGE_LOOP('',(#1838,#1839,#1840,#1841));
#995=EDGE_LOOP('',(#1842,#1843,#1844,#1845));
#996=EDGE_LOOP('',(#1846,#1847,#1848,#1849));
#997=EDGE_LOOP('',(#1850,#1851,#1852,#1853));
#998=EDGE_LOOP('',(#1854,#1855,#1856,#1857));
#999=EDGE_LOOP('',(#1858,#1859,#1860,#1861));
#1000=EDGE_LOOP('',(#1862,#1863,#1864,#1865));
#1001=EDGE_LOOP('',(#1866,#1867,#1868,#1869));
#1002=EDGE_LOOP('',(#1870,#1871,#1872,#1873));
#1003=EDGE_LOOP('',(#1874,#1875,#1876,#1877));
#1004=EDGE_LOOP('',(#1878,#1879,#1880,#1881));
#1005=EDGE_LOOP('',(#1882,#1883,#1884,#1885));
#1006=EDGE_LOOP('',(#1886,#1887,#1888,#1889));
#1007=EDGE_LOOP('',(#1890,#1891,#1892,#1893));
#1008=EDGE_LOOP('',(#1894,#1895,#1896,#1897));
#1009=EDGE_LOOP('',(#1898,#1899,#1900,#1901));
#1010=EDGE_LOOP('',(#1902,#1903,#1904,#1905));
#1011=EDGE_LOOP('',(#1906,#1907,#1908,#1909));
#1012=EDGE_LOOP('',(#1910,#1911,#1912,#1913));
#1013=EDGE_LOOP('',(#1914,#1915,#1916,#1917));
#1014=EDGE_LOOP('',(#1918,#1919,#1920,#1921));
#1015=EDGE_LOOP('',(#1922,#1923,#1924,#1925));
#1016=EDGE_LOOP('',(#1926,#1927,#1928,#1929));
#1017=EDGE_LOOP('',(#1930,#1931,#1932,#1933));
#1018=EDGE_LOOP('',(#1934,#1935,#1936,#1937));
#1019=EDGE_LOOP('',(#1938,#1939,#1940,#1941));
#1020=EDGE_LOOP('',(#1942,#1943,#1944,#1945));
#1021=EDGE_LOOP('',(#1946,#1947,#1948,#1949));
#1022=EDGE_LOOP('',(#1950,#1951,#1952,#1953));
#1023=EDGE_LOOP('',(#1954,#1955,#1956,#1957));
#1024=EDGE_LOOP('',(#1958,#1959,#1960,#1961));
#1025=EDGE_LOOP('',(#1962,#1963,#1964,#1965));
#1026=EDGE_LOOP('',(#1966,#1967,#1968,#1969));
#1027=EDGE_LOOP('',(#1970,#1971,#1972,#1973));
#1028=EDGE_LOOP('',(#1974,#1975,#1976,#1977));
#1029=EDGE_LOOP('',(#1978,#1979,#1980,#1981));
#1030=EDGE_LOOP('',(#1982,#1983,#1984,#1985));
#1031=EDGE_LOOP('',(#1986,#1987,#1988,#1989));
#1032=EDGE_LOOP('',(#1990,#1991,#1992,#1993));
#1033=EDGE_LOOP('',(#1994,#1995,#1996,#1997));
#1034=EDGE_LOOP('',(#1998,#1999,#2000,#2001));
#1035=EDGE_LOOP('',(#2002,#2003,#2004,#2005));
#1036=EDGE_LOOP('',(#2006,#2007,#2008,#2009));
#1037=EDGE_LOOP('',(#2010,#2011,#2012,#2013));
#1038=EDGE_LOOP('',(#2014,#2015,#2016,#2017));
#1039=EDGE_LOOP('',(#2018,#2019,#2020,#2021));
#1040=EDGE_LOOP('',(#2022,#2023,#2024,#2025));
#1041=EDGE_LOOP('',(#2026,#2027,#2028,#2029));
#1042=EDGE_LOOP('',(#2030,#2031,#2032,#2033));
#1043=EDGE_LOOP('',(#2034,#2035,#2036,#2037));
#1044=EDGE_LOOP('',(#2038,#2039,#2040,#2041));
#1045=EDGE_LOOP('',(#2042,#2043,#2044,#2045));
#1046=EDGE_LOOP('',(#2046,#2047,#2048,#2049));
#1047=EDGE_LOOP('',(#2050,#2051,#2052,#2053));
#1048=EDGE_LOOP('',(#2054,#2055,#2056,#2057));
#1049=EDGE_LOOP('',(#2058,#2059,#2060,#2061));
#1050=EDGE_LOOP('',(#2062,#2063,#2064,#2065));
#1051=EDGE_LOOP('',(#2066,#2067,#2068,#2069));
#1052=EDGE_LOOP('',(#2070,#2071,#2072,#2073));
#1053=EDGE_LOOP('',(#2074,#2075,#2076,#2077));
#1054=EDGE_LOOP('',(#2078,#2079,#2080,#2081));
#1055=EDGE_LOOP('',(#2082,#2083,#2084,#2085));
#1056=EDGE_LOOP('',(#2086,#2087,#2088,#2089));
#1057=EDGE_LOOP('',(#2090,#2091,#2092,#2093));
#1058=EDGE_LOOP('',(#2094,#2095,#2096,#2097));
#1059=EDGE_LOOP('',(#2098,#2099,#2100,#2101));
#1060=EDGE_LOOP('',(#2102,#2103,#2104,#2105));
#1061=EDGE_LOOP('',(#2106,#2107,#2108,#2109));
#1062=EDGE_LOOP('',(#2110,#2111,#2112,#2113));
#1063=EDGE_LOOP('',(#2114,#2115,#2116,#2117));
#1064=EDGE_LOOP('',(#2118,#2119,#2120,#2121));
#1065=EDGE_LOOP('',(#2122,#2123,#2124,#2125));
#1066=EDGE_LOOP('',(#2126,#2127,#2128,#2129));
#1067=EDGE_LOOP('',(#2130,#2131,#2132,#2133));
#1068=EDGE_LOOP('',(#2134,#2135,#2136,#2137));
#1069=EDGE_LOOP('',(#2138,#2139,#2140,#2141));
#1070=EDGE_LOOP('',(#2142,#2143,#2144,#2145));
#1071=EDGE_LOOP('',(#2146,#2147,#2148,#2149));
#1072=EDGE_LOOP('',(#2150,#2151,#2152,#2153));
#1073=EDGE_LOOP('',(#2154,#2155,#2156,#2157));
#1074=EDGE_LOOP('',(#2158,#2159,#2160,#2161));
#1075=EDGE_LOOP('',(#2162,#2163,#2164,#2165));
#1076=EDGE_LOOP('',(#2166,#2167,#2168,#2169));
#1077=EDGE_LOOP('',(#2170,#2171,#2172,#2173));
#1078=EDGE_LOOP('',(#2174,#2175,#2176,#2177));
#1079=EDGE_LOOP('',(#2178,#2179,#2180,#2181));
#1080=EDGE_LOOP('',(#2182,#2183,#2184,#2185));
#1081=EDGE_LOOP('',(#2186,#2187,#2188,#2189));
#1082=EDGE_LOOP('',(#2190,#2191,#2192,#2193));
#1083=EDGE_LOOP('',(#2194,#2195,#2196,#2197));
#1084=EDGE_LOOP('',(#2198,#2199,#2200,#2201));
#1085=EDGE_LOOP('',(#2202,#2203,#2204,#2205));
#1086=EDGE_LOOP('',(#2206,#2207,#2208,#2209));
#1087=EDGE_LOOP('',(#2210,#2211,#2212,#2213));
#1088=EDGE_LOOP('',(#2214,#2215,#2216,#2217));
#1089=EDGE_LOOP('',(#2218,#2219,#2220,#2221));
#1090=EDGE_LOOP('',(#2222,#2223,#2224,#2225));
#1091=EDGE_LOOP('',(#2226,#2227,#2228,#2229));
#1092=ORIENTED_EDGE('',*,*,#2586,.F.);
#1093=ORIENTED_EDGE('',*,*,#2587,.T.);
#1094=ORIENTED_EDGE('',*,*,#2588,.T.);
#1095=ORIENTED_EDGE('',*,*,#2589,.F.);
#1096=ORIENTED_EDGE('',*,*,#2590,.T.);
#1097=ORIENTED_EDGE('',*,*,#2591,.T.);
#1098=ORIENTED_EDGE('',*,*,#2592,.T.);
#1099=ORIENTED_EDGE('',*,*,#2593,.T.);
#1100=ORIENTED_EDGE('',*,*,#2594,.T.);
#1101=ORIENTED_EDGE('',*,*,#2595,.T.);
#1102=ORIENTED_EDGE('',*,*,#2596,.F.);
#1103=ORIENTED_EDGE('',*,*,#2597,.T.);
#1104=ORIENTED_EDGE('',*,*,#2598,.T.);
#1105=ORIENTED_EDGE('',*,*,#2599,.T.);
#1106=ORIENTED_EDGE('',*,*,#2600,.F.);
#1107=ORIENTED_EDGE('',*,*,#2601,.F.);
#1108=ORIENTED_EDGE('',*,*,#2602,.F.);
#1109=ORIENTED_EDGE('',*,*,#2603,.F.);
#1110=ORIENTED_EDGE('',*,*,#2604,.F.);
#1111=ORIENTED_EDGE('',*,*,#2605,.T.);
#1112=ORIENTED_EDGE('',*,*,#2606,.F.);
#1113=ORIENTED_EDGE('',*,*,#2607,.F.);
#1114=ORIENTED_EDGE('',*,*,#2608,.F.);
#1115=ORIENTED_EDGE('',*,*,#2609,.F.);
#1116=ORIENTED_EDGE('',*,*,#2610,.T.);
#1117=ORIENTED_EDGE('',*,*,#2611,.T.);
#1118=ORIENTED_EDGE('',*,*,#2612,.F.);
#1119=ORIENTED_EDGE('',*,*,#2613,.F.);
#1120=ORIENTED_EDGE('',*,*,#2614,.F.);
#1121=ORIENTED_EDGE('',*,*,#2615,.T.);
#1122=ORIENTED_EDGE('',*,*,#2616,.T.);
#1123=ORIENTED_EDGE('',*,*,#2617,.F.);
#1124=ORIENTED_EDGE('',*,*,#2618,.T.);
#1125=ORIENTED_EDGE('',*,*,#2619,.T.);
#1126=ORIENTED_EDGE('',*,*,#2620,.T.);
#1127=ORIENTED_EDGE('',*,*,#2621,.T.);
#1128=ORIENTED_EDGE('',*,*,#2622,.T.);
#1129=ORIENTED_EDGE('',*,*,#2623,.T.);
#1130=ORIENTED_EDGE('',*,*,#2624,.F.);
#1131=ORIENTED_EDGE('',*,*,#2625,.T.);
#1132=ORIENTED_EDGE('',*,*,#2626,.T.);
#1133=ORIENTED_EDGE('',*,*,#2627,.T.);
#1134=ORIENTED_EDGE('',*,*,#2628,.F.);
#1135=ORIENTED_EDGE('',*,*,#2629,.F.);
#1136=ORIENTED_EDGE('',*,*,#2630,.F.);
#1137=ORIENTED_EDGE('',*,*,#2631,.F.);
#1138=ORIENTED_EDGE('',*,*,#2632,.F.);
#1139=ORIENTED_EDGE('',*,*,#2633,.T.);
#1140=ORIENTED_EDGE('',*,*,#2634,.F.);
#1141=ORIENTED_EDGE('',*,*,#2635,.F.);
#1142=ORIENTED_EDGE('',*,*,#2636,.F.);
#1143=ORIENTED_EDGE('',*,*,#2637,.F.);
#1144=ORIENTED_EDGE('',*,*,#2638,.T.);
#1145=ORIENTED_EDGE('',*,*,#2639,.T.);
#1146=ORIENTED_EDGE('',*,*,#2640,.F.);
#1147=ORIENTED_EDGE('',*,*,#2641,.F.);
#1148=ORIENTED_EDGE('',*,*,#2642,.F.);
#1149=ORIENTED_EDGE('',*,*,#2643,.T.);
#1150=ORIENTED_EDGE('',*,*,#2644,.T.);
#1151=ORIENTED_EDGE('',*,*,#2645,.F.);
#1152=ORIENTED_EDGE('',*,*,#2646,.T.);
#1153=ORIENTED_EDGE('',*,*,#2647,.T.);
#1154=ORIENTED_EDGE('',*,*,#2648,.T.);
#1155=ORIENTED_EDGE('',*,*,#2649,.T.);
#1156=ORIENTED_EDGE('',*,*,#2650,.T.);
#1157=ORIENTED_EDGE('',*,*,#2651,.T.);
#1158=ORIENTED_EDGE('',*,*,#2652,.F.);
#1159=ORIENTED_EDGE('',*,*,#2653,.T.);
#1160=ORIENTED_EDGE('',*,*,#2654,.T.);
#1161=ORIENTED_EDGE('',*,*,#2655,.T.);
#1162=ORIENTED_EDGE('',*,*,#2656,.F.);
#1163=ORIENTED_EDGE('',*,*,#2657,.F.);
#1164=ORIENTED_EDGE('',*,*,#2658,.F.);
#1165=ORIENTED_EDGE('',*,*,#2659,.F.);
#1166=ORIENTED_EDGE('',*,*,#2660,.F.);
#1167=ORIENTED_EDGE('',*,*,#2661,.T.);
#1168=ORIENTED_EDGE('',*,*,#2662,.F.);
#1169=ORIENTED_EDGE('',*,*,#2663,.F.);
#1170=ORIENTED_EDGE('',*,*,#2664,.F.);
#1171=ORIENTED_EDGE('',*,*,#2665,.F.);
#1172=ORIENTED_EDGE('',*,*,#2666,.T.);
#1173=ORIENTED_EDGE('',*,*,#2667,.T.);
#1174=ORIENTED_EDGE('',*,*,#2668,.F.);
#1175=ORIENTED_EDGE('',*,*,#2669,.F.);
#1176=ORIENTED_EDGE('',*,*,#2670,.T.);
#1177=ORIENTED_EDGE('',*,*,#2671,.T.);
#1178=ORIENTED_EDGE('',*,*,#2672,.F.);
#1179=ORIENTED_EDGE('',*,*,#2673,.F.);
#1180=ORIENTED_EDGE('',*,*,#2674,.F.);
#1181=ORIENTED_EDGE('',*,*,#2675,.T.);
#1182=ORIENTED_EDGE('',*,*,#2676,.T.);
#1183=ORIENTED_EDGE('',*,*,#2677,.T.);
#1184=ORIENTED_EDGE('',*,*,#2678,.T.);
#1185=ORIENTED_EDGE('',*,*,#2679,.T.);
#1186=ORIENTED_EDGE('',*,*,#2680,.T.);
#1187=ORIENTED_EDGE('',*,*,#2681,.T.);
#1188=ORIENTED_EDGE('',*,*,#2682,.T.);
#1189=ORIENTED_EDGE('',*,*,#2683,.T.);
#1190=ORIENTED_EDGE('',*,*,#2684,.F.);
#1191=ORIENTED_EDGE('',*,*,#2685,.T.);
#1192=ORIENTED_EDGE('',*,*,#2686,.F.);
#1193=ORIENTED_EDGE('',*,*,#2687,.F.);
#1194=ORIENTED_EDGE('',*,*,#2688,.F.);
#1195=ORIENTED_EDGE('',*,*,#2689,.F.);
#1196=ORIENTED_EDGE('',*,*,#2690,.F.);
#1197=ORIENTED_EDGE('',*,*,#2691,.F.);
#1198=ORIENTED_EDGE('',*,*,#2692,.F.);
#1199=ORIENTED_EDGE('',*,*,#2693,.F.);
#1200=ORIENTED_EDGE('',*,*,#2694,.F.);
#1201=ORIENTED_EDGE('',*,*,#2695,.T.);
#1202=ORIENTED_EDGE('',*,*,#2696,.T.);
#1203=ORIENTED_EDGE('',*,*,#2697,.F.);
#1204=ORIENTED_EDGE('',*,*,#2698,.F.);
#1205=ORIENTED_EDGE('',*,*,#2596,.T.);
#1206=ORIENTED_EDGE('',*,*,#2699,.F.);
#1207=ORIENTED_EDGE('',*,*,#2605,.F.);
#1208=ORIENTED_EDGE('',*,*,#2700,.F.);
#1209=ORIENTED_EDGE('',*,*,#2624,.T.);
#1210=ORIENTED_EDGE('',*,*,#2701,.F.);
#1211=ORIENTED_EDGE('',*,*,#2633,.F.);
#1212=ORIENTED_EDGE('',*,*,#2702,.F.);
#1213=ORIENTED_EDGE('',*,*,#2652,.T.);
#1214=ORIENTED_EDGE('',*,*,#2703,.F.);
#1215=ORIENTED_EDGE('',*,*,#2661,.F.);
#1216=ORIENTED_EDGE('',*,*,#2704,.F.);
#1217=ORIENTED_EDGE('',*,*,#2705,.F.);
#1218=ORIENTED_EDGE('',*,*,#2706,.T.);
#1219=ORIENTED_EDGE('',*,*,#2707,.F.);
#1220=ORIENTED_EDGE('',*,*,#2708,.F.);
#1221=ORIENTED_EDGE('',*,*,#2709,.T.);
#1222=ORIENTED_EDGE('',*,*,#2710,.F.);
#1223=ORIENTED_EDGE('',*,*,#2711,.F.);
#1224=ORIENTED_EDGE('',*,*,#2712,.F.);
#1225=ORIENTED_EDGE('',*,*,#2713,.F.);
#1226=ORIENTED_EDGE('',*,*,#2714,.T.);
#1227=ORIENTED_EDGE('',*,*,#2715,.F.);
#1228=ORIENTED_EDGE('',*,*,#2716,.F.);
#1229=ORIENTED_EDGE('',*,*,#2717,.F.);
#1230=ORIENTED_EDGE('',*,*,#2718,.T.);
#1231=ORIENTED_EDGE('',*,*,#2719,.F.);
#1232=ORIENTED_EDGE('',*,*,#2679,.F.);
#1233=ORIENTED_EDGE('',*,*,#2720,.F.);
#1234=ORIENTED_EDGE('',*,*,#2690,.T.);
#1235=ORIENTED_EDGE('',*,*,#2721,.F.);
#1236=ORIENTED_EDGE('',*,*,#2722,.F.);
#1237=ORIENTED_EDGE('',*,*,#2723,.F.);
#1238=ORIENTED_EDGE('',*,*,#2724,.F.);
#1239=ORIENTED_EDGE('',*,*,#2725,.F.);
#1240=ORIENTED_EDGE('',*,*,#2726,.T.);
#1241=ORIENTED_EDGE('',*,*,#2727,.T.);
#1242=ORIENTED_EDGE('',*,*,#2728,.T.);
#1243=ORIENTED_EDGE('',*,*,#2729,.F.);
#1244=ORIENTED_EDGE('',*,*,#2730,.T.);
#1245=ORIENTED_EDGE('',*,*,#2731,.T.);
#1246=ORIENTED_EDGE('',*,*,#2732,.F.);
#1247=ORIENTED_EDGE('',*,*,#2733,.F.);
#1248=ORIENTED_EDGE('',*,*,#2734,.F.);
#1249=ORIENTED_EDGE('',*,*,#2735,.T.);
#1250=ORIENTED_EDGE('',*,*,#2736,.T.);
#1251=ORIENTED_EDGE('',*,*,#2737,.T.);
#1252=ORIENTED_EDGE('',*,*,#2738,.T.);
#1253=ORIENTED_EDGE('',*,*,#2704,.T.);
#1254=ORIENTED_EDGE('',*,*,#2739,.T.);
#1255=ORIENTED_EDGE('',*,*,#2740,.T.);
#1256=ORIENTED_EDGE('',*,*,#2741,.T.);
#1257=ORIENTED_EDGE('',*,*,#2742,.T.);
#1258=ORIENTED_EDGE('',*,*,#2743,.F.);
#1259=ORIENTED_EDGE('',*,*,#2744,.T.);
#1260=ORIENTED_EDGE('',*,*,#2745,.F.);
#1261=ORIENTED_EDGE('',*,*,#2746,.F.);
#1262=ORIENTED_EDGE('',*,*,#2747,.F.);
#1263=ORIENTED_EDGE('',*,*,#2748,.F.);
#1264=ORIENTED_EDGE('',*,*,#2706,.F.);
#1265=ORIENTED_EDGE('',*,*,#2749,.F.);
#1266=ORIENTED_EDGE('',*,*,#2750,.F.);
#1267=ORIENTED_EDGE('',*,*,#2751,.F.);
#1268=ORIENTED_EDGE('',*,*,#2752,.F.);
#1269=ORIENTED_EDGE('',*,*,#2753,.T.);
#1270=ORIENTED_EDGE('',*,*,#2754,.T.);
#1271=ORIENTED_EDGE('',*,*,#2755,.F.);
#1272=ORIENTED_EDGE('',*,*,#2756,.F.);
#1273=ORIENTED_EDGE('',*,*,#2757,.F.);
#1274=ORIENTED_EDGE('',*,*,#2758,.F.);
#1275=ORIENTED_EDGE('',*,*,#2759,.F.);
#1276=ORIENTED_EDGE('',*,*,#2760,.F.);
#1277=ORIENTED_EDGE('',*,*,#2761,.T.);
#1278=ORIENTED_EDGE('',*,*,#2762,.T.);
#1279=ORIENTED_EDGE('',*,*,#2763,.T.);
#1280=ORIENTED_EDGE('',*,*,#2764,.F.);
#1281=ORIENTED_EDGE('',*,*,#2765,.T.);
#1282=ORIENTED_EDGE('',*,*,#2766,.T.);
#1283=ORIENTED_EDGE('',*,*,#2767,.F.);
#1284=ORIENTED_EDGE('',*,*,#2768,.F.);
#1285=ORIENTED_EDGE('',*,*,#2769,.F.);
#1286=ORIENTED_EDGE('',*,*,#2770,.T.);
#1287=ORIENTED_EDGE('',*,*,#2771,.T.);
#1288=ORIENTED_EDGE('',*,*,#2772,.T.);
#1289=ORIENTED_EDGE('',*,*,#2773,.T.);
#1290=ORIENTED_EDGE('',*,*,#2716,.T.);
#1291=ORIENTED_EDGE('',*,*,#2774,.T.);
#1292=ORIENTED_EDGE('',*,*,#2775,.T.);
#1293=ORIENTED_EDGE('',*,*,#2776,.T.);
#1294=ORIENTED_EDGE('',*,*,#2777,.T.);
#1295=ORIENTED_EDGE('',*,*,#2778,.F.);
#1296=ORIENTED_EDGE('',*,*,#2779,.T.);
#1297=ORIENTED_EDGE('',*,*,#2780,.F.);
#1298=ORIENTED_EDGE('',*,*,#2781,.F.);
#1299=ORIENTED_EDGE('',*,*,#2782,.F.);
#1300=ORIENTED_EDGE('',*,*,#2783,.F.);
#1301=ORIENTED_EDGE('',*,*,#2718,.F.);
#1302=ORIENTED_EDGE('',*,*,#2784,.F.);
#1303=ORIENTED_EDGE('',*,*,#2785,.F.);
#1304=ORIENTED_EDGE('',*,*,#2786,.F.);
#1305=ORIENTED_EDGE('',*,*,#2787,.F.);
#1306=ORIENTED_EDGE('',*,*,#2788,.T.);
#1307=ORIENTED_EDGE('',*,*,#2789,.T.);
#1308=ORIENTED_EDGE('',*,*,#2790,.F.);
#1309=ORIENTED_EDGE('',*,*,#2791,.F.);
#1310=ORIENTED_EDGE('',*,*,#2792,.F.);
#1311=ORIENTED_EDGE('',*,*,#2793,.F.);
#1312=ORIENTED_EDGE('',*,*,#2794,.F.);
#1313=ORIENTED_EDGE('',*,*,#2795,.F.);
#1314=ORIENTED_EDGE('',*,*,#2796,.T.);
#1315=ORIENTED_EDGE('',*,*,#2797,.T.);
#1316=ORIENTED_EDGE('',*,*,#2798,.T.);
#1317=ORIENTED_EDGE('',*,*,#2799,.F.);
#1318=ORIENTED_EDGE('',*,*,#2800,.T.);
#1319=ORIENTED_EDGE('',*,*,#2801,.T.);
#1320=ORIENTED_EDGE('',*,*,#2802,.T.);
#1321=ORIENTED_EDGE('',*,*,#2803,.T.);
#1322=ORIENTED_EDGE('',*,*,#2804,.T.);
#1323=ORIENTED_EDGE('',*,*,#2805,.F.);
#1324=ORIENTED_EDGE('',*,*,#2806,.T.);
#1325=ORIENTED_EDGE('',*,*,#2807,.T.);
#1326=ORIENTED_EDGE('',*,*,#2808,.T.);
#1327=ORIENTED_EDGE('',*,*,#2708,.T.);
#1328=ORIENTED_EDGE('',*,*,#2809,.T.);
#1329=ORIENTED_EDGE('',*,*,#2810,.F.);
#1330=ORIENTED_EDGE('',*,*,#2811,.T.);
#1331=ORIENTED_EDGE('',*,*,#2812,.T.);
#1332=ORIENTED_EDGE('',*,*,#2712,.T.);
#1333=ORIENTED_EDGE('',*,*,#2813,.T.);
#1334=ORIENTED_EDGE('',*,*,#2814,.T.);
#1335=ORIENTED_EDGE('',*,*,#2815,.T.);
#1336=ORIENTED_EDGE('',*,*,#2816,.T.);
#1337=ORIENTED_EDGE('',*,*,#2817,.T.);
#1338=ORIENTED_EDGE('',*,*,#2818,.T.);
#1339=ORIENTED_EDGE('',*,*,#2819,.F.);
#1340=ORIENTED_EDGE('',*,*,#2820,.F.);
#1341=ORIENTED_EDGE('',*,*,#2821,.F.);
#1342=ORIENTED_EDGE('',*,*,#2714,.F.);
#1343=ORIENTED_EDGE('',*,*,#2822,.F.);
#1344=ORIENTED_EDGE('',*,*,#2823,.F.);
#1345=ORIENTED_EDGE('',*,*,#2824,.F.);
#1346=ORIENTED_EDGE('',*,*,#2825,.T.);
#1347=ORIENTED_EDGE('',*,*,#2826,.T.);
#1348=ORIENTED_EDGE('',*,*,#2827,.F.);
#1349=ORIENTED_EDGE('',*,*,#2828,.F.);
#1350=ORIENTED_EDGE('',*,*,#2829,.T.);
#1351=ORIENTED_EDGE('',*,*,#2830,.T.);
#1352=ORIENTED_EDGE('',*,*,#2831,.T.);
#1353=ORIENTED_EDGE('',*,*,#2832,.T.);
#1354=ORIENTED_EDGE('',*,*,#2833,.T.);
#1355=ORIENTED_EDGE('',*,*,#2834,.T.);
#1356=ORIENTED_EDGE('',*,*,#2835,.T.);
#1357=ORIENTED_EDGE('',*,*,#2715,.T.);
#1358=ORIENTED_EDGE('',*,*,#2836,.T.);
#1359=ORIENTED_EDGE('',*,*,#2837,.F.);
#1360=ORIENTED_EDGE('',*,*,#2838,.F.);
#1361=ORIENTED_EDGE('',*,*,#2839,.T.);
#1362=ORIENTED_EDGE('',*,*,#2840,.T.);
#1363=ORIENTED_EDGE('',*,*,#2841,.F.);
#1364=ORIENTED_EDGE('',*,*,#2842,.T.);
#1365=ORIENTED_EDGE('',*,*,#2843,.T.);
#1366=ORIENTED_EDGE('',*,*,#2844,.F.);
#1367=ORIENTED_EDGE('',*,*,#2845,.T.);
#1368=ORIENTED_EDGE('',*,*,#2846,.T.);
#1369=ORIENTED_EDGE('',*,*,#2847,.T.);
#1370=ORIENTED_EDGE('',*,*,#2814,.F.);
#1371=ORIENTED_EDGE('',*,*,#2848,.T.);
#1372=ORIENTED_EDGE('',*,*,#2849,.F.);
#1373=ORIENTED_EDGE('',*,*,#2850,.F.);
#1374=ORIENTED_EDGE('',*,*,#2851,.F.);
#1375=ORIENTED_EDGE('',*,*,#2852,.F.);
#1376=ORIENTED_EDGE('',*,*,#2853,.F.);
#1377=ORIENTED_EDGE('',*,*,#2854,.F.);
#1378=ORIENTED_EDGE('',*,*,#2855,.F.);
#1379=ORIENTED_EDGE('',*,*,#2856,.F.);
#1380=ORIENTED_EDGE('',*,*,#2857,.F.);
#1381=ORIENTED_EDGE('',*,*,#2858,.F.);
#1382=ORIENTED_EDGE('',*,*,#2859,.F.);
#1383=ORIENTED_EDGE('',*,*,#2860,.F.);
#1384=ORIENTED_EDGE('',*,*,#2861,.F.);
#1385=ORIENTED_EDGE('',*,*,#2862,.F.);
#1386=ORIENTED_EDGE('',*,*,#2863,.F.);
#1387=ORIENTED_EDGE('',*,*,#2864,.F.);
#1388=ORIENTED_EDGE('',*,*,#2865,.F.);
#1389=ORIENTED_EDGE('',*,*,#2866,.F.);
#1390=ORIENTED_EDGE('',*,*,#2867,.F.);
#1391=ORIENTED_EDGE('',*,*,#2868,.F.);
#1392=ORIENTED_EDGE('',*,*,#2869,.F.);
#1393=ORIENTED_EDGE('',*,*,#2870,.F.);
#1394=ORIENTED_EDGE('',*,*,#2871,.F.);
#1395=ORIENTED_EDGE('',*,*,#2872,.F.);
#1396=ORIENTED_EDGE('',*,*,#2873,.F.);
#1397=ORIENTED_EDGE('',*,*,#2874,.F.);
#1398=ORIENTED_EDGE('',*,*,#2875,.F.);
#1399=ORIENTED_EDGE('',*,*,#2876,.F.);
#1400=ORIENTED_EDGE('',*,*,#2877,.F.);
#1401=ORIENTED_EDGE('',*,*,#2846,.F.);
#1402=ORIENTED_EDGE('',*,*,#2878,.T.);
#1403=ORIENTED_EDGE('',*,*,#2844,.T.);
#1404=ORIENTED_EDGE('',*,*,#2879,.T.);
#1405=ORIENTED_EDGE('',*,*,#2880,.T.);
#1406=ORIENTED_EDGE('',*,*,#2841,.T.);
#1407=ORIENTED_EDGE('',*,*,#2881,.F.);
#1408=ORIENTED_EDGE('',*,*,#2882,.F.);
#1409=ORIENTED_EDGE('',*,*,#2848,.F.);
#1410=ORIENTED_EDGE('',*,*,#2813,.F.);
#1411=ORIENTED_EDGE('',*,*,#2711,.T.);
#1412=ORIENTED_EDGE('',*,*,#2883,.T.);
#1413=ORIENTED_EDGE('',*,*,#2845,.F.);
#1414=ORIENTED_EDGE('',*,*,#2878,.F.);
#1415=ORIENTED_EDGE('',*,*,#2884,.T.);
#1416=ORIENTED_EDGE('',*,*,#2885,.T.);
#1417=ORIENTED_EDGE('',*,*,#2886,.F.);
#1418=ORIENTED_EDGE('',*,*,#2887,.F.);
#1419=ORIENTED_EDGE('',*,*,#2888,.F.);
#1420=ORIENTED_EDGE('',*,*,#2889,.T.);
#1421=ORIENTED_EDGE('',*,*,#2890,.F.);
#1422=ORIENTED_EDGE('',*,*,#2891,.T.);
#1423=ORIENTED_EDGE('',*,*,#2892,.F.);
#1424=ORIENTED_EDGE('',*,*,#2893,.F.);
#1425=ORIENTED_EDGE('',*,*,#2842,.F.);
#1426=ORIENTED_EDGE('',*,*,#2883,.F.);
#1427=ORIENTED_EDGE('',*,*,#2710,.T.);
#1428=ORIENTED_EDGE('',*,*,#2894,.F.);
#1429=ORIENTED_EDGE('',*,*,#2895,.T.);
#1430=ORIENTED_EDGE('',*,*,#2884,.F.);
#1431=ORIENTED_EDGE('',*,*,#2896,.F.);
#1432=ORIENTED_EDGE('',*,*,#2897,.T.);
#1433=ORIENTED_EDGE('',*,*,#2898,.T.);
#1434=ORIENTED_EDGE('',*,*,#2899,.F.);
#1435=ORIENTED_EDGE('',*,*,#2900,.F.);
#1436=ORIENTED_EDGE('',*,*,#2886,.T.);
#1437=ORIENTED_EDGE('',*,*,#2901,.T.);
#1438=ORIENTED_EDGE('',*,*,#2897,.F.);
#1439=ORIENTED_EDGE('',*,*,#2902,.F.);
#1440=ORIENTED_EDGE('',*,*,#2899,.T.);
#1441=ORIENTED_EDGE('',*,*,#2896,.T.);
#1442=ORIENTED_EDGE('',*,*,#2887,.T.);
#1443=ORIENTED_EDGE('',*,*,#2900,.T.);
#1444=ORIENTED_EDGE('',*,*,#2902,.T.);
#1445=ORIENTED_EDGE('',*,*,#2895,.F.);
#1446=ORIENTED_EDGE('',*,*,#2901,.F.);
#1447=ORIENTED_EDGE('',*,*,#2898,.F.);
#1448=ORIENTED_EDGE('',*,*,#2885,.F.);
#1449=ORIENTED_EDGE('',*,*,#2892,.T.);
#1450=ORIENTED_EDGE('',*,*,#2903,.T.);
#1451=ORIENTED_EDGE('',*,*,#2831,.F.);
#1452=ORIENTED_EDGE('',*,*,#2880,.F.);
#1453=ORIENTED_EDGE('',*,*,#2904,.F.);
#1454=ORIENTED_EDGE('',*,*,#2840,.F.);
#1455=ORIENTED_EDGE('',*,*,#2905,.T.);
#1456=ORIENTED_EDGE('',*,*,#2816,.F.);
#1457=ORIENTED_EDGE('',*,*,#2906,.F.);
#1458=ORIENTED_EDGE('',*,*,#2881,.T.);
#1459=ORIENTED_EDGE('',*,*,#2907,.T.);
#1460=ORIENTED_EDGE('',*,*,#2908,.T.);
#1461=ORIENTED_EDGE('',*,*,#2909,.F.);
#1462=ORIENTED_EDGE('',*,*,#2882,.T.);
#1463=ORIENTED_EDGE('',*,*,#2910,.T.);
#1464=ORIENTED_EDGE('',*,*,#2815,.F.);
#1465=ORIENTED_EDGE('',*,*,#2911,.F.);
#1466=ORIENTED_EDGE('',*,*,#2908,.F.);
#1467=ORIENTED_EDGE('',*,*,#2909,.T.);
#1468=ORIENTED_EDGE('',*,*,#2911,.T.);
#1469=ORIENTED_EDGE('',*,*,#2847,.F.);
#1470=ORIENTED_EDGE('',*,*,#2907,.F.);
#1471=ORIENTED_EDGE('',*,*,#2906,.T.);
#1472=ORIENTED_EDGE('',*,*,#2910,.F.);
#1473=ORIENTED_EDGE('',*,*,#2912,.T.);
#1474=ORIENTED_EDGE('',*,*,#2879,.F.);
#1475=ORIENTED_EDGE('',*,*,#2913,.F.);
#1476=ORIENTED_EDGE('',*,*,#2914,.F.);
#1477=ORIENTED_EDGE('',*,*,#2915,.T.);
#1478=ORIENTED_EDGE('',*,*,#2914,.T.);
#1479=ORIENTED_EDGE('',*,*,#2916,.F.);
#1480=ORIENTED_EDGE('',*,*,#2893,.T.);
#1481=ORIENTED_EDGE('',*,*,#2843,.F.);
#1482=ORIENTED_EDGE('',*,*,#2916,.T.);
#1483=ORIENTED_EDGE('',*,*,#2913,.T.);
#1484=ORIENTED_EDGE('',*,*,#2904,.T.);
#1485=ORIENTED_EDGE('',*,*,#2912,.F.);
#1486=ORIENTED_EDGE('',*,*,#2915,.F.);
#1487=ORIENTED_EDGE('',*,*,#2838,.T.);
#1488=ORIENTED_EDGE('',*,*,#2917,.T.);
#1489=ORIENTED_EDGE('',*,*,#2918,.F.);
#1490=ORIENTED_EDGE('',*,*,#2919,.F.);
#1491=ORIENTED_EDGE('',*,*,#2818,.F.);
#1492=ORIENTED_EDGE('',*,*,#2920,.T.);
#1493=ORIENTED_EDGE('',*,*,#2919,.T.);
#1494=ORIENTED_EDGE('',*,*,#2921,.F.);
#1495=ORIENTED_EDGE('',*,*,#2837,.T.);
#1496=ORIENTED_EDGE('',*,*,#2922,.T.);
#1497=ORIENTED_EDGE('',*,*,#2923,.F.);
#1498=ORIENTED_EDGE('',*,*,#2917,.F.);
#1499=ORIENTED_EDGE('',*,*,#2918,.T.);
#1500=ORIENTED_EDGE('',*,*,#2923,.T.);
#1501=ORIENTED_EDGE('',*,*,#2924,.F.);
#1502=ORIENTED_EDGE('',*,*,#2820,.T.);
#1503=ORIENTED_EDGE('',*,*,#2925,.T.);
#1504=ORIENTED_EDGE('',*,*,#2810,.T.);
#1505=ORIENTED_EDGE('',*,*,#2921,.T.);
#1506=ORIENTED_EDGE('',*,*,#2834,.F.);
#1507=ORIENTED_EDGE('',*,*,#2926,.T.);
#1508=ORIENTED_EDGE('',*,*,#2927,.T.);
#1509=ORIENTED_EDGE('',*,*,#2928,.F.);
#1510=ORIENTED_EDGE('',*,*,#2833,.F.);
#1511=ORIENTED_EDGE('',*,*,#2929,.T.);
#1512=ORIENTED_EDGE('',*,*,#2930,.T.);
#1513=ORIENTED_EDGE('',*,*,#2926,.F.);
#1514=ORIENTED_EDGE('',*,*,#2929,.F.);
#1515=ORIENTED_EDGE('',*,*,#2931,.T.);
#1516=ORIENTED_EDGE('',*,*,#2890,.T.);
#1517=ORIENTED_EDGE('',*,*,#2932,.T.);
#1518=ORIENTED_EDGE('',*,*,#2889,.F.);
#1519=ORIENTED_EDGE('',*,*,#2801,.F.);
#1520=ORIENTED_EDGE('',*,*,#2806,.F.);
#1521=ORIENTED_EDGE('',*,*,#2933,.T.);
#1522=ORIENTED_EDGE('',*,*,#2927,.F.);
#1523=ORIENTED_EDGE('',*,*,#2930,.F.);
#1524=ORIENTED_EDGE('',*,*,#2932,.F.);
#1525=ORIENTED_EDGE('',*,*,#2931,.F.);
#1526=ORIENTED_EDGE('',*,*,#2832,.F.);
#1527=ORIENTED_EDGE('',*,*,#2903,.F.);
#1528=ORIENTED_EDGE('',*,*,#2891,.F.);
#1529=ORIENTED_EDGE('',*,*,#2920,.F.);
#1530=ORIENTED_EDGE('',*,*,#2817,.F.);
#1531=ORIENTED_EDGE('',*,*,#2905,.F.);
#1532=ORIENTED_EDGE('',*,*,#2839,.F.);
#1533=ORIENTED_EDGE('',*,*,#2873,.T.);
#1534=ORIENTED_EDGE('',*,*,#2934,.T.);
#1535=ORIENTED_EDGE('',*,*,#2935,.T.);
#1536=ORIENTED_EDGE('',*,*,#2936,.F.);
#1537=ORIENTED_EDGE('',*,*,#2877,.T.);
#1538=ORIENTED_EDGE('',*,*,#2937,.T.);
#1539=ORIENTED_EDGE('',*,*,#2938,.T.);
#1540=ORIENTED_EDGE('',*,*,#2934,.F.);
#1541=ORIENTED_EDGE('',*,*,#2876,.T.);
#1542=ORIENTED_EDGE('',*,*,#2939,.T.);
#1543=ORIENTED_EDGE('',*,*,#2940,.T.);
#1544=ORIENTED_EDGE('',*,*,#2937,.F.);
#1545=ORIENTED_EDGE('',*,*,#2875,.T.);
#1546=ORIENTED_EDGE('',*,*,#2941,.T.);
#1547=ORIENTED_EDGE('',*,*,#2942,.T.);
#1548=ORIENTED_EDGE('',*,*,#2939,.F.);
#1549=ORIENTED_EDGE('',*,*,#2874,.T.);
#1550=ORIENTED_EDGE('',*,*,#2936,.T.);
#1551=ORIENTED_EDGE('',*,*,#2943,.T.);
#1552=ORIENTED_EDGE('',*,*,#2941,.F.);
#1553=ORIENTED_EDGE('',*,*,#2944,.F.);
#1554=ORIENTED_EDGE('',*,*,#2945,.T.);
#1555=ORIENTED_EDGE('',*,*,#2946,.T.);
#1556=ORIENTED_EDGE('',*,*,#2947,.T.);
#1557=ORIENTED_EDGE('',*,*,#2935,.F.);
#1558=ORIENTED_EDGE('',*,*,#2938,.F.);
#1559=ORIENTED_EDGE('',*,*,#2940,.F.);
#1560=ORIENTED_EDGE('',*,*,#2942,.F.);
#1561=ORIENTED_EDGE('',*,*,#2943,.F.);
#1562=ORIENTED_EDGE('',*,*,#2869,.T.);
#1563=ORIENTED_EDGE('',*,*,#2948,.T.);
#1564=ORIENTED_EDGE('',*,*,#2722,.T.);
#1565=ORIENTED_EDGE('',*,*,#2949,.F.);
#1566=ORIENTED_EDGE('',*,*,#2872,.T.);
#1567=ORIENTED_EDGE('',*,*,#2950,.T.);
#1568=ORIENTED_EDGE('',*,*,#2723,.T.);
#1569=ORIENTED_EDGE('',*,*,#2948,.F.);
#1570=ORIENTED_EDGE('',*,*,#2871,.T.);
#1571=ORIENTED_EDGE('',*,*,#2951,.T.);
#1572=ORIENTED_EDGE('',*,*,#2724,.T.);
#1573=ORIENTED_EDGE('',*,*,#2950,.F.);
#1574=ORIENTED_EDGE('',*,*,#2870,.T.);
#1575=ORIENTED_EDGE('',*,*,#2949,.T.);
#1576=ORIENTED_EDGE('',*,*,#2725,.T.);
#1577=ORIENTED_EDGE('',*,*,#2951,.F.);
#1578=ORIENTED_EDGE('',*,*,#2864,.T.);
#1579=ORIENTED_EDGE('',*,*,#2952,.T.);
#1580=ORIENTED_EDGE('',*,*,#2953,.T.);
#1581=ORIENTED_EDGE('',*,*,#2954,.F.);
#1582=ORIENTED_EDGE('',*,*,#2868,.T.);
#1583=ORIENTED_EDGE('',*,*,#2955,.T.);
#1584=ORIENTED_EDGE('',*,*,#2956,.T.);
#1585=ORIENTED_EDGE('',*,*,#2952,.F.);
#1586=ORIENTED_EDGE('',*,*,#2867,.T.);
#1587=ORIENTED_EDGE('',*,*,#2957,.T.);
#1588=ORIENTED_EDGE('',*,*,#2958,.T.);
#1589=ORIENTED_EDGE('',*,*,#2955,.F.);
#1590=ORIENTED_EDGE('',*,*,#2866,.T.);
#1591=ORIENTED_EDGE('',*,*,#2959,.T.);
#1592=ORIENTED_EDGE('',*,*,#2960,.T.);
#1593=ORIENTED_EDGE('',*,*,#2957,.F.);
#1594=ORIENTED_EDGE('',*,*,#2865,.T.);
#1595=ORIENTED_EDGE('',*,*,#2954,.T.);
#1596=ORIENTED_EDGE('',*,*,#2961,.T.);
#1597=ORIENTED_EDGE('',*,*,#2959,.F.);
#1598=ORIENTED_EDGE('',*,*,#2962,.F.);
#1599=ORIENTED_EDGE('',*,*,#2963,.T.);
#1600=ORIENTED_EDGE('',*,*,#2964,.T.);
#1601=ORIENTED_EDGE('',*,*,#2965,.T.);
#1602=ORIENTED_EDGE('',*,*,#2953,.F.);
#1603=ORIENTED_EDGE('',*,*,#2956,.F.);
#1604=ORIENTED_EDGE('',*,*,#2958,.F.);
#1605=ORIENTED_EDGE('',*,*,#2960,.F.);
#1606=ORIENTED_EDGE('',*,*,#2961,.F.);
#1607=ORIENTED_EDGE('',*,*,#2859,.T.);
#1608=ORIENTED_EDGE('',*,*,#2966,.T.);
#1609=ORIENTED_EDGE('',*,*,#2756,.T.);
#1610=ORIENTED_EDGE('',*,*,#2967,.F.);
#1611=ORIENTED_EDGE('',*,*,#2863,.T.);
#1612=ORIENTED_EDGE('',*,*,#2968,.T.);
#1613=ORIENTED_EDGE('',*,*,#2757,.T.);
#1614=ORIENTED_EDGE('',*,*,#2966,.F.);
#1615=ORIENTED_EDGE('',*,*,#2862,.T.);
#1616=ORIENTED_EDGE('',*,*,#2969,.T.);
#1617=ORIENTED_EDGE('',*,*,#2758,.T.);
#1618=ORIENTED_EDGE('',*,*,#2968,.F.);
#1619=ORIENTED_EDGE('',*,*,#2861,.T.);
#1620=ORIENTED_EDGE('',*,*,#2970,.T.);
#1621=ORIENTED_EDGE('',*,*,#2759,.T.);
#1622=ORIENTED_EDGE('',*,*,#2969,.F.);
#1623=ORIENTED_EDGE('',*,*,#2860,.T.);
#1624=ORIENTED_EDGE('',*,*,#2967,.T.);
#1625=ORIENTED_EDGE('',*,*,#2760,.T.);
#1626=ORIENTED_EDGE('',*,*,#2970,.F.);
#1627=ORIENTED_EDGE('',*,*,#2854,.T.);
#1628=ORIENTED_EDGE('',*,*,#2971,.T.);
#1629=ORIENTED_EDGE('',*,*,#2972,.T.);
#1630=ORIENTED_EDGE('',*,*,#2973,.F.);
#1631=ORIENTED_EDGE('',*,*,#2858,.T.);
#1632=ORIENTED_EDGE('',*,*,#2974,.T.);
#1633=ORIENTED_EDGE('',*,*,#2975,.T.);
#1634=ORIENTED_EDGE('',*,*,#2971,.F.);
#1635=ORIENTED_EDGE('',*,*,#2857,.T.);
#1636=ORIENTED_EDGE('',*,*,#2976,.T.);
#1637=ORIENTED_EDGE('',*,*,#2977,.T.);
#1638=ORIENTED_EDGE('',*,*,#2974,.F.);
#1639=ORIENTED_EDGE('',*,*,#2856,.T.);
#1640=ORIENTED_EDGE('',*,*,#2978,.T.);
#1641=ORIENTED_EDGE('',*,*,#2979,.T.);
#1642=ORIENTED_EDGE('',*,*,#2976,.F.);
#1643=ORIENTED_EDGE('',*,*,#2855,.T.);
#1644=ORIENTED_EDGE('',*,*,#2973,.T.);
#1645=ORIENTED_EDGE('',*,*,#2980,.T.);
#1646=ORIENTED_EDGE('',*,*,#2978,.F.);
#1647=ORIENTED_EDGE('',*,*,#2981,.F.);
#1648=ORIENTED_EDGE('',*,*,#2982,.T.);
#1649=ORIENTED_EDGE('',*,*,#2983,.T.);
#1650=ORIENTED_EDGE('',*,*,#2984,.T.);
#1651=ORIENTED_EDGE('',*,*,#2972,.F.);
#1652=ORIENTED_EDGE('',*,*,#2975,.F.);
#1653=ORIENTED_EDGE('',*,*,#2977,.F.);
#1654=ORIENTED_EDGE('',*,*,#2979,.F.);
#1655=ORIENTED_EDGE('',*,*,#2980,.F.);
#1656=ORIENTED_EDGE('',*,*,#2849,.T.);
#1657=ORIENTED_EDGE('',*,*,#2985,.T.);
#1658=ORIENTED_EDGE('',*,*,#2791,.T.);
#1659=ORIENTED_EDGE('',*,*,#2986,.F.);
#1660=ORIENTED_EDGE('',*,*,#2853,.T.);
#1661=ORIENTED_EDGE('',*,*,#2987,.T.);
#1662=ORIENTED_EDGE('',*,*,#2792,.T.);
#1663=ORIENTED_EDGE('',*,*,#2985,.F.);
#1664=ORIENTED_EDGE('',*,*,#2852,.T.);
#1665=ORIENTED_EDGE('',*,*,#2988,.T.);
#1666=ORIENTED_EDGE('',*,*,#2793,.T.);
#1667=ORIENTED_EDGE('',*,*,#2987,.F.);
#1668=ORIENTED_EDGE('',*,*,#2851,.T.);
#1669=ORIENTED_EDGE('',*,*,#2989,.T.);
#1670=ORIENTED_EDGE('',*,*,#2794,.T.);
#1671=ORIENTED_EDGE('',*,*,#2988,.F.);
#1672=ORIENTED_EDGE('',*,*,#2850,.T.);
#1673=ORIENTED_EDGE('',*,*,#2986,.T.);
#1674=ORIENTED_EDGE('',*,*,#2795,.T.);
#1675=ORIENTED_EDGE('',*,*,#2989,.F.);
#1676=ORIENTED_EDGE('',*,*,#2990,.T.);
#1677=ORIENTED_EDGE('',*,*,#2828,.T.);
#1678=ORIENTED_EDGE('',*,*,#2991,.F.);
#1679=ORIENTED_EDGE('',*,*,#2992,.F.);
#1680=ORIENTED_EDGE('',*,*,#2993,.T.);
#1681=ORIENTED_EDGE('',*,*,#2992,.T.);
#1682=ORIENTED_EDGE('',*,*,#2994,.F.);
#1683=ORIENTED_EDGE('',*,*,#2995,.F.);
#1684=ORIENTED_EDGE('',*,*,#2996,.T.);
#1685=ORIENTED_EDGE('',*,*,#2995,.T.);
#1686=ORIENTED_EDGE('',*,*,#2997,.F.);
#1687=ORIENTED_EDGE('',*,*,#2830,.F.);
#1688=ORIENTED_EDGE('',*,*,#2991,.T.);
#1689=ORIENTED_EDGE('',*,*,#2827,.T.);
#1690=ORIENTED_EDGE('',*,*,#2997,.T.);
#1691=ORIENTED_EDGE('',*,*,#2994,.T.);
#1692=ORIENTED_EDGE('',*,*,#2990,.F.);
#1693=ORIENTED_EDGE('',*,*,#2993,.F.);
#1694=ORIENTED_EDGE('',*,*,#2996,.F.);
#1695=ORIENTED_EDGE('',*,*,#2829,.F.);
#1696=ORIENTED_EDGE('',*,*,#2998,.T.);
#1697=ORIENTED_EDGE('',*,*,#2824,.T.);
#1698=ORIENTED_EDGE('',*,*,#2999,.F.);
#1699=ORIENTED_EDGE('',*,*,#3000,.F.);
#1700=ORIENTED_EDGE('',*,*,#3001,.T.);
#1701=ORIENTED_EDGE('',*,*,#3000,.T.);
#1702=ORIENTED_EDGE('',*,*,#3002,.F.);
#1703=ORIENTED_EDGE('',*,*,#3003,.F.);
#1704=ORIENTED_EDGE('',*,*,#3004,.T.);
#1705=ORIENTED_EDGE('',*,*,#3003,.T.);
#1706=ORIENTED_EDGE('',*,*,#3005,.F.);
#1707=ORIENTED_EDGE('',*,*,#2826,.F.);
#1708=ORIENTED_EDGE('',*,*,#2999,.T.);
#1709=ORIENTED_EDGE('',*,*,#2823,.T.);
#1710=ORIENTED_EDGE('',*,*,#3005,.T.);
#1711=ORIENTED_EDGE('',*,*,#3002,.T.);
#1712=ORIENTED_EDGE('',*,*,#2998,.F.);
#1713=ORIENTED_EDGE('',*,*,#3001,.F.);
#1714=ORIENTED_EDGE('',*,*,#3004,.F.);
#1715=ORIENTED_EDGE('',*,*,#2825,.F.);
#1716=ORIENTED_EDGE('',*,*,#2922,.F.);
#1717=ORIENTED_EDGE('',*,*,#2836,.F.);
#1718=ORIENTED_EDGE('',*,*,#2821,.T.);
#1719=ORIENTED_EDGE('',*,*,#2924,.T.);
#1720=ORIENTED_EDGE('',*,*,#3006,.F.);
#1721=ORIENTED_EDGE('',*,*,#3007,.F.);
#1722=ORIENTED_EDGE('',*,*,#2925,.F.);
#1723=ORIENTED_EDGE('',*,*,#3008,.F.);
#1724=ORIENTED_EDGE('',*,*,#3009,.T.);
#1725=ORIENTED_EDGE('',*,*,#3010,.F.);
#1726=ORIENTED_EDGE('',*,*,#2812,.F.);
#1727=ORIENTED_EDGE('',*,*,#3009,.F.);
#1728=ORIENTED_EDGE('',*,*,#2822,.T.);
#1729=ORIENTED_EDGE('',*,*,#2713,.T.);
#1730=ORIENTED_EDGE('',*,*,#3007,.T.);
#1731=ORIENTED_EDGE('',*,*,#3010,.T.);
#1732=ORIENTED_EDGE('',*,*,#2811,.F.);
#1733=ORIENTED_EDGE('',*,*,#3006,.T.);
#1734=ORIENTED_EDGE('',*,*,#2819,.T.);
#1735=ORIENTED_EDGE('',*,*,#3008,.T.);
#1736=ORIENTED_EDGE('',*,*,#2835,.F.);
#1737=ORIENTED_EDGE('',*,*,#2928,.T.);
#1738=ORIENTED_EDGE('',*,*,#2933,.F.);
#1739=ORIENTED_EDGE('',*,*,#2809,.F.);
#1740=ORIENTED_EDGE('',*,*,#2894,.T.);
#1741=ORIENTED_EDGE('',*,*,#2709,.F.);
#1742=ORIENTED_EDGE('',*,*,#2808,.F.);
#1743=ORIENTED_EDGE('',*,*,#2805,.T.);
#1744=ORIENTED_EDGE('',*,*,#2802,.F.);
#1745=ORIENTED_EDGE('',*,*,#2888,.T.);
#1746=ORIENTED_EDGE('',*,*,#2804,.F.);
#1747=ORIENTED_EDGE('',*,*,#2800,.F.);
#1748=ORIENTED_EDGE('',*,*,#2803,.F.);
#1749=ORIENTED_EDGE('',*,*,#2807,.F.);
#1750=ORIENTED_EDGE('',*,*,#3011,.T.);
#1751=ORIENTED_EDGE('',*,*,#3012,.T.);
#1752=ORIENTED_EDGE('',*,*,#2765,.F.);
#1753=ORIENTED_EDGE('',*,*,#3013,.T.);
#1754=ORIENTED_EDGE('',*,*,#2767,.T.);
#1755=ORIENTED_EDGE('',*,*,#3014,.T.);
#1756=ORIENTED_EDGE('',*,*,#3015,.F.);
#1757=ORIENTED_EDGE('',*,*,#3016,.T.);
#1758=ORIENTED_EDGE('',*,*,#3017,.T.);
#1759=ORIENTED_EDGE('',*,*,#3018,.T.);
#1760=ORIENTED_EDGE('',*,*,#3019,.T.);
#1761=ORIENTED_EDGE('',*,*,#2797,.F.);
#1762=ORIENTED_EDGE('',*,*,#3020,.F.);
#1763=ORIENTED_EDGE('',*,*,#3021,.F.);
#1764=ORIENTED_EDGE('',*,*,#2799,.T.);
#1765=ORIENTED_EDGE('',*,*,#3022,.F.);
#1766=ORIENTED_EDGE('',*,*,#2796,.F.);
#1767=ORIENTED_EDGE('',*,*,#3021,.T.);
#1768=ORIENTED_EDGE('',*,*,#3011,.F.);
#1769=ORIENTED_EDGE('',*,*,#3017,.F.);
#1770=ORIENTED_EDGE('',*,*,#2798,.F.);
#1771=ORIENTED_EDGE('',*,*,#3019,.F.);
#1772=ORIENTED_EDGE('',*,*,#3015,.T.);
#1773=ORIENTED_EDGE('',*,*,#3022,.T.);
#1774=ORIENTED_EDGE('',*,*,#2774,.F.);
#1775=ORIENTED_EDGE('',*,*,#2719,.T.);
#1776=ORIENTED_EDGE('',*,*,#2783,.T.);
#1777=ORIENTED_EDGE('',*,*,#3023,.F.);
#1778=ORIENTED_EDGE('',*,*,#2784,.T.);
#1779=ORIENTED_EDGE('',*,*,#2717,.T.);
#1780=ORIENTED_EDGE('',*,*,#2773,.F.);
#1781=ORIENTED_EDGE('',*,*,#3024,.T.);
#1782=ORIENTED_EDGE('',*,*,#2782,.T.);
#1783=ORIENTED_EDGE('',*,*,#3025,.F.);
#1784=ORIENTED_EDGE('',*,*,#2775,.F.);
#1785=ORIENTED_EDGE('',*,*,#3023,.T.);
#1786=ORIENTED_EDGE('',*,*,#2781,.T.);
#1787=ORIENTED_EDGE('',*,*,#3026,.F.);
#1788=ORIENTED_EDGE('',*,*,#2776,.F.);
#1789=ORIENTED_EDGE('',*,*,#3025,.T.);
#1790=ORIENTED_EDGE('',*,*,#2780,.T.);
#1791=ORIENTED_EDGE('',*,*,#3027,.F.);
#1792=ORIENTED_EDGE('',*,*,#2777,.F.);
#1793=ORIENTED_EDGE('',*,*,#3026,.T.);
#1794=ORIENTED_EDGE('',*,*,#2789,.F.);
#1795=ORIENTED_EDGE('',*,*,#3028,.T.);
#1796=ORIENTED_EDGE('',*,*,#3027,.T.);
#1797=ORIENTED_EDGE('',*,*,#3029,.T.);
#1798=ORIENTED_EDGE('',*,*,#3030,.F.);
#1799=ORIENTED_EDGE('',*,*,#3031,.T.);
#1800=ORIENTED_EDGE('',*,*,#2787,.T.);
#1801=ORIENTED_EDGE('',*,*,#3032,.T.);
#1802=ORIENTED_EDGE('',*,*,#2778,.T.);
#1803=ORIENTED_EDGE('',*,*,#3033,.F.);
#1804=ORIENTED_EDGE('',*,*,#2770,.F.);
#1805=ORIENTED_EDGE('',*,*,#3030,.T.);
#1806=ORIENTED_EDGE('',*,*,#2786,.T.);
#1807=ORIENTED_EDGE('',*,*,#3034,.F.);
#1808=ORIENTED_EDGE('',*,*,#2771,.F.);
#1809=ORIENTED_EDGE('',*,*,#3033,.T.);
#1810=ORIENTED_EDGE('',*,*,#2785,.T.);
#1811=ORIENTED_EDGE('',*,*,#3024,.F.);
#1812=ORIENTED_EDGE('',*,*,#2772,.F.);
#1813=ORIENTED_EDGE('',*,*,#3034,.T.);
#1814=ORIENTED_EDGE('',*,*,#2779,.F.);
#1815=ORIENTED_EDGE('',*,*,#3032,.F.);
#1816=ORIENTED_EDGE('',*,*,#2790,.T.);
#1817=ORIENTED_EDGE('',*,*,#3029,.F.);
#1818=ORIENTED_EDGE('',*,*,#2788,.F.);
#1819=ORIENTED_EDGE('',*,*,#3031,.F.);
#1820=ORIENTED_EDGE('',*,*,#2769,.T.);
#1821=ORIENTED_EDGE('',*,*,#3028,.F.);
#1822=ORIENTED_EDGE('',*,*,#2768,.T.);
#1823=ORIENTED_EDGE('',*,*,#3016,.F.);
#1824=ORIENTED_EDGE('',*,*,#3018,.F.);
#1825=ORIENTED_EDGE('',*,*,#3013,.F.);
#1826=ORIENTED_EDGE('',*,*,#3020,.T.);
#1827=ORIENTED_EDGE('',*,*,#3014,.F.);
#1828=ORIENTED_EDGE('',*,*,#2766,.F.);
#1829=ORIENTED_EDGE('',*,*,#3012,.F.);
#1830=ORIENTED_EDGE('',*,*,#3035,.T.);
#1831=ORIENTED_EDGE('',*,*,#3036,.T.);
#1832=ORIENTED_EDGE('',*,*,#2730,.F.);
#1833=ORIENTED_EDGE('',*,*,#3037,.T.);
#1834=ORIENTED_EDGE('',*,*,#2732,.T.);
#1835=ORIENTED_EDGE('',*,*,#3038,.T.);
#1836=ORIENTED_EDGE('',*,*,#3039,.F.);
#1837=ORIENTED_EDGE('',*,*,#3040,.T.);
#1838=ORIENTED_EDGE('',*,*,#3041,.T.);
#1839=ORIENTED_EDGE('',*,*,#3042,.T.);
#1840=ORIENTED_EDGE('',*,*,#3043,.T.);
#1841=ORIENTED_EDGE('',*,*,#2762,.F.);
#1842=ORIENTED_EDGE('',*,*,#3044,.F.);
#1843=ORIENTED_EDGE('',*,*,#3045,.F.);
#1844=ORIENTED_EDGE('',*,*,#2764,.T.);
#1845=ORIENTED_EDGE('',*,*,#3046,.F.);
#1846=ORIENTED_EDGE('',*,*,#2761,.F.);
#1847=ORIENTED_EDGE('',*,*,#3045,.T.);
#1848=ORIENTED_EDGE('',*,*,#3035,.F.);
#1849=ORIENTED_EDGE('',*,*,#3041,.F.);
#1850=ORIENTED_EDGE('',*,*,#2763,.F.);
#1851=ORIENTED_EDGE('',*,*,#3043,.F.);
#1852=ORIENTED_EDGE('',*,*,#3039,.T.);
#1853=ORIENTED_EDGE('',*,*,#3046,.T.);
#1854=ORIENTED_EDGE('',*,*,#2739,.F.);
#1855=ORIENTED_EDGE('',*,*,#2707,.T.);
#1856=ORIENTED_EDGE('',*,*,#2748,.T.);
#1857=ORIENTED_EDGE('',*,*,#3047,.F.);
#1858=ORIENTED_EDGE('',*,*,#2749,.T.);
#1859=ORIENTED_EDGE('',*,*,#2705,.T.);
#1860=ORIENTED_EDGE('',*,*,#2738,.F.);
#1861=ORIENTED_EDGE('',*,*,#3048,.T.);
#1862=ORIENTED_EDGE('',*,*,#2747,.T.);
#1863=ORIENTED_EDGE('',*,*,#3049,.F.);
#1864=ORIENTED_EDGE('',*,*,#2740,.F.);
#1865=ORIENTED_EDGE('',*,*,#3047,.T.);
#1866=ORIENTED_EDGE('',*,*,#2746,.T.);
#1867=ORIENTED_EDGE('',*,*,#3050,.F.);
#1868=ORIENTED_EDGE('',*,*,#2741,.F.);
#1869=ORIENTED_EDGE('',*,*,#3049,.T.);
#1870=ORIENTED_EDGE('',*,*,#2745,.T.);
#1871=ORIENTED_EDGE('',*,*,#3051,.F.);
#1872=ORIENTED_EDGE('',*,*,#2742,.F.);
#1873=ORIENTED_EDGE('',*,*,#3050,.T.);
#1874=ORIENTED_EDGE('',*,*,#2754,.F.);
#1875=ORIENTED_EDGE('',*,*,#3052,.T.);
#1876=ORIENTED_EDGE('',*,*,#3051,.T.);
#1877=ORIENTED_EDGE('',*,*,#3053,.T.);
#1878=ORIENTED_EDGE('',*,*,#3054,.F.);
#1879=ORIENTED_EDGE('',*,*,#3055,.T.);
#1880=ORIENTED_EDGE('',*,*,#2752,.T.);
#1881=ORIENTED_EDGE('',*,*,#3056,.T.);
#1882=ORIENTED_EDGE('',*,*,#2743,.T.);
#1883=ORIENTED_EDGE('',*,*,#3057,.F.);
#1884=ORIENTED_EDGE('',*,*,#2735,.F.);
#1885=ORIENTED_EDGE('',*,*,#3054,.T.);
#1886=ORIENTED_EDGE('',*,*,#2751,.T.);
#1887=ORIENTED_EDGE('',*,*,#3058,.F.);
#1888=ORIENTED_EDGE('',*,*,#2736,.F.);
#1889=ORIENTED_EDGE('',*,*,#3057,.T.);
#1890=ORIENTED_EDGE('',*,*,#2750,.T.);
#1891=ORIENTED_EDGE('',*,*,#3048,.F.);
#1892=ORIENTED_EDGE('',*,*,#2737,.F.);
#1893=ORIENTED_EDGE('',*,*,#3058,.T.);
#1894=ORIENTED_EDGE('',*,*,#2744,.F.);
#1895=ORIENTED_EDGE('',*,*,#3056,.F.);
#1896=ORIENTED_EDGE('',*,*,#2755,.T.);
#1897=ORIENTED_EDGE('',*,*,#3053,.F.);
#1898=ORIENTED_EDGE('',*,*,#2753,.F.);
#1899=ORIENTED_EDGE('',*,*,#3055,.F.);
#1900=ORIENTED_EDGE('',*,*,#2734,.T.);
#1901=ORIENTED_EDGE('',*,*,#3052,.F.);
#1902=ORIENTED_EDGE('',*,*,#2733,.T.);
#1903=ORIENTED_EDGE('',*,*,#3040,.F.);
#1904=ORIENTED_EDGE('',*,*,#3042,.F.);
#1905=ORIENTED_EDGE('',*,*,#3037,.F.);
#1906=ORIENTED_EDGE('',*,*,#3044,.T.);
#1907=ORIENTED_EDGE('',*,*,#3038,.F.);
#1908=ORIENTED_EDGE('',*,*,#2731,.F.);
#1909=ORIENTED_EDGE('',*,*,#3036,.F.);
#1910=ORIENTED_EDGE('',*,*,#3059,.T.);
#1911=ORIENTED_EDGE('',*,*,#3060,.T.);
#1912=ORIENTED_EDGE('',*,*,#2670,.F.);
#1913=ORIENTED_EDGE('',*,*,#3061,.T.);
#1914=ORIENTED_EDGE('',*,*,#2672,.T.);
#1915=ORIENTED_EDGE('',*,*,#3062,.T.);
#1916=ORIENTED_EDGE('',*,*,#3063,.F.);
#1917=ORIENTED_EDGE('',*,*,#3064,.T.);
#1918=ORIENTED_EDGE('',*,*,#3065,.T.);
#1919=ORIENTED_EDGE('',*,*,#3066,.T.);
#1920=ORIENTED_EDGE('',*,*,#3067,.T.);
#1921=ORIENTED_EDGE('',*,*,#2727,.F.);
#1922=ORIENTED_EDGE('',*,*,#3068,.F.);
#1923=ORIENTED_EDGE('',*,*,#3069,.F.);
#1924=ORIENTED_EDGE('',*,*,#2729,.T.);
#1925=ORIENTED_EDGE('',*,*,#3070,.F.);
#1926=ORIENTED_EDGE('',*,*,#2726,.F.);
#1927=ORIENTED_EDGE('',*,*,#3069,.T.);
#1928=ORIENTED_EDGE('',*,*,#3059,.F.);
#1929=ORIENTED_EDGE('',*,*,#3065,.F.);
#1930=ORIENTED_EDGE('',*,*,#2728,.F.);
#1931=ORIENTED_EDGE('',*,*,#3067,.F.);
#1932=ORIENTED_EDGE('',*,*,#3063,.T.);
#1933=ORIENTED_EDGE('',*,*,#3070,.T.);
#1934=ORIENTED_EDGE('',*,*,#2680,.F.);
#1935=ORIENTED_EDGE('',*,*,#2721,.T.);
#1936=ORIENTED_EDGE('',*,*,#2689,.T.);
#1937=ORIENTED_EDGE('',*,*,#3071,.F.);
#1938=ORIENTED_EDGE('',*,*,#2691,.T.);
#1939=ORIENTED_EDGE('',*,*,#2720,.T.);
#1940=ORIENTED_EDGE('',*,*,#2678,.F.);
#1941=ORIENTED_EDGE('',*,*,#3072,.T.);
#1942=ORIENTED_EDGE('',*,*,#2688,.T.);
#1943=ORIENTED_EDGE('',*,*,#3073,.F.);
#1944=ORIENTED_EDGE('',*,*,#2681,.F.);
#1945=ORIENTED_EDGE('',*,*,#3071,.T.);
#1946=ORIENTED_EDGE('',*,*,#2687,.T.);
#1947=ORIENTED_EDGE('',*,*,#3074,.F.);
#1948=ORIENTED_EDGE('',*,*,#2682,.F.);
#1949=ORIENTED_EDGE('',*,*,#3073,.T.);
#1950=ORIENTED_EDGE('',*,*,#2686,.T.);
#1951=ORIENTED_EDGE('',*,*,#3075,.F.);
#1952=ORIENTED_EDGE('',*,*,#2683,.F.);
#1953=ORIENTED_EDGE('',*,*,#3074,.T.);
#1954=ORIENTED_EDGE('',*,*,#2696,.F.);
#1955=ORIENTED_EDGE('',*,*,#3076,.T.);
#1956=ORIENTED_EDGE('',*,*,#3075,.T.);
#1957=ORIENTED_EDGE('',*,*,#3077,.T.);
#1958=ORIENTED_EDGE('',*,*,#3078,.F.);
#1959=ORIENTED_EDGE('',*,*,#3079,.T.);
#1960=ORIENTED_EDGE('',*,*,#2694,.T.);
#1961=ORIENTED_EDGE('',*,*,#3080,.T.);
#1962=ORIENTED_EDGE('',*,*,#2684,.T.);
#1963=ORIENTED_EDGE('',*,*,#3081,.F.);
#1964=ORIENTED_EDGE('',*,*,#2675,.F.);
#1965=ORIENTED_EDGE('',*,*,#3078,.T.);
#1966=ORIENTED_EDGE('',*,*,#2693,.T.);
#1967=ORIENTED_EDGE('',*,*,#3082,.F.);
#1968=ORIENTED_EDGE('',*,*,#2676,.F.);
#1969=ORIENTED_EDGE('',*,*,#3081,.T.);
#1970=ORIENTED_EDGE('',*,*,#2692,.T.);
#1971=ORIENTED_EDGE('',*,*,#3072,.F.);
#1972=ORIENTED_EDGE('',*,*,#2677,.F.);
#1973=ORIENTED_EDGE('',*,*,#3082,.T.);
#1974=ORIENTED_EDGE('',*,*,#2685,.F.);
#1975=ORIENTED_EDGE('',*,*,#3080,.F.);
#1976=ORIENTED_EDGE('',*,*,#2697,.T.);
#1977=ORIENTED_EDGE('',*,*,#3077,.F.);
#1978=ORIENTED_EDGE('',*,*,#2695,.F.);
#1979=ORIENTED_EDGE('',*,*,#3079,.F.);
#1980=ORIENTED_EDGE('',*,*,#2674,.T.);
#1981=ORIENTED_EDGE('',*,*,#3076,.F.);
#1982=ORIENTED_EDGE('',*,*,#2673,.T.);
#1983=ORIENTED_EDGE('',*,*,#3064,.F.);
#1984=ORIENTED_EDGE('',*,*,#3066,.F.);
#1985=ORIENTED_EDGE('',*,*,#3061,.F.);
#1986=ORIENTED_EDGE('',*,*,#3068,.T.);
#1987=ORIENTED_EDGE('',*,*,#3062,.F.);
#1988=ORIENTED_EDGE('',*,*,#2671,.F.);
#1989=ORIENTED_EDGE('',*,*,#3060,.F.);
#1990=ORIENTED_EDGE('',*,*,#2644,.F.);
#1991=ORIENTED_EDGE('',*,*,#3083,.T.);
#1992=ORIENTED_EDGE('',*,*,#3084,.T.);
#1993=ORIENTED_EDGE('',*,*,#3085,.T.);
#1994=ORIENTED_EDGE('',*,*,#3086,.F.);
#1995=ORIENTED_EDGE('',*,*,#3087,.T.);
#1996=ORIENTED_EDGE('',*,*,#2642,.T.);
#1997=ORIENTED_EDGE('',*,*,#3088,.T.);
#1998=ORIENTED_EDGE('',*,*,#3089,.F.);
#1999=ORIENTED_EDGE('',*,*,#3090,.T.);
#2000=ORIENTED_EDGE('',*,*,#2981,.T.);
#2001=ORIENTED_EDGE('',*,*,#3091,.T.);
#2002=ORIENTED_EDGE('',*,*,#3092,.F.);
#2003=ORIENTED_EDGE('',*,*,#3093,.T.);
#2004=ORIENTED_EDGE('',*,*,#3094,.F.);
#2005=ORIENTED_EDGE('',*,*,#2983,.F.);
#2006=ORIENTED_EDGE('',*,*,#2984,.F.);
#2007=ORIENTED_EDGE('',*,*,#3094,.T.);
#2008=ORIENTED_EDGE('',*,*,#3084,.F.);
#2009=ORIENTED_EDGE('',*,*,#3091,.F.);
#2010=ORIENTED_EDGE('',*,*,#2982,.F.);
#2011=ORIENTED_EDGE('',*,*,#3090,.F.);
#2012=ORIENTED_EDGE('',*,*,#3086,.T.);
#2013=ORIENTED_EDGE('',*,*,#3092,.T.);
#2014=ORIENTED_EDGE('',*,*,#2653,.F.);
#2015=ORIENTED_EDGE('',*,*,#2702,.T.);
#2016=ORIENTED_EDGE('',*,*,#2660,.T.);
#2017=ORIENTED_EDGE('',*,*,#3095,.F.);
#2018=ORIENTED_EDGE('',*,*,#2662,.T.);
#2019=ORIENTED_EDGE('',*,*,#2703,.T.);
#2020=ORIENTED_EDGE('',*,*,#2651,.F.);
#2021=ORIENTED_EDGE('',*,*,#3096,.T.);
#2022=ORIENTED_EDGE('',*,*,#2659,.T.);
#2023=ORIENTED_EDGE('',*,*,#3097,.F.);
#2024=ORIENTED_EDGE('',*,*,#2654,.F.);
#2025=ORIENTED_EDGE('',*,*,#3095,.T.);
#2026=ORIENTED_EDGE('',*,*,#2658,.T.);
#2027=ORIENTED_EDGE('',*,*,#3098,.F.);
#2028=ORIENTED_EDGE('',*,*,#2655,.F.);
#2029=ORIENTED_EDGE('',*,*,#3097,.T.);
#2030=ORIENTED_EDGE('',*,*,#2657,.T.);
#2031=ORIENTED_EDGE('',*,*,#3099,.F.);
#2032=ORIENTED_EDGE('',*,*,#2646,.F.);
#2033=ORIENTED_EDGE('',*,*,#3098,.T.);
#2034=ORIENTED_EDGE('',*,*,#3099,.T.);
#2035=ORIENTED_EDGE('',*,*,#3100,.T.);
#2036=ORIENTED_EDGE('',*,*,#2666,.F.);
#2037=ORIENTED_EDGE('',*,*,#3101,.T.);
#2038=ORIENTED_EDGE('',*,*,#2668,.T.);
#2039=ORIENTED_EDGE('',*,*,#3102,.T.);
#2040=ORIENTED_EDGE('',*,*,#3103,.F.);
#2041=ORIENTED_EDGE('',*,*,#3104,.T.);
#2042=ORIENTED_EDGE('',*,*,#2665,.T.);
#2043=ORIENTED_EDGE('',*,*,#3105,.F.);
#2044=ORIENTED_EDGE('',*,*,#2648,.F.);
#2045=ORIENTED_EDGE('',*,*,#3103,.T.);
#2046=ORIENTED_EDGE('',*,*,#2664,.T.);
#2047=ORIENTED_EDGE('',*,*,#3106,.F.);
#2048=ORIENTED_EDGE('',*,*,#2649,.F.);
#2049=ORIENTED_EDGE('',*,*,#3105,.T.);
#2050=ORIENTED_EDGE('',*,*,#2663,.T.);
#2051=ORIENTED_EDGE('',*,*,#3096,.F.);
#2052=ORIENTED_EDGE('',*,*,#2650,.F.);
#2053=ORIENTED_EDGE('',*,*,#3106,.T.);
#2054=ORIENTED_EDGE('',*,*,#2669,.T.);
#2055=ORIENTED_EDGE('',*,*,#3104,.F.);
#2056=ORIENTED_EDGE('',*,*,#2647,.F.);
#2057=ORIENTED_EDGE('',*,*,#3101,.F.);
#2058=ORIENTED_EDGE('',*,*,#2656,.T.);
#2059=ORIENTED_EDGE('',*,*,#3102,.F.);
#2060=ORIENTED_EDGE('',*,*,#2667,.F.);
#2061=ORIENTED_EDGE('',*,*,#3100,.F.);
#2062=ORIENTED_EDGE('',*,*,#3093,.F.);
#2063=ORIENTED_EDGE('',*,*,#3088,.F.);
#2064=ORIENTED_EDGE('',*,*,#2645,.T.);
#2065=ORIENTED_EDGE('',*,*,#3085,.F.);
#2066=ORIENTED_EDGE('',*,*,#2643,.F.);
#2067=ORIENTED_EDGE('',*,*,#3087,.F.);
#2068=ORIENTED_EDGE('',*,*,#3089,.T.);
#2069=ORIENTED_EDGE('',*,*,#3083,.F.);
#2070=ORIENTED_EDGE('',*,*,#2616,.F.);
#2071=ORIENTED_EDGE('',*,*,#3107,.T.);
#2072=ORIENTED_EDGE('',*,*,#3108,.T.);
#2073=ORIENTED_EDGE('',*,*,#3109,.T.);
#2074=ORIENTED_EDGE('',*,*,#3110,.F.);
#2075=ORIENTED_EDGE('',*,*,#3111,.T.);
#2076=ORIENTED_EDGE('',*,*,#2614,.T.);
#2077=ORIENTED_EDGE('',*,*,#3112,.T.);
#2078=ORIENTED_EDGE('',*,*,#3113,.F.);
#2079=ORIENTED_EDGE('',*,*,#3114,.T.);
#2080=ORIENTED_EDGE('',*,*,#2962,.T.);
#2081=ORIENTED_EDGE('',*,*,#3115,.T.);
#2082=ORIENTED_EDGE('',*,*,#3116,.F.);
#2083=ORIENTED_EDGE('',*,*,#3117,.T.);
#2084=ORIENTED_EDGE('',*,*,#3118,.F.);
#2085=ORIENTED_EDGE('',*,*,#2964,.F.);
#2086=ORIENTED_EDGE('',*,*,#2965,.F.);
#2087=ORIENTED_EDGE('',*,*,#3118,.T.);
#2088=ORIENTED_EDGE('',*,*,#3108,.F.);
#2089=ORIENTED_EDGE('',*,*,#3115,.F.);
#2090=ORIENTED_EDGE('',*,*,#2963,.F.);
#2091=ORIENTED_EDGE('',*,*,#3114,.F.);
#2092=ORIENTED_EDGE('',*,*,#3110,.T.);
#2093=ORIENTED_EDGE('',*,*,#3116,.T.);
#2094=ORIENTED_EDGE('',*,*,#2625,.F.);
#2095=ORIENTED_EDGE('',*,*,#2700,.T.);
#2096=ORIENTED_EDGE('',*,*,#2632,.T.);
#2097=ORIENTED_EDGE('',*,*,#3119,.F.);
#2098=ORIENTED_EDGE('',*,*,#2634,.T.);
#2099=ORIENTED_EDGE('',*,*,#2701,.T.);
#2100=ORIENTED_EDGE('',*,*,#2623,.F.);
#2101=ORIENTED_EDGE('',*,*,#3120,.T.);
#2102=ORIENTED_EDGE('',*,*,#2631,.T.);
#2103=ORIENTED_EDGE('',*,*,#3121,.F.);
#2104=ORIENTED_EDGE('',*,*,#2626,.F.);
#2105=ORIENTED_EDGE('',*,*,#3119,.T.);
#2106=ORIENTED_EDGE('',*,*,#2630,.T.);
#2107=ORIENTED_EDGE('',*,*,#3122,.F.);
#2108=ORIENTED_EDGE('',*,*,#2627,.F.);
#2109=ORIENTED_EDGE('',*,*,#3121,.T.);
#2110=ORIENTED_EDGE('',*,*,#2629,.T.);
#2111=ORIENTED_EDGE('',*,*,#3123,.F.);
#2112=ORIENTED_EDGE('',*,*,#2618,.F.);
#2113=ORIENTED_EDGE('',*,*,#3122,.T.);
#2114=ORIENTED_EDGE('',*,*,#3123,.T.);
#2115=ORIENTED_EDGE('',*,*,#3124,.T.);
#2116=ORIENTED_EDGE('',*,*,#2638,.F.);
#2117=ORIENTED_EDGE('',*,*,#3125,.T.);
#2118=ORIENTED_EDGE('',*,*,#2640,.T.);
#2119=ORIENTED_EDGE('',*,*,#3126,.T.);
#2120=ORIENTED_EDGE('',*,*,#3127,.F.);
#2121=ORIENTED_EDGE('',*,*,#3128,.T.);
#2122=ORIENTED_EDGE('',*,*,#2637,.T.);
#2123=ORIENTED_EDGE('',*,*,#3129,.F.);
#2124=ORIENTED_EDGE('',*,*,#2620,.F.);
#2125=ORIENTED_EDGE('',*,*,#3127,.T.);
#2126=ORIENTED_EDGE('',*,*,#2636,.T.);
#2127=ORIENTED_EDGE('',*,*,#3130,.F.);
#2128=ORIENTED_EDGE('',*,*,#2621,.F.);
#2129=ORIENTED_EDGE('',*,*,#3129,.T.);
#2130=ORIENTED_EDGE('',*,*,#2635,.T.);
#2131=ORIENTED_EDGE('',*,*,#3120,.F.);
#2132=ORIENTED_EDGE('',*,*,#2622,.F.);
#2133=ORIENTED_EDGE('',*,*,#3130,.T.);
#2134=ORIENTED_EDGE('',*,*,#2641,.T.);
#2135=ORIENTED_EDGE('',*,*,#3128,.F.);
#2136=ORIENTED_EDGE('',*,*,#2619,.F.);
#2137=ORIENTED_EDGE('',*,*,#3125,.F.);
#2138=ORIENTED_EDGE('',*,*,#2628,.T.);
#2139=ORIENTED_EDGE('',*,*,#3126,.F.);
#2140=ORIENTED_EDGE('',*,*,#2639,.F.);
#2141=ORIENTED_EDGE('',*,*,#3124,.F.);
#2142=ORIENTED_EDGE('',*,*,#3117,.F.);
#2143=ORIENTED_EDGE('',*,*,#3112,.F.);
#2144=ORIENTED_EDGE('',*,*,#2617,.T.);
#2145=ORIENTED_EDGE('',*,*,#3109,.F.);
#2146=ORIENTED_EDGE('',*,*,#2615,.F.);
#2147=ORIENTED_EDGE('',*,*,#3111,.F.);
#2148=ORIENTED_EDGE('',*,*,#3113,.T.);
#2149=ORIENTED_EDGE('',*,*,#3107,.F.);
#2150=ORIENTED_EDGE('',*,*,#2588,.F.);
#2151=ORIENTED_EDGE('',*,*,#3131,.T.);
#2152=ORIENTED_EDGE('',*,*,#3132,.T.);
#2153=ORIENTED_EDGE('',*,*,#3133,.T.);
#2154=ORIENTED_EDGE('',*,*,#3134,.F.);
#2155=ORIENTED_EDGE('',*,*,#3135,.T.);
#2156=ORIENTED_EDGE('',*,*,#2586,.T.);
#2157=ORIENTED_EDGE('',*,*,#3136,.T.);
#2158=ORIENTED_EDGE('',*,*,#3137,.F.);
#2159=ORIENTED_EDGE('',*,*,#3138,.T.);
#2160=ORIENTED_EDGE('',*,*,#2944,.T.);
#2161=ORIENTED_EDGE('',*,*,#3139,.T.);
#2162=ORIENTED_EDGE('',*,*,#3140,.F.);
#2163=ORIENTED_EDGE('',*,*,#3141,.T.);
#2164=ORIENTED_EDGE('',*,*,#3142,.F.);
#2165=ORIENTED_EDGE('',*,*,#2946,.F.);
#2166=ORIENTED_EDGE('',*,*,#2947,.F.);
#2167=ORIENTED_EDGE('',*,*,#3142,.T.);
#2168=ORIENTED_EDGE('',*,*,#3132,.F.);
#2169=ORIENTED_EDGE('',*,*,#3139,.F.);
#2170=ORIENTED_EDGE('',*,*,#2945,.F.);
#2171=ORIENTED_EDGE('',*,*,#3138,.F.);
#2172=ORIENTED_EDGE('',*,*,#3134,.T.);
#2173=ORIENTED_EDGE('',*,*,#3140,.T.);
#2174=ORIENTED_EDGE('',*,*,#2597,.F.);
#2175=ORIENTED_EDGE('',*,*,#2698,.T.);
#2176=ORIENTED_EDGE('',*,*,#2604,.T.);
#2177=ORIENTED_EDGE('',*,*,#3143,.F.);
#2178=ORIENTED_EDGE('',*,*,#2606,.T.);
#2179=ORIENTED_EDGE('',*,*,#2699,.T.);
#2180=ORIENTED_EDGE('',*,*,#2595,.F.);
#2181=ORIENTED_EDGE('',*,*,#3144,.T.);
#2182=ORIENTED_EDGE('',*,*,#2603,.T.);
#2183=ORIENTED_EDGE('',*,*,#3145,.F.);
#2184=ORIENTED_EDGE('',*,*,#2598,.F.);
#2185=ORIENTED_EDGE('',*,*,#3143,.T.);
#2186=ORIENTED_EDGE('',*,*,#2602,.T.);
#2187=ORIENTED_EDGE('',*,*,#3146,.F.);
#2188=ORIENTED_EDGE('',*,*,#2599,.F.);
#2189=ORIENTED_EDGE('',*,*,#3145,.T.);
#2190=ORIENTED_EDGE('',*,*,#2601,.T.);
#2191=ORIENTED_EDGE('',*,*,#3147,.F.);
#2192=ORIENTED_EDGE('',*,*,#2590,.F.);
#2193=ORIENTED_EDGE('',*,*,#3146,.T.);
#2194=ORIENTED_EDGE('',*,*,#3147,.T.);
#2195=ORIENTED_EDGE('',*,*,#3148,.T.);
#2196=ORIENTED_EDGE('',*,*,#2610,.F.);
#2197=ORIENTED_EDGE('',*,*,#3149,.T.);
#2198=ORIENTED_EDGE('',*,*,#2612,.T.);
#2199=ORIENTED_EDGE('',*,*,#3150,.T.);
#2200=ORIENTED_EDGE('',*,*,#3151,.F.);
#2201=ORIENTED_EDGE('',*,*,#3152,.T.);
#2202=ORIENTED_EDGE('',*,*,#2609,.T.);
#2203=ORIENTED_EDGE('',*,*,#3153,.F.);
#2204=ORIENTED_EDGE('',*,*,#2592,.F.);
#2205=ORIENTED_EDGE('',*,*,#3151,.T.);
#2206=ORIENTED_EDGE('',*,*,#2608,.T.);
#2207=ORIENTED_EDGE('',*,*,#3154,.F.);
#2208=ORIENTED_EDGE('',*,*,#2593,.F.);
#2209=ORIENTED_EDGE('',*,*,#3153,.T.);
#2210=ORIENTED_EDGE('',*,*,#2607,.T.);
#2211=ORIENTED_EDGE('',*,*,#3144,.F.);
#2212=ORIENTED_EDGE('',*,*,#2594,.F.);
#2213=ORIENTED_EDGE('',*,*,#3154,.T.);
#2214=ORIENTED_EDGE('',*,*,#2613,.T.);
#2215=ORIENTED_EDGE('',*,*,#3152,.F.);
#2216=ORIENTED_EDGE('',*,*,#2591,.F.);
#2217=ORIENTED_EDGE('',*,*,#3149,.F.);
#2218=ORIENTED_EDGE('',*,*,#2600,.T.);
#2219=ORIENTED_EDGE('',*,*,#3150,.F.);
#2220=ORIENTED_EDGE('',*,*,#2611,.F.);
#2221=ORIENTED_EDGE('',*,*,#3148,.F.);
#2222=ORIENTED_EDGE('',*,*,#3141,.F.);
#2223=ORIENTED_EDGE('',*,*,#3136,.F.);
#2224=ORIENTED_EDGE('',*,*,#2589,.T.);
#2225=ORIENTED_EDGE('',*,*,#3133,.F.);
#2226=ORIENTED_EDGE('',*,*,#2587,.F.);
#2227=ORIENTED_EDGE('',*,*,#3135,.F.);
#2228=ORIENTED_EDGE('',*,*,#3137,.T.);
#2229=ORIENTED_EDGE('',*,*,#3131,.F.);
#2230=VERTEX_POINT('',#5575);
#2231=VERTEX_POINT('',#5576);
#2232=VERTEX_POINT('',#5578);
#2233=VERTEX_POINT('',#5580);
#2234=VERTEX_POINT('',#5584);
#2235=VERTEX_POINT('',#5585);
#2236=VERTEX_POINT('',#5587);
#2237=VERTEX_POINT('',#5589);
#2238=VERTEX_POINT('',#5591);
#2239=VERTEX_POINT('',#5593);
#2240=VERTEX_POINT('',#5595);
#2241=VERTEX_POINT('',#5597);
#2242=VERTEX_POINT('',#5599);
#2243=VERTEX_POINT('',#5601);
#2244=VERTEX_POINT('',#5605);
#2245=VERTEX_POINT('',#5606);
#2246=VERTEX_POINT('',#5608);
#2247=VERTEX_POINT('',#5610);
#2248=VERTEX_POINT('',#5612);
#2249=VERTEX_POINT('',#5614);
#2250=VERTEX_POINT('',#5616);
#2251=VERTEX_POINT('',#5618);
#2252=VERTEX_POINT('',#5620);
#2253=VERTEX_POINT('',#5622);
#2254=VERTEX_POINT('',#5626);
#2255=VERTEX_POINT('',#5627);
#2256=VERTEX_POINT('',#5629);
#2257=VERTEX_POINT('',#5631);
#2258=VERTEX_POINT('',#5635);
#2259=VERTEX_POINT('',#5636);
#2260=VERTEX_POINT('',#5638);
#2261=VERTEX_POINT('',#5640);
#2262=VERTEX_POINT('',#5644);
#2263=VERTEX_POINT('',#5645);
#2264=VERTEX_POINT('',#5647);
#2265=VERTEX_POINT('',#5649);
#2266=VERTEX_POINT('',#5651);
#2267=VERTEX_POINT('',#5653);
#2268=VERTEX_POINT('',#5655);
#2269=VERTEX_POINT('',#5657);
#2270=VERTEX_POINT('',#5659);
#2271=VERTEX_POINT('',#5661);
#2272=VERTEX_POINT('',#5665);
#2273=VERTEX_POINT('',#5666);
#2274=VERTEX_POINT('',#5668);
#2275=VERTEX_POINT('',#5670);
#2276=VERTEX_POINT('',#5672);
#2277=VERTEX_POINT('',#5674);
#2278=VERTEX_POINT('',#5676);
#2279=VERTEX_POINT('',#5678);
#2280=VERTEX_POINT('',#5680);
#2281=VERTEX_POINT('',#5682);
#2282=VERTEX_POINT('',#5686);
#2283=VERTEX_POINT('',#5687);
#2284=VERTEX_POINT('',#5689);
#2285=VERTEX_POINT('',#5691);
#2286=VERTEX_POINT('',#5695);
#2287=VERTEX_POINT('',#5696);
#2288=VERTEX_POINT('',#5698);
#2289=VERTEX_POINT('',#5700);
#2290=VERTEX_POINT('',#5704);
#2291=VERTEX_POINT('',#5705);
#2292=VERTEX_POINT('',#5707);
#2293=VERTEX_POINT('',#5709);
#2294=VERTEX_POINT('',#5711);
#2295=VERTEX_POINT('',#5713);
#2296=VERTEX_POINT('',#5715);
#2297=VERTEX_POINT('',#5717);
#2298=VERTEX_POINT('',#5719);
#2299=VERTEX_POINT('',#5721);
#2300=VERTEX_POINT('',#5725);
#2301=VERTEX_POINT('',#5726);
#2302=VERTEX_POINT('',#5728);
#2303=VERTEX_POINT('',#5730);
#2304=VERTEX_POINT('',#5732);
#2305=VERTEX_POINT('',#5734);
#2306=VERTEX_POINT('',#5736);
#2307=VERTEX_POINT('',#5738);
#2308=VERTEX_POINT('',#5740);
#2309=VERTEX_POINT('',#5742);
#2310=VERTEX_POINT('',#5746);
#2311=VERTEX_POINT('',#5747);
#2312=VERTEX_POINT('',#5749);
#2313=VERTEX_POINT('',#5751);
#2314=VERTEX_POINT('',#5755);
#2315=VERTEX_POINT('',#5756);
#2316=VERTEX_POINT('',#5758);
#2317=VERTEX_POINT('',#5760);
#2318=VERTEX_POINT('',#5764);
#2319=VERTEX_POINT('',#5765);
#2320=VERTEX_POINT('',#5767);
#2321=VERTEX_POINT('',#5769);
#2322=VERTEX_POINT('',#5771);
#2323=VERTEX_POINT('',#5773);
#2324=VERTEX_POINT('',#5775);
#2325=VERTEX_POINT('',#5777);
#2326=VERTEX_POINT('',#5779);
#2327=VERTEX_POINT('',#5781);
#2328=VERTEX_POINT('',#5785);
#2329=VERTEX_POINT('',#5786);
#2330=VERTEX_POINT('',#5788);
#2331=VERTEX_POINT('',#5790);
#2332=VERTEX_POINT('',#5792);
#2333=VERTEX_POINT('',#5794);
#2334=VERTEX_POINT('',#5796);
#2335=VERTEX_POINT('',#5798);
#2336=VERTEX_POINT('',#5800);
#2337=VERTEX_POINT('',#5802);
#2338=VERTEX_POINT('',#5806);
#2339=VERTEX_POINT('',#5807);
#2340=VERTEX_POINT('',#5809);
#2341=VERTEX_POINT('',#5811);
#2342=VERTEX_POINT('',#5821);
#2343=VERTEX_POINT('',#5822);
#2344=VERTEX_POINT('',#5824);
#2345=VERTEX_POINT('',#5826);
#2346=VERTEX_POINT('',#5829);
#2347=VERTEX_POINT('',#5830);
#2348=VERTEX_POINT('',#5832);
#2349=VERTEX_POINT('',#5834);
#2350=VERTEX_POINT('',#5836);
#2351=VERTEX_POINT('',#5838);
#2352=VERTEX_POINT('',#5840);
#2353=VERTEX_POINT('',#5842);
#2354=VERTEX_POINT('',#5845);
#2355=VERTEX_POINT('',#5846);
#2356=VERTEX_POINT('',#5848);
#2357=VERTEX_POINT('',#5850);
#2358=VERTEX_POINT('',#5856);
#2359=VERTEX_POINT('',#5857);
#2360=VERTEX_POINT('',#5859);
#2361=VERTEX_POINT('',#5861);
#2362=VERTEX_POINT('',#5864);
#2363=VERTEX_POINT('',#5865);
#2364=VERTEX_POINT('',#5867);
#2365=VERTEX_POINT('',#5869);
#2366=VERTEX_POINT('',#5873);
#2367=VERTEX_POINT('',#5874);
#2368=VERTEX_POINT('',#5876);
#2369=VERTEX_POINT('',#5878);
#2370=VERTEX_POINT('',#5882);
#2371=VERTEX_POINT('',#5883);
#2372=VERTEX_POINT('',#5885);
#2373=VERTEX_POINT('',#5887);
#2374=VERTEX_POINT('',#5889);
#2375=VERTEX_POINT('',#5892);
#2376=VERTEX_POINT('',#5894);
#2377=VERTEX_POINT('',#5896);
#2378=VERTEX_POINT('',#5900);
#2379=VERTEX_POINT('',#5901);
#2380=VERTEX_POINT('',#5903);
#2381=VERTEX_POINT('',#5905);
#2382=VERTEX_POINT('',#5907);
#2383=VERTEX_POINT('',#5909);
#2384=VERTEX_POINT('',#5912);
#2385=VERTEX_POINT('',#5914);
#2386=VERTEX_POINT('',#5918);
#2387=VERTEX_POINT('',#5919);
#2388=VERTEX_POINT('',#5921);
#2389=VERTEX_POINT('',#5923);
#2390=VERTEX_POINT('',#5927);
#2391=VERTEX_POINT('',#5928);
#2392=VERTEX_POINT('',#5930);
#2393=VERTEX_POINT('',#5932);
#2394=VERTEX_POINT('',#5934);
#2395=VERTEX_POINT('',#5937);
#2396=VERTEX_POINT('',#5938);
#2397=VERTEX_POINT('',#5940);
#2398=VERTEX_POINT('',#5942);
#2399=VERTEX_POINT('',#5946);
#2400=VERTEX_POINT('',#5947);
#2401=VERTEX_POINT('',#5949);
#2402=VERTEX_POINT('',#5951);
#2403=VERTEX_POINT('',#5955);
#2404=VERTEX_POINT('',#5956);
#2405=VERTEX_POINT('',#5958);
#2406=VERTEX_POINT('',#5960);
#2407=VERTEX_POINT('',#5962);
#2408=VERTEX_POINT('',#5965);
#2409=VERTEX_POINT('',#5967);
#2410=VERTEX_POINT('',#5969);
#2411=VERTEX_POINT('',#5973);
#2412=VERTEX_POINT('',#5974);
#2413=VERTEX_POINT('',#5976);
#2414=VERTEX_POINT('',#5978);
#2415=VERTEX_POINT('',#5980);
#2416=VERTEX_POINT('',#5982);
#2417=VERTEX_POINT('',#5985);
#2418=VERTEX_POINT('',#5987);
#2419=VERTEX_POINT('',#5991);
#2420=VERTEX_POINT('',#5992);
#2421=VERTEX_POINT('',#5994);
#2422=VERTEX_POINT('',#5996);
#2423=VERTEX_POINT('',#6000);
#2424=VERTEX_POINT('',#6001);
#2425=VERTEX_POINT('',#6003);
#2426=VERTEX_POINT('',#6005);
#2427=VERTEX_POINT('',#6007);
#2428=VERTEX_POINT('',#6010);
#2429=VERTEX_POINT('',#6011);
#2430=VERTEX_POINT('',#6013);
#2431=VERTEX_POINT('',#6015);
#2432=VERTEX_POINT('',#6019);
#2433=VERTEX_POINT('',#6020);
#2434=VERTEX_POINT('',#6022);
#2435=VERTEX_POINT('',#6026);
#2436=VERTEX_POINT('',#6028);
#2437=VERTEX_POINT('',#6032);
#2438=VERTEX_POINT('',#6038);
#2439=VERTEX_POINT('',#6039);
#2440=VERTEX_POINT('',#6041);
#2441=VERTEX_POINT('',#6044);
#2442=VERTEX_POINT('',#6046);
#2443=VERTEX_POINT('',#6048);
#2444=VERTEX_POINT('',#6050);
#2445=VERTEX_POINT('',#6052);
#2446=VERTEX_POINT('',#6056);
#2447=VERTEX_POINT('',#6057);
#2448=VERTEX_POINT('',#6059);
#2449=VERTEX_POINT('',#6064);
#2450=VERTEX_POINT('',#6065);
#2451=VERTEX_POINT('',#6067);
#2452=VERTEX_POINT('',#6069);
#2453=VERTEX_POINT('',#6072);
#2454=VERTEX_POINT('',#6073);
#2455=VERTEX_POINT('',#6075);
#2456=VERTEX_POINT('',#6077);
#2457=VERTEX_POINT('',#6080);
#2458=VERTEX_POINT('',#6081);
#2459=VERTEX_POINT('',#6083);
#2460=VERTEX_POINT('',#6085);
#2461=VERTEX_POINT('',#6087);
#2462=VERTEX_POINT('',#6090);
#2463=VERTEX_POINT('',#6092);
#2464=VERTEX_POINT('',#6094);
#2465=VERTEX_POINT('',#6096);
#2466=VERTEX_POINT('',#6098);
#2467=VERTEX_POINT('',#6102);
#2468=VERTEX_POINT('',#6103);
#2469=VERTEX_POINT('',#6105);
#2470=VERTEX_POINT('',#6107);
#2471=VERTEX_POINT('',#6111);
#2472=VERTEX_POINT('',#6112);
#2473=VERTEX_POINT('',#6117);
#2474=VERTEX_POINT('',#6118);
#2475=VERTEX_POINT('',#6120);
#2476=VERTEX_POINT('',#6122);
#2477=VERTEX_POINT('',#6124);
#2478=VERTEX_POINT('',#6127);
#2479=VERTEX_POINT('',#6128);
#2480=VERTEX_POINT('',#6130);
#2481=VERTEX_POINT('',#6132);
#2482=VERTEX_POINT('',#6134);
#2483=VERTEX_POINT('',#6137);
#2484=VERTEX_POINT('',#6138);
#2485=VERTEX_POINT('',#6140);
#2486=VERTEX_POINT('',#6142);
#2487=VERTEX_POINT('',#6144);
#2488=VERTEX_POINT('',#6147);
#2489=VERTEX_POINT('',#6148);
#2490=VERTEX_POINT('',#6150);
#2491=VERTEX_POINT('',#6152);
#2492=VERTEX_POINT('',#6154);
#2493=VERTEX_POINT('',#6157);
#2494=VERTEX_POINT('',#6158);
#2495=VERTEX_POINT('',#6160);
#2496=VERTEX_POINT('',#6162);
#2497=VERTEX_POINT('',#6165);
#2498=VERTEX_POINT('',#6166);
#2499=VERTEX_POINT('',#6168);
#2500=VERTEX_POINT('',#6170);
#2501=VERTEX_POINT('',#6172);
#2502=VERTEX_POINT('',#6176);
#2503=VERTEX_POINT('',#6179);
#2504=VERTEX_POINT('',#6184);
#2505=VERTEX_POINT('',#6185);
#2506=VERTEX_POINT('',#6187);
#2507=VERTEX_POINT('',#6189);
#2508=VERTEX_POINT('',#6194);
#2509=VERTEX_POINT('',#6196);
#2510=VERTEX_POINT('',#6198);
#2511=VERTEX_POINT('',#6200);
#2512=VERTEX_POINT('',#6205);
#2513=VERTEX_POINT('',#6207);
#2514=VERTEX_POINT('',#6211);
#2515=VERTEX_POINT('',#6213);
#2516=VERTEX_POINT('',#6228);
#2517=VERTEX_POINT('',#6230);
#2518=VERTEX_POINT('',#6239);
#2519=VERTEX_POINT('',#6241);
#2520=VERTEX_POINT('',#6250);
#2521=VERTEX_POINT('',#6252);
#2522=VERTEX_POINT('',#6259);
#2523=VERTEX_POINT('',#6266);
#2524=VERTEX_POINT('',#6268);
#2525=VERTEX_POINT('',#6272);
#2526=VERTEX_POINT('',#6283);
#2527=VERTEX_POINT('',#6285);
#2528=VERTEX_POINT('',#6289);
#2529=VERTEX_POINT('',#6293);
#2530=VERTEX_POINT('',#6297);
#2531=VERTEX_POINT('',#6303);
#2532=VERTEX_POINT('',#6304);
#2533=VERTEX_POINT('',#6306);
#2534=VERTEX_POINT('',#6308);
#2535=VERTEX_POINT('',#6320);
#2536=VERTEX_POINT('',#6322);
#2537=VERTEX_POINT('',#6326);
#2538=VERTEX_POINT('',#6330);
#2539=VERTEX_POINT('',#6334);
#2540=VERTEX_POINT('',#6340);
#2541=VERTEX_POINT('',#6341);
#2542=VERTEX_POINT('',#6343);
#2543=VERTEX_POINT('',#6345);
#2544=VERTEX_POINT('',#6359);
#2545=VERTEX_POINT('',#6361);
#2546=VERTEX_POINT('',#6365);
#2547=VERTEX_POINT('',#6369);
#2548=VERTEX_POINT('',#6373);
#2549=VERTEX_POINT('',#6379);
#2550=VERTEX_POINT('',#6380);
#2551=VERTEX_POINT('',#6382);
#2552=VERTEX_POINT('',#6384);
#2553=VERTEX_POINT('',#6398);
#2554=VERTEX_POINT('',#6400);
#2555=VERTEX_POINT('',#6404);
#2556=VERTEX_POINT('',#6406);
#2557=VERTEX_POINT('',#6415);
#2558=VERTEX_POINT('',#6417);
#2559=VERTEX_POINT('',#6421);
#2560=VERTEX_POINT('',#6423);
#2561=VERTEX_POINT('',#6433);
#2562=VERTEX_POINT('',#6448);
#2563=VERTEX_POINT('',#6449);
#2564=VERTEX_POINT('',#6454);
#2565=VERTEX_POINT('',#6456);
#2566=VERTEX_POINT('',#6496);
#2567=VERTEX_POINT('',#6497);
#2568=VERTEX_POINT('',#6502);
#2569=VERTEX_POINT('',#6504);
#2570=VERTEX_POINT('',#6544);
#2571=VERTEX_POINT('',#6545);
#2572=VERTEX_POINT('',#6550);
#2573=VERTEX_POINT('',#6552);
#2574=VERTEX_POINT('',#6592);
#2575=VERTEX_POINT('',#6594);
#2576=VERTEX_POINT('',#6598);
#2577=VERTEX_POINT('',#6599);
#2578=VERTEX_POINT('',#6640);
#2579=VERTEX_POINT('',#6642);
#2580=VERTEX_POINT('',#6646);
#2581=VERTEX_POINT('',#6647);
#2582=VERTEX_POINT('',#6688);
#2583=VERTEX_POINT('',#6690);
#2584=VERTEX_POINT('',#6694);
#2585=VERTEX_POINT('',#6695);
#2586=EDGE_CURVE('',#2230,#2231,#3155,.T.);
#2587=EDGE_CURVE('',#2230,#2232,#3156,.T.);
#2588=EDGE_CURVE('',#2232,#2233,#3157,.T.);
#2589=EDGE_CURVE('',#2231,#2233,#3158,.T.);
#2590=EDGE_CURVE('',#2234,#2235,#101,.T.);
#2591=EDGE_CURVE('',#2235,#2236,#3159,.T.);
#2592=EDGE_CURVE('',#2236,#2237,#102,.T.);
#2593=EDGE_CURVE('',#2237,#2238,#103,.T.);
#2594=EDGE_CURVE('',#2238,#2239,#104,.T.);
#2595=EDGE_CURVE('',#2239,#2240,#3160,.T.);
#2596=EDGE_CURVE('',#2241,#2240,#3161,.T.);
#2597=EDGE_CURVE('',#2241,#2242,#3162,.T.);
#2598=EDGE_CURVE('',#2242,#2243,#105,.T.);
#2599=EDGE_CURVE('',#2243,#2234,#106,.T.);
#2600=EDGE_CURVE('',#2244,#2245,#3163,.T.);
#2601=EDGE_CURVE('',#2246,#2244,#107,.T.);
#2602=EDGE_CURVE('',#2247,#2246,#108,.T.);
#2603=EDGE_CURVE('',#2248,#2247,#109,.T.);
#2604=EDGE_CURVE('',#2249,#2248,#3164,.T.);
#2605=EDGE_CURVE('',#2249,#2250,#3165,.T.);
#2606=EDGE_CURVE('',#2251,#2250,#3166,.T.);
#2607=EDGE_CURVE('',#2252,#2251,#110,.T.);
#2608=EDGE_CURVE('',#2253,#2252,#111,.T.);
#2609=EDGE_CURVE('',#2245,#2253,#112,.T.);
#2610=EDGE_CURVE('',#2254,#2255,#3167,.T.);
#2611=EDGE_CURVE('',#2255,#2256,#3168,.T.);
#2612=EDGE_CURVE('',#2257,#2256,#3169,.T.);
#2613=EDGE_CURVE('',#2254,#2257,#3170,.T.);
#2614=EDGE_CURVE('',#2258,#2259,#3171,.T.);
#2615=EDGE_CURVE('',#2258,#2260,#3172,.T.);
#2616=EDGE_CURVE('',#2260,#2261,#3173,.T.);
#2617=EDGE_CURVE('',#2259,#2261,#3174,.T.);
#2618=EDGE_CURVE('',#2262,#2263,#113,.T.);
#2619=EDGE_CURVE('',#2263,#2264,#3175,.T.);
#2620=EDGE_CURVE('',#2264,#2265,#114,.T.);
#2621=EDGE_CURVE('',#2265,#2266,#115,.T.);
#2622=EDGE_CURVE('',#2266,#2267,#116,.T.);
#2623=EDGE_CURVE('',#2267,#2268,#3176,.T.);
#2624=EDGE_CURVE('',#2269,#2268,#3177,.T.);
#2625=EDGE_CURVE('',#2269,#2270,#3178,.T.);
#2626=EDGE_CURVE('',#2270,#2271,#117,.T.);
#2627=EDGE_CURVE('',#2271,#2262,#118,.T.);
#2628=EDGE_CURVE('',#2272,#2273,#3179,.T.);
#2629=EDGE_CURVE('',#2274,#2272,#119,.T.);
#2630=EDGE_CURVE('',#2275,#2274,#120,.T.);
#2631=EDGE_CURVE('',#2276,#2275,#121,.T.);
#2632=EDGE_CURVE('',#2277,#2276,#3180,.T.);
#2633=EDGE_CURVE('',#2277,#2278,#3181,.T.);
#2634=EDGE_CURVE('',#2279,#2278,#3182,.T.);
#2635=EDGE_CURVE('',#2280,#2279,#122,.T.);
#2636=EDGE_CURVE('',#2281,#2280,#123,.T.);
#2637=EDGE_CURVE('',#2273,#2281,#124,.T.);
#2638=EDGE_CURVE('',#2282,#2283,#3183,.T.);
#2639=EDGE_CURVE('',#2283,#2284,#3184,.T.);
#2640=EDGE_CURVE('',#2285,#2284,#3185,.T.);
#2641=EDGE_CURVE('',#2282,#2285,#3186,.T.);
#2642=EDGE_CURVE('',#2286,#2287,#3187,.T.);
#2643=EDGE_CURVE('',#2286,#2288,#3188,.T.);
#2644=EDGE_CURVE('',#2288,#2289,#3189,.T.);
#2645=EDGE_CURVE('',#2287,#2289,#3190,.T.);
#2646=EDGE_CURVE('',#2290,#2291,#125,.T.);
#2647=EDGE_CURVE('',#2291,#2292,#3191,.T.);
#2648=EDGE_CURVE('',#2292,#2293,#126,.T.);
#2649=EDGE_CURVE('',#2293,#2294,#127,.T.);
#2650=EDGE_CURVE('',#2294,#2295,#128,.T.);
#2651=EDGE_CURVE('',#2295,#2296,#3192,.T.);
#2652=EDGE_CURVE('',#2297,#2296,#3193,.T.);
#2653=EDGE_CURVE('',#2297,#2298,#3194,.T.);
#2654=EDGE_CURVE('',#2298,#2299,#129,.T.);
#2655=EDGE_CURVE('',#2299,#2290,#130,.T.);
#2656=EDGE_CURVE('',#2300,#2301,#3195,.T.);
#2657=EDGE_CURVE('',#2302,#2300,#131,.T.);
#2658=EDGE_CURVE('',#2303,#2302,#132,.T.);
#2659=EDGE_CURVE('',#2304,#2303,#133,.T.);
#2660=EDGE_CURVE('',#2305,#2304,#3196,.T.);
#2661=EDGE_CURVE('',#2305,#2306,#3197,.T.);
#2662=EDGE_CURVE('',#2307,#2306,#3198,.T.);
#2663=EDGE_CURVE('',#2308,#2307,#134,.T.);
#2664=EDGE_CURVE('',#2309,#2308,#135,.T.);
#2665=EDGE_CURVE('',#2301,#2309,#136,.T.);
#2666=EDGE_CURVE('',#2310,#2311,#3199,.T.);
#2667=EDGE_CURVE('',#2311,#2312,#3200,.T.);
#2668=EDGE_CURVE('',#2313,#2312,#3201,.T.);
#2669=EDGE_CURVE('',#2310,#2313,#3202,.T.);
#2670=EDGE_CURVE('',#2314,#2315,#3203,.T.);
#2671=EDGE_CURVE('',#2315,#2316,#3204,.T.);
#2672=EDGE_CURVE('',#2317,#2316,#3205,.T.);
#2673=EDGE_CURVE('',#2314,#2317,#3206,.T.);
#2674=EDGE_CURVE('',#2318,#2319,#3207,.T.);
#2675=EDGE_CURVE('',#2318,#2320,#137,.T.);
#2676=EDGE_CURVE('',#2320,#2321,#138,.T.);
#2677=EDGE_CURVE('',#2321,#2322,#139,.T.);
#2678=EDGE_CURVE('',#2322,#2323,#3208,.T.);
#2679=EDGE_CURVE('',#2323,#2324,#3209,.T.);
#2680=EDGE_CURVE('',#2324,#2325,#3210,.T.);
#2681=EDGE_CURVE('',#2325,#2326,#140,.T.);
#2682=EDGE_CURVE('',#2326,#2327,#141,.T.);
#2683=EDGE_CURVE('',#2327,#2319,#142,.T.);
#2684=EDGE_CURVE('',#2328,#2329,#143,.T.);
#2685=EDGE_CURVE('',#2328,#2330,#3211,.T.);
#2686=EDGE_CURVE('',#2331,#2330,#144,.T.);
#2687=EDGE_CURVE('',#2332,#2331,#145,.T.);
#2688=EDGE_CURVE('',#2333,#2332,#146,.T.);
#2689=EDGE_CURVE('',#2334,#2333,#3212,.T.);
#2690=EDGE_CURVE('',#2335,#2334,#3213,.T.);
#2691=EDGE_CURVE('',#2336,#2335,#3214,.T.);
#2692=EDGE_CURVE('',#2337,#2336,#147,.T.);
#2693=EDGE_CURVE('',#2329,#2337,#148,.T.);
#2694=EDGE_CURVE('',#2338,#2339,#3215,.T.);
#2695=EDGE_CURVE('',#2338,#2340,#3216,.T.);
#2696=EDGE_CURVE('',#2340,#2341,#3217,.T.);
#2697=EDGE_CURVE('',#2339,#2341,#3218,.T.);
#2698=EDGE_CURVE('',#2241,#2249,#3219,.T.);
#2699=EDGE_CURVE('',#2250,#2240,#3220,.T.);
#2700=EDGE_CURVE('',#2269,#2277,#3221,.T.);
#2701=EDGE_CURVE('',#2278,#2268,#3222,.T.);
#2702=EDGE_CURVE('',#2297,#2305,#3223,.T.);
#2703=EDGE_CURVE('',#2306,#2296,#3224,.T.);
#2704=EDGE_CURVE('',#2342,#2343,#3225,.T.);
#2705=EDGE_CURVE('',#2344,#2342,#3226,.T.);
#2706=EDGE_CURVE('',#2344,#2345,#3227,.T.);
#2707=EDGE_CURVE('',#2343,#2345,#3228,.T.);
#2708=EDGE_CURVE('',#2346,#2347,#3229,.T.);
#2709=EDGE_CURVE('',#2346,#2348,#3230,.T.);
#2710=EDGE_CURVE('',#2349,#2348,#3231,.T.);
#2711=EDGE_CURVE('',#2350,#2349,#3232,.T.);
#2712=EDGE_CURVE('',#2351,#2350,#3233,.T.);
#2713=EDGE_CURVE('',#2352,#2351,#3234,.T.);
#2714=EDGE_CURVE('',#2352,#2353,#3235,.T.);
#2715=EDGE_CURVE('',#2347,#2353,#3236,.T.);
#2716=EDGE_CURVE('',#2354,#2355,#3237,.T.);
#2717=EDGE_CURVE('',#2356,#2354,#3238,.T.);
#2718=EDGE_CURVE('',#2356,#2357,#3239,.T.);
#2719=EDGE_CURVE('',#2355,#2357,#3240,.T.);
#2720=EDGE_CURVE('',#2335,#2323,#3241,.T.);
#2721=EDGE_CURVE('',#2324,#2334,#3242,.T.);
#2722=EDGE_CURVE('',#2358,#2359,#3243,.T.);
#2723=EDGE_CURVE('',#2360,#2358,#3244,.T.);
#2724=EDGE_CURVE('',#2361,#2360,#3245,.T.);
#2725=EDGE_CURVE('',#2359,#2361,#3246,.T.);
#2726=EDGE_CURVE('',#2362,#2363,#3247,.T.);
#2727=EDGE_CURVE('',#2363,#2364,#3248,.T.);
#2728=EDGE_CURVE('',#2364,#2365,#3249,.T.);
#2729=EDGE_CURVE('',#2362,#2365,#3250,.T.);
#2730=EDGE_CURVE('',#2366,#2367,#3251,.T.);
#2731=EDGE_CURVE('',#2367,#2368,#3252,.T.);
#2732=EDGE_CURVE('',#2369,#2368,#3253,.T.);
#2733=EDGE_CURVE('',#2366,#2369,#3254,.T.);
#2734=EDGE_CURVE('',#2370,#2371,#3255,.T.);
#2735=EDGE_CURVE('',#2370,#2372,#149,.T.);
#2736=EDGE_CURVE('',#2372,#2373,#150,.T.);
#2737=EDGE_CURVE('',#2373,#2374,#151,.T.);
#2738=EDGE_CURVE('',#2374,#2342,#3256,.T.);
#2739=EDGE_CURVE('',#2343,#2375,#3257,.T.);
#2740=EDGE_CURVE('',#2375,#2376,#152,.T.);
#2741=EDGE_CURVE('',#2376,#2377,#153,.T.);
#2742=EDGE_CURVE('',#2377,#2371,#154,.T.);
#2743=EDGE_CURVE('',#2378,#2379,#155,.T.);
#2744=EDGE_CURVE('',#2378,#2380,#3258,.T.);
#2745=EDGE_CURVE('',#2381,#2380,#156,.T.);
#2746=EDGE_CURVE('',#2382,#2381,#157,.T.);
#2747=EDGE_CURVE('',#2383,#2382,#158,.T.);
#2748=EDGE_CURVE('',#2345,#2383,#3259,.T.);
#2749=EDGE_CURVE('',#2384,#2344,#3260,.T.);
#2750=EDGE_CURVE('',#2385,#2384,#159,.T.);
#2751=EDGE_CURVE('',#2379,#2385,#160,.T.);
#2752=EDGE_CURVE('',#2386,#2387,#3261,.T.);
#2753=EDGE_CURVE('',#2386,#2388,#3262,.T.);
#2754=EDGE_CURVE('',#2388,#2389,#3263,.T.);
#2755=EDGE_CURVE('',#2387,#2389,#3264,.T.);
#2756=EDGE_CURVE('',#2390,#2391,#3265,.T.);
#2757=EDGE_CURVE('',#2392,#2390,#3266,.T.);
#2758=EDGE_CURVE('',#2393,#2392,#3267,.T.);
#2759=EDGE_CURVE('',#2394,#2393,#3268,.T.);
#2760=EDGE_CURVE('',#2391,#2394,#3269,.T.);
#2761=EDGE_CURVE('',#2395,#2396,#3270,.T.);
#2762=EDGE_CURVE('',#2396,#2397,#3271,.T.);
#2763=EDGE_CURVE('',#2397,#2398,#3272,.T.);
#2764=EDGE_CURVE('',#2395,#2398,#3273,.T.);
#2765=EDGE_CURVE('',#2399,#2400,#3274,.T.);
#2766=EDGE_CURVE('',#2400,#2401,#3275,.T.);
#2767=EDGE_CURVE('',#2402,#2401,#3276,.T.);
#2768=EDGE_CURVE('',#2399,#2402,#3277,.T.);
#2769=EDGE_CURVE('',#2403,#2404,#3278,.T.);
#2770=EDGE_CURVE('',#2403,#2405,#161,.T.);
#2771=EDGE_CURVE('',#2405,#2406,#162,.T.);
#2772=EDGE_CURVE('',#2406,#2407,#163,.T.);
#2773=EDGE_CURVE('',#2407,#2354,#3279,.T.);
#2774=EDGE_CURVE('',#2355,#2408,#3280,.T.);
#2775=EDGE_CURVE('',#2408,#2409,#164,.T.);
#2776=EDGE_CURVE('',#2409,#2410,#165,.T.);
#2777=EDGE_CURVE('',#2410,#2404,#166,.T.);
#2778=EDGE_CURVE('',#2411,#2412,#167,.T.);
#2779=EDGE_CURVE('',#2411,#2413,#3281,.T.);
#2780=EDGE_CURVE('',#2414,#2413,#168,.T.);
#2781=EDGE_CURVE('',#2415,#2414,#169,.T.);
#2782=EDGE_CURVE('',#2416,#2415,#170,.T.);
#2783=EDGE_CURVE('',#2357,#2416,#3282,.T.);
#2784=EDGE_CURVE('',#2417,#2356,#3283,.T.);
#2785=EDGE_CURVE('',#2418,#2417,#171,.T.);
#2786=EDGE_CURVE('',#2412,#2418,#172,.T.);
#2787=EDGE_CURVE('',#2419,#2420,#3284,.T.);
#2788=EDGE_CURVE('',#2419,#2421,#3285,.T.);
#2789=EDGE_CURVE('',#2421,#2422,#3286,.T.);
#2790=EDGE_CURVE('',#2420,#2422,#3287,.T.);
#2791=EDGE_CURVE('',#2423,#2424,#3288,.T.);
#2792=EDGE_CURVE('',#2425,#2423,#3289,.T.);
#2793=EDGE_CURVE('',#2426,#2425,#3290,.T.);
#2794=EDGE_CURVE('',#2427,#2426,#3291,.T.);
#2795=EDGE_CURVE('',#2424,#2427,#3292,.T.);
#2796=EDGE_CURVE('',#2428,#2429,#3293,.T.);
#2797=EDGE_CURVE('',#2429,#2430,#3294,.T.);
#2798=EDGE_CURVE('',#2430,#2431,#3295,.T.);
#2799=EDGE_CURVE('',#2428,#2431,#3296,.T.);
#2800=EDGE_CURVE('',#2432,#2433,#3297,.T.);
#2801=EDGE_CURVE('',#2433,#2434,#3298,.T.);
#2802=EDGE_CURVE('',#2434,#2432,#3299,.T.);
#2803=EDGE_CURVE('',#2435,#2432,#3300,.T.);
#2804=EDGE_CURVE('',#2432,#2436,#3301,.T.);
#2805=EDGE_CURVE('',#2435,#2436,#3302,.T.);
#2806=EDGE_CURVE('',#2437,#2433,#3303,.T.);
#2807=EDGE_CURVE('',#2433,#2435,#3304,.T.);
#2808=EDGE_CURVE('',#2435,#2346,#3305,.T.);
#2809=EDGE_CURVE('',#2347,#2437,#3306,.T.);
#2810=EDGE_CURVE('',#2438,#2439,#3307,.T.);
#2811=EDGE_CURVE('',#2438,#2440,#3308,.T.);
#2812=EDGE_CURVE('',#2440,#2351,#3309,.T.);
#2813=EDGE_CURVE('',#2350,#2441,#3310,.T.);
#2814=EDGE_CURVE('',#2441,#2442,#3311,.T.);
#2815=EDGE_CURVE('',#2442,#2443,#3312,.T.);
#2816=EDGE_CURVE('',#2443,#2444,#3313,.T.);
#2817=EDGE_CURVE('',#2444,#2445,#3314,.T.);
#2818=EDGE_CURVE('',#2445,#2439,#3315,.T.);
#2819=EDGE_CURVE('',#2446,#2447,#3316,.T.);
#2820=EDGE_CURVE('',#2448,#2446,#3317,.T.);
#2821=EDGE_CURVE('',#2353,#2448,#3318,.T.);
#2822=EDGE_CURVE('',#2447,#2352,#3319,.T.);
#2823=EDGE_CURVE('',#2449,#2450,#3320,.T.);
#2824=EDGE_CURVE('',#2451,#2449,#3321,.T.);
#2825=EDGE_CURVE('',#2451,#2452,#3322,.T.);
#2826=EDGE_CURVE('',#2452,#2450,#3323,.T.);
#2827=EDGE_CURVE('',#2453,#2454,#3324,.T.);
#2828=EDGE_CURVE('',#2455,#2453,#3325,.T.);
#2829=EDGE_CURVE('',#2455,#2456,#3326,.T.);
#2830=EDGE_CURVE('',#2456,#2454,#3327,.T.);
#2831=EDGE_CURVE('',#2457,#2458,#3328,.T.);
#2832=EDGE_CURVE('',#2458,#2459,#3329,.T.);
#2833=EDGE_CURVE('',#2459,#2460,#3330,.T.);
#2834=EDGE_CURVE('',#2460,#2461,#3331,.T.);
#2835=EDGE_CURVE('',#2461,#2347,#3332,.T.);
#2836=EDGE_CURVE('',#2353,#2462,#3333,.T.);
#2837=EDGE_CURVE('',#2463,#2462,#3334,.T.);
#2838=EDGE_CURVE('',#2464,#2463,#3335,.T.);
#2839=EDGE_CURVE('',#2464,#2465,#3336,.T.);
#2840=EDGE_CURVE('',#2465,#2466,#3337,.T.);
#2841=EDGE_CURVE('',#2457,#2466,#3338,.T.);
#2842=EDGE_CURVE('',#2467,#2468,#3339,.T.);
#2843=EDGE_CURVE('',#2468,#2469,#3340,.T.);
#2844=EDGE_CURVE('',#2470,#2469,#3341,.T.);
#2845=EDGE_CURVE('',#2470,#2467,#3342,.T.);
#2846=EDGE_CURVE('',#2471,#2472,#3343,.T.);
#2847=EDGE_CURVE('',#2472,#2442,#3344,.T.);
#2848=EDGE_CURVE('',#2441,#2471,#3345,.T.);
#2849=EDGE_CURVE('',#2473,#2474,#3346,.T.);
#2850=EDGE_CURVE('',#2475,#2473,#3347,.T.);
#2851=EDGE_CURVE('',#2476,#2475,#3348,.T.);
#2852=EDGE_CURVE('',#2477,#2476,#3349,.T.);
#2853=EDGE_CURVE('',#2474,#2477,#3350,.T.);
#2854=EDGE_CURVE('',#2478,#2479,#3351,.T.);
#2855=EDGE_CURVE('',#2480,#2478,#3352,.T.);
#2856=EDGE_CURVE('',#2481,#2480,#3353,.T.);
#2857=EDGE_CURVE('',#2482,#2481,#3354,.T.);
#2858=EDGE_CURVE('',#2479,#2482,#3355,.T.);
#2859=EDGE_CURVE('',#2483,#2484,#3356,.T.);
#2860=EDGE_CURVE('',#2485,#2483,#3357,.T.);
#2861=EDGE_CURVE('',#2486,#2485,#3358,.T.);
#2862=EDGE_CURVE('',#2487,#2486,#3359,.T.);
#2863=EDGE_CURVE('',#2484,#2487,#3360,.T.);
#2864=EDGE_CURVE('',#2488,#2489,#3361,.T.);
#2865=EDGE_CURVE('',#2490,#2488,#3362,.T.);
#2866=EDGE_CURVE('',#2491,#2490,#3363,.T.);
#2867=EDGE_CURVE('',#2492,#2491,#3364,.T.);
#2868=EDGE_CURVE('',#2489,#2492,#3365,.T.);
#2869=EDGE_CURVE('',#2493,#2494,#3366,.T.);
#2870=EDGE_CURVE('',#2495,#2493,#3367,.T.);
#2871=EDGE_CURVE('',#2496,#2495,#3368,.T.);
#2872=EDGE_CURVE('',#2494,#2496,#3369,.T.);
#2873=EDGE_CURVE('',#2497,#2498,#3370,.T.);
#2874=EDGE_CURVE('',#2499,#2497,#3371,.T.);
#2875=EDGE_CURVE('',#2500,#2499,#3372,.T.);
#2876=EDGE_CURVE('',#2501,#2500,#3373,.T.);
#2877=EDGE_CURVE('',#2498,#2501,#3374,.T.);
#2878=EDGE_CURVE('',#2471,#2470,#3375,.T.);
#2879=EDGE_CURVE('',#2469,#2502,#3376,.T.);
#2880=EDGE_CURVE('',#2502,#2457,#3377,.T.);
#2881=EDGE_CURVE('',#2503,#2466,#3378,.T.);
#2882=EDGE_CURVE('',#2472,#2503,#3379,.T.);
#2883=EDGE_CURVE('',#2349,#2467,#3380,.T.);
#2884=EDGE_CURVE('',#2504,#2505,#3381,.T.);
#2885=EDGE_CURVE('',#2505,#2506,#3382,.T.);
#2886=EDGE_CURVE('',#2507,#2506,#3383,.T.);
#2887=EDGE_CURVE('',#2504,#2507,#3384,.T.);
#2888=EDGE_CURVE('',#2434,#2436,#3385,.T.);
#2889=EDGE_CURVE('',#2434,#2508,#3386,.T.);
#2890=EDGE_CURVE('',#2509,#2508,#3387,.T.);
#2891=EDGE_CURVE('',#2509,#2510,#3388,.T.);
#2892=EDGE_CURVE('',#2511,#2510,#3389,.T.);
#2893=EDGE_CURVE('',#2468,#2511,#3390,.T.);
#2894=EDGE_CURVE('',#2436,#2348,#3391,.T.);
#2895=EDGE_CURVE('',#2512,#2505,#3392,.T.);
#2896=EDGE_CURVE('',#2513,#2504,#3393,.T.);
#2897=EDGE_CURVE('',#2513,#2512,#3394,.T.);
#2898=EDGE_CURVE('',#2506,#2514,#3395,.T.);
#2899=EDGE_CURVE('',#2515,#2514,#3396,.T.);
#2900=EDGE_CURVE('',#2507,#2515,#3397,.T.);
#2901=EDGE_CURVE('',#2514,#2512,#3398,.T.);
#2902=EDGE_CURVE('',#2515,#2513,#3399,.T.);
#2903=EDGE_CURVE('',#2510,#2458,#3400,.T.);
#2904=EDGE_CURVE('',#2511,#2502,#3401,.T.);
#2905=EDGE_CURVE('',#2465,#2444,#3402,.T.);
#2906=EDGE_CURVE('',#2503,#2443,#3403,.T.);
#2907=EDGE_CURVE('',#2503,#2516,#3404,.T.);
#2908=EDGE_CURVE('',#2516,#2517,#3405,.T.);
#2909=EDGE_CURVE('',#2472,#2517,#3406,.T.);
#2910=EDGE_CURVE('',#2516,#2443,#3407,.T.);
#2911=EDGE_CURVE('',#2517,#2442,#3408,.T.);
#2912=EDGE_CURVE('',#2518,#2502,#3409,.T.);
#2913=EDGE_CURVE('',#2519,#2469,#3410,.T.);
#2914=EDGE_CURVE('',#2518,#2519,#3411,.T.);
#2915=EDGE_CURVE('',#2511,#2518,#3412,.T.);
#2916=EDGE_CURVE('',#2468,#2519,#3413,.T.);
#2917=EDGE_CURVE('',#2463,#2520,#3414,.T.);
#2918=EDGE_CURVE('',#2521,#2520,#3415,.T.);
#2919=EDGE_CURVE('',#2464,#2521,#3416,.T.);
#2920=EDGE_CURVE('',#2445,#2464,#3417,.T.);
#2921=EDGE_CURVE('',#2439,#2521,#3418,.T.);
#2922=EDGE_CURVE('',#2462,#2522,#3419,.T.);
#2923=EDGE_CURVE('',#2520,#2522,#3420,.T.);
#2924=EDGE_CURVE('',#2448,#2522,#3421,.T.);
#2925=EDGE_CURVE('',#2446,#2438,#3422,.T.);
#2926=EDGE_CURVE('',#2460,#2523,#3423,.T.);
#2927=EDGE_CURVE('',#2523,#2524,#3424,.T.);
#2928=EDGE_CURVE('',#2461,#2524,#3425,.T.);
#2929=EDGE_CURVE('',#2459,#2525,#3426,.T.);
#2930=EDGE_CURVE('',#2525,#2523,#3427,.T.);
#2931=EDGE_CURVE('',#2459,#2509,#3428,.T.);
#2932=EDGE_CURVE('',#2508,#2525,#3429,.T.);
#2933=EDGE_CURVE('',#2437,#2524,#3430,.T.);
#2934=EDGE_CURVE('',#2498,#2526,#3431,.T.);
#2935=EDGE_CURVE('',#2526,#2527,#3432,.T.);
#2936=EDGE_CURVE('',#2497,#2527,#3433,.T.);
#2937=EDGE_CURVE('',#2501,#2528,#3434,.T.);
#2938=EDGE_CURVE('',#2528,#2526,#3435,.T.);
#2939=EDGE_CURVE('',#2500,#2529,#3436,.T.);
#2940=EDGE_CURVE('',#2529,#2528,#3437,.T.);
#2941=EDGE_CURVE('',#2499,#2530,#3438,.T.);
#2942=EDGE_CURVE('',#2530,#2529,#3439,.T.);
#2943=EDGE_CURVE('',#2527,#2530,#3440,.T.);
#2944=EDGE_CURVE('',#2531,#2532,#3441,.T.);
#2945=EDGE_CURVE('',#2531,#2533,#3442,.T.);
#2946=EDGE_CURVE('',#2533,#2534,#3443,.T.);
#2947=EDGE_CURVE('',#2534,#2532,#3444,.T.);
#2948=EDGE_CURVE('',#2494,#2358,#3445,.T.);
#2949=EDGE_CURVE('',#2493,#2359,#3446,.T.);
#2950=EDGE_CURVE('',#2496,#2360,#3447,.T.);
#2951=EDGE_CURVE('',#2495,#2361,#3448,.T.);
#2952=EDGE_CURVE('',#2489,#2535,#3449,.T.);
#2953=EDGE_CURVE('',#2535,#2536,#3450,.T.);
#2954=EDGE_CURVE('',#2488,#2536,#3451,.T.);
#2955=EDGE_CURVE('',#2492,#2537,#3452,.T.);
#2956=EDGE_CURVE('',#2537,#2535,#3453,.T.);
#2957=EDGE_CURVE('',#2491,#2538,#3454,.T.);
#2958=EDGE_CURVE('',#2538,#2537,#3455,.T.);
#2959=EDGE_CURVE('',#2490,#2539,#3456,.T.);
#2960=EDGE_CURVE('',#2539,#2538,#3457,.T.);
#2961=EDGE_CURVE('',#2536,#2539,#3458,.T.);
#2962=EDGE_CURVE('',#2540,#2541,#3459,.T.);
#2963=EDGE_CURVE('',#2540,#2542,#3460,.T.);
#2964=EDGE_CURVE('',#2542,#2543,#3461,.T.);
#2965=EDGE_CURVE('',#2543,#2541,#3462,.T.);
#2966=EDGE_CURVE('',#2484,#2390,#3463,.T.);
#2967=EDGE_CURVE('',#2483,#2391,#3464,.T.);
#2968=EDGE_CURVE('',#2487,#2392,#3465,.T.);
#2969=EDGE_CURVE('',#2486,#2393,#3466,.T.);
#2970=EDGE_CURVE('',#2485,#2394,#3467,.T.);
#2971=EDGE_CURVE('',#2479,#2544,#3468,.T.);
#2972=EDGE_CURVE('',#2544,#2545,#3469,.T.);
#2973=EDGE_CURVE('',#2478,#2545,#3470,.T.);
#2974=EDGE_CURVE('',#2482,#2546,#3471,.T.);
#2975=EDGE_CURVE('',#2546,#2544,#3472,.T.);
#2976=EDGE_CURVE('',#2481,#2547,#3473,.T.);
#2977=EDGE_CURVE('',#2547,#2546,#3474,.T.);
#2978=EDGE_CURVE('',#2480,#2548,#3475,.T.);
#2979=EDGE_CURVE('',#2548,#2547,#3476,.T.);
#2980=EDGE_CURVE('',#2545,#2548,#3477,.T.);
#2981=EDGE_CURVE('',#2549,#2550,#3478,.T.);
#2982=EDGE_CURVE('',#2549,#2551,#3479,.T.);
#2983=EDGE_CURVE('',#2551,#2552,#3480,.T.);
#2984=EDGE_CURVE('',#2552,#2550,#3481,.T.);
#2985=EDGE_CURVE('',#2474,#2423,#3482,.T.);
#2986=EDGE_CURVE('',#2473,#2424,#3483,.T.);
#2987=EDGE_CURVE('',#2477,#2425,#3484,.T.);
#2988=EDGE_CURVE('',#2476,#2426,#3485,.T.);
#2989=EDGE_CURVE('',#2475,#2427,#3486,.T.);
#2990=EDGE_CURVE('',#2553,#2455,#3487,.T.);
#2991=EDGE_CURVE('',#2554,#2453,#3488,.T.);
#2992=EDGE_CURVE('',#2553,#2554,#3489,.T.);
#2993=EDGE_CURVE('',#2555,#2553,#3490,.T.);
#2994=EDGE_CURVE('',#2556,#2554,#3491,.T.);
#2995=EDGE_CURVE('',#2555,#2556,#3492,.T.);
#2996=EDGE_CURVE('',#2456,#2555,#3493,.T.);
#2997=EDGE_CURVE('',#2454,#2556,#3494,.T.);
#2998=EDGE_CURVE('',#2557,#2451,#3495,.T.);
#2999=EDGE_CURVE('',#2558,#2449,#3496,.T.);
#3000=EDGE_CURVE('',#2557,#2558,#3497,.T.);
#3001=EDGE_CURVE('',#2559,#2557,#3498,.T.);
#3002=EDGE_CURVE('',#2560,#2558,#3499,.T.);
#3003=EDGE_CURVE('',#2559,#2560,#3500,.T.);
#3004=EDGE_CURVE('',#2452,#2559,#3501,.T.);
#3005=EDGE_CURVE('',#2450,#2560,#3502,.T.);
#3006=EDGE_CURVE('',#2561,#2446,#3503,.T.);
#3007=EDGE_CURVE('',#2438,#2561,#3504,.T.);
#3008=EDGE_CURVE('',#2447,#2561,#3505,.T.);
#3009=EDGE_CURVE('',#2447,#2440,#3506,.T.);
#3010=EDGE_CURVE('',#2561,#2440,#3507,.T.);
#3011=EDGE_CURVE('',#2562,#2563,#3508,.T.);
#3012=EDGE_CURVE('',#2563,#2400,#3509,.T.);
#3013=EDGE_CURVE('',#2399,#2562,#3510,.T.);
#3014=EDGE_CURVE('',#2401,#2564,#3511,.T.);
#3015=EDGE_CURVE('',#2565,#2564,#3512,.T.);
#3016=EDGE_CURVE('',#2565,#2402,#3513,.T.);
#3017=EDGE_CURVE('',#2429,#2562,#3514,.T.);
#3018=EDGE_CURVE('',#2562,#2565,#3515,.T.);
#3019=EDGE_CURVE('',#2565,#2430,#3516,.T.);
#3020=EDGE_CURVE('',#2563,#2564,#3517,.T.);
#3021=EDGE_CURVE('',#2428,#2563,#3518,.T.);
#3022=EDGE_CURVE('',#2564,#2431,#3519,.T.);
#3023=EDGE_CURVE('',#2408,#2416,#3520,.T.);
#3024=EDGE_CURVE('',#2407,#2417,#3521,.T.);
#3025=EDGE_CURVE('',#2409,#2415,#3522,.T.);
#3026=EDGE_CURVE('',#2410,#2414,#3523,.T.);
#3027=EDGE_CURVE('',#2404,#2413,#3524,.T.);
#3028=EDGE_CURVE('',#2421,#2404,#3525,.T.);
#3029=EDGE_CURVE('',#2413,#2422,#3526,.T.);
#3030=EDGE_CURVE('',#2403,#2411,#3527,.T.);
#3031=EDGE_CURVE('',#2403,#2419,#3528,.T.);
#3032=EDGE_CURVE('',#2420,#2411,#3529,.T.);
#3033=EDGE_CURVE('',#2405,#2412,#3530,.T.);
#3034=EDGE_CURVE('',#2406,#2418,#3531,.T.);
#3035=EDGE_CURVE('',#2566,#2567,#3532,.T.);
#3036=EDGE_CURVE('',#2567,#2367,#3533,.T.);
#3037=EDGE_CURVE('',#2366,#2566,#3534,.T.);
#3038=EDGE_CURVE('',#2368,#2568,#3535,.T.);
#3039=EDGE_CURVE('',#2569,#2568,#3536,.T.);
#3040=EDGE_CURVE('',#2569,#2369,#3537,.T.);
#3041=EDGE_CURVE('',#2396,#2566,#3538,.T.);
#3042=EDGE_CURVE('',#2566,#2569,#3539,.T.);
#3043=EDGE_CURVE('',#2569,#2397,#3540,.T.);
#3044=EDGE_CURVE('',#2567,#2568,#3541,.T.);
#3045=EDGE_CURVE('',#2395,#2567,#3542,.T.);
#3046=EDGE_CURVE('',#2568,#2398,#3543,.T.);
#3047=EDGE_CURVE('',#2375,#2383,#3544,.T.);
#3048=EDGE_CURVE('',#2374,#2384,#3545,.T.);
#3049=EDGE_CURVE('',#2376,#2382,#3546,.T.);
#3050=EDGE_CURVE('',#2377,#2381,#3547,.T.);
#3051=EDGE_CURVE('',#2371,#2380,#3548,.T.);
#3052=EDGE_CURVE('',#2388,#2371,#3549,.T.);
#3053=EDGE_CURVE('',#2380,#2389,#3550,.T.);
#3054=EDGE_CURVE('',#2370,#2378,#3551,.T.);
#3055=EDGE_CURVE('',#2370,#2386,#3552,.T.);
#3056=EDGE_CURVE('',#2387,#2378,#3553,.T.);
#3057=EDGE_CURVE('',#2372,#2379,#3554,.T.);
#3058=EDGE_CURVE('',#2373,#2385,#3555,.T.);
#3059=EDGE_CURVE('',#2570,#2571,#3556,.T.);
#3060=EDGE_CURVE('',#2571,#2315,#3557,.T.);
#3061=EDGE_CURVE('',#2314,#2570,#3558,.T.);
#3062=EDGE_CURVE('',#2316,#2572,#3559,.T.);
#3063=EDGE_CURVE('',#2573,#2572,#3560,.T.);
#3064=EDGE_CURVE('',#2573,#2317,#3561,.T.);
#3065=EDGE_CURVE('',#2363,#2570,#3562,.T.);
#3066=EDGE_CURVE('',#2570,#2573,#3563,.T.);
#3067=EDGE_CURVE('',#2573,#2364,#3564,.T.);
#3068=EDGE_CURVE('',#2571,#2572,#3565,.T.);
#3069=EDGE_CURVE('',#2362,#2571,#3566,.T.);
#3070=EDGE_CURVE('',#2572,#2365,#3567,.T.);
#3071=EDGE_CURVE('',#2325,#2333,#3568,.T.);
#3072=EDGE_CURVE('',#2322,#2336,#3569,.T.);
#3073=EDGE_CURVE('',#2326,#2332,#3570,.T.);
#3074=EDGE_CURVE('',#2327,#2331,#3571,.T.);
#3075=EDGE_CURVE('',#2319,#2330,#3572,.T.);
#3076=EDGE_CURVE('',#2340,#2319,#3573,.T.);
#3077=EDGE_CURVE('',#2330,#2341,#3574,.T.);
#3078=EDGE_CURVE('',#2318,#2328,#3575,.T.);
#3079=EDGE_CURVE('',#2318,#2338,#3576,.T.);
#3080=EDGE_CURVE('',#2339,#2328,#3577,.T.);
#3081=EDGE_CURVE('',#2320,#2329,#3578,.T.);
#3082=EDGE_CURVE('',#2321,#2337,#3579,.T.);
#3083=EDGE_CURVE('',#2288,#2574,#3580,.T.);
#3084=EDGE_CURVE('',#2574,#2575,#3581,.T.);
#3085=EDGE_CURVE('',#2575,#2289,#3582,.T.);
#3086=EDGE_CURVE('',#2576,#2577,#3583,.T.);
#3087=EDGE_CURVE('',#2576,#2286,#3584,.T.);
#3088=EDGE_CURVE('',#2287,#2577,#3585,.T.);
#3089=EDGE_CURVE('',#2576,#2574,#3586,.T.);
#3090=EDGE_CURVE('',#2576,#2549,#3587,.T.);
#3091=EDGE_CURVE('',#2550,#2574,#3588,.T.);
#3092=EDGE_CURVE('',#2577,#2551,#3589,.T.);
#3093=EDGE_CURVE('',#2577,#2575,#3590,.T.);
#3094=EDGE_CURVE('',#2552,#2575,#3591,.T.);
#3095=EDGE_CURVE('',#2298,#2304,#3592,.T.);
#3096=EDGE_CURVE('',#2295,#2307,#3593,.T.);
#3097=EDGE_CURVE('',#2299,#2303,#3594,.T.);
#3098=EDGE_CURVE('',#2290,#2302,#3595,.T.);
#3099=EDGE_CURVE('',#2291,#2300,#3596,.T.);
#3100=EDGE_CURVE('',#2300,#2311,#3597,.T.);
#3101=EDGE_CURVE('',#2310,#2291,#3598,.T.);
#3102=EDGE_CURVE('',#2312,#2301,#3599,.T.);
#3103=EDGE_CURVE('',#2292,#2301,#3600,.T.);
#3104=EDGE_CURVE('',#2292,#2313,#3601,.T.);
#3105=EDGE_CURVE('',#2293,#2309,#3602,.T.);
#3106=EDGE_CURVE('',#2294,#2308,#3603,.T.);
#3107=EDGE_CURVE('',#2260,#2578,#3604,.T.);
#3108=EDGE_CURVE('',#2578,#2579,#3605,.T.);
#3109=EDGE_CURVE('',#2579,#2261,#3606,.T.);
#3110=EDGE_CURVE('',#2580,#2581,#3607,.T.);
#3111=EDGE_CURVE('',#2580,#2258,#3608,.T.);
#3112=EDGE_CURVE('',#2259,#2581,#3609,.T.);
#3113=EDGE_CURVE('',#2580,#2578,#3610,.T.);
#3114=EDGE_CURVE('',#2580,#2540,#3611,.T.);
#3115=EDGE_CURVE('',#2541,#2578,#3612,.T.);
#3116=EDGE_CURVE('',#2581,#2542,#3613,.T.);
#3117=EDGE_CURVE('',#2581,#2579,#3614,.T.);
#3118=EDGE_CURVE('',#2543,#2579,#3615,.T.);
#3119=EDGE_CURVE('',#2270,#2276,#3616,.T.);
#3120=EDGE_CURVE('',#2267,#2279,#3617,.T.);
#3121=EDGE_CURVE('',#2271,#2275,#3618,.T.);
#3122=EDGE_CURVE('',#2262,#2274,#3619,.T.);
#3123=EDGE_CURVE('',#2263,#2272,#3620,.T.);
#3124=EDGE_CURVE('',#2272,#2283,#3621,.T.);
#3125=EDGE_CURVE('',#2282,#2263,#3622,.T.);
#3126=EDGE_CURVE('',#2284,#2273,#3623,.T.);
#3127=EDGE_CURVE('',#2264,#2273,#3624,.T.);
#3128=EDGE_CURVE('',#2264,#2285,#3625,.T.);
#3129=EDGE_CURVE('',#2265,#2281,#3626,.T.);
#3130=EDGE_CURVE('',#2266,#2280,#3627,.T.);
#3131=EDGE_CURVE('',#2232,#2582,#3628,.T.);
#3132=EDGE_CURVE('',#2582,#2583,#3629,.T.);
#3133=EDGE_CURVE('',#2583,#2233,#3630,.T.);
#3134=EDGE_CURVE('',#2584,#2585,#3631,.T.);
#3135=EDGE_CURVE('',#2584,#2230,#3632,.T.);
#3136=EDGE_CURVE('',#2231,#2585,#3633,.T.);
#3137=EDGE_CURVE('',#2584,#2582,#3634,.T.);
#3138=EDGE_CURVE('',#2584,#2531,#3635,.T.);
#3139=EDGE_CURVE('',#2532,#2582,#3636,.T.);
#3140=EDGE_CURVE('',#2585,#2533,#3637,.T.);
#3141=EDGE_CURVE('',#2585,#2583,#3638,.T.);
#3142=EDGE_CURVE('',#2534,#2583,#3639,.T.);
#3143=EDGE_CURVE('',#2242,#2248,#3640,.T.);
#3144=EDGE_CURVE('',#2239,#2251,#3641,.T.);
#3145=EDGE_CURVE('',#2243,#2247,#3642,.T.);
#3146=EDGE_CURVE('',#2234,#2246,#3643,.T.);
#3147=EDGE_CURVE('',#2235,#2244,#3644,.T.);
#3148=EDGE_CURVE('',#2244,#2255,#3645,.T.);
#3149=EDGE_CURVE('',#2254,#2235,#3646,.T.);
#3150=EDGE_CURVE('',#2256,#2245,#3647,.T.);
#3151=EDGE_CURVE('',#2236,#2245,#3648,.T.);
#3152=EDGE_CURVE('',#2236,#2257,#3649,.T.);
#3153=EDGE_CURVE('',#2237,#2253,#3650,.T.);
#3154=EDGE_CURVE('',#2238,#2252,#3651,.T.);
#3155=LINE('',#5574,#3652);
#3156=LINE('',#5577,#3653);
#3157=LINE('',#5579,#3654);
#3158=LINE('',#5581,#3655);
#3159=LINE('',#5586,#3656);
#3160=LINE('',#5594,#3657);
#3161=LINE('',#5596,#3658);
#3162=LINE('',#5598,#3659);
#3163=LINE('',#5604,#3660);
#3164=LINE('',#5613,#3661);
#3165=LINE('',#5615,#3662);
#3166=LINE('',#5617,#3663);
#3167=LINE('',#5625,#3664);
#3168=LINE('',#5628,#3665);
#3169=LINE('',#5630,#3666);
#3170=LINE('',#5632,#3667);
#3171=LINE('',#5634,#3668);
#3172=LINE('',#5637,#3669);
#3173=LINE('',#5639,#3670);
#3174=LINE('',#5641,#3671);
#3175=LINE('',#5646,#3672);
#3176=LINE('',#5654,#3673);
#3177=LINE('',#5656,#3674);
#3178=LINE('',#5658,#3675);
#3179=LINE('',#5664,#3676);
#3180=LINE('',#5673,#3677);
#3181=LINE('',#5675,#3678);
#3182=LINE('',#5677,#3679);
#3183=LINE('',#5685,#3680);
#3184=LINE('',#5688,#3681);
#3185=LINE('',#5690,#3682);
#3186=LINE('',#5692,#3683);
#3187=LINE('',#5694,#3684);
#3188=LINE('',#5697,#3685);
#3189=LINE('',#5699,#3686);
#3190=LINE('',#5701,#3687);
#3191=LINE('',#5706,#3688);
#3192=LINE('',#5714,#3689);
#3193=LINE('',#5716,#3690);
#3194=LINE('',#5718,#3691);
#3195=LINE('',#5724,#3692);
#3196=LINE('',#5733,#3693);
#3197=LINE('',#5735,#3694);
#3198=LINE('',#5737,#3695);
#3199=LINE('',#5745,#3696);
#3200=LINE('',#5748,#3697);
#3201=LINE('',#5750,#3698);
#3202=LINE('',#5752,#3699);
#3203=LINE('',#5754,#3700);
#3204=LINE('',#5757,#3701);
#3205=LINE('',#5759,#3702);
#3206=LINE('',#5761,#3703);
#3207=LINE('',#5763,#3704);
#3208=LINE('',#5772,#3705);
#3209=LINE('',#5774,#3706);
#3210=LINE('',#5776,#3707);
#3211=LINE('',#5787,#3708);
#3212=LINE('',#5795,#3709);
#3213=LINE('',#5797,#3710);
#3214=LINE('',#5799,#3711);
#3215=LINE('',#5805,#3712);
#3216=LINE('',#5808,#3713);
#3217=LINE('',#5810,#3714);
#3218=LINE('',#5812,#3715);
#3219=LINE('',#5814,#3716);
#3220=LINE('',#5815,#3717);
#3221=LINE('',#5816,#3718);
#3222=LINE('',#5817,#3719);
#3223=LINE('',#5818,#3720);
#3224=LINE('',#5819,#3721);
#3225=LINE('',#5820,#3722);
#3226=LINE('',#5823,#3723);
#3227=LINE('',#5825,#3724);
#3228=LINE('',#5827,#3725);
#3229=LINE('',#5828,#3726);
#3230=LINE('',#5831,#3727);
#3231=LINE('',#5833,#3728);
#3232=LINE('',#5835,#3729);
#3233=LINE('',#5837,#3730);
#3234=LINE('',#5839,#3731);
#3235=LINE('',#5841,#3732);
#3236=LINE('',#5843,#3733);
#3237=LINE('',#5844,#3734);
#3238=LINE('',#5847,#3735);
#3239=LINE('',#5849,#3736);
#3240=LINE('',#5851,#3737);
#3241=LINE('',#5852,#3738);
#3242=LINE('',#5853,#3739);
#3243=LINE('',#5855,#3740);
#3244=LINE('',#5858,#3741);
#3245=LINE('',#5860,#3742);
#3246=LINE('',#5862,#3743);
#3247=LINE('',#5863,#3744);
#3248=LINE('',#5866,#3745);
#3249=LINE('',#5868,#3746);
#3250=LINE('',#5870,#3747);
#3251=LINE('',#5872,#3748);
#3252=LINE('',#5875,#3749);
#3253=LINE('',#5877,#3750);
#3254=LINE('',#5879,#3751);
#3255=LINE('',#5881,#3752);
#3256=LINE('',#5890,#3753);
#3257=LINE('',#5891,#3754);
#3258=LINE('',#5902,#3755);
#3259=LINE('',#5910,#3756);
#3260=LINE('',#5911,#3757);
#3261=LINE('',#5917,#3758);
#3262=LINE('',#5920,#3759);
#3263=LINE('',#5922,#3760);
#3264=LINE('',#5924,#3761);
#3265=LINE('',#5926,#3762);
#3266=LINE('',#5929,#3763);
#3267=LINE('',#5931,#3764);
#3268=LINE('',#5933,#3765);
#3269=LINE('',#5935,#3766);
#3270=LINE('',#5936,#3767);
#3271=LINE('',#5939,#3768);
#3272=LINE('',#5941,#3769);
#3273=LINE('',#5943,#3770);
#3274=LINE('',#5945,#3771);
#3275=LINE('',#5948,#3772);
#3276=LINE('',#5950,#3773);
#3277=LINE('',#5952,#3774);
#3278=LINE('',#5954,#3775);
#3279=LINE('',#5963,#3776);
#3280=LINE('',#5964,#3777);
#3281=LINE('',#5975,#3778);
#3282=LINE('',#5983,#3779);
#3283=LINE('',#5984,#3780);
#3284=LINE('',#5990,#3781);
#3285=LINE('',#5993,#3782);
#3286=LINE('',#5995,#3783);
#3287=LINE('',#5997,#3784);
#3288=LINE('',#5999,#3785);
#3289=LINE('',#6002,#3786);
#3290=LINE('',#6004,#3787);
#3291=LINE('',#6006,#3788);
#3292=LINE('',#6008,#3789);
#3293=LINE('',#6009,#3790);
#3294=LINE('',#6012,#3791);
#3295=LINE('',#6014,#3792);
#3296=LINE('',#6016,#3793);
#3297=LINE('',#6018,#3794);
#3298=LINE('',#6021,#3795);
#3299=LINE('',#6023,#3796);
#3300=LINE('',#6025,#3797);
#3301=LINE('',#6027,#3798);
#3302=LINE('',#6029,#3799);
#3303=LINE('',#6031,#3800);
#3304=LINE('',#6033,#3801);
#3305=LINE('',#6034,#3802);
#3306=LINE('',#6035,#3803);
#3307=LINE('',#6037,#3804);
#3308=LINE('',#6040,#3805);
#3309=LINE('',#6042,#3806);
#3310=LINE('',#6043,#3807);
#3311=LINE('',#6045,#3808);
#3312=LINE('',#6047,#3809);
#3313=LINE('',#6049,#3810);
#3314=LINE('',#6051,#3811);
#3315=LINE('',#6053,#3812);
#3316=LINE('',#6055,#3813);
#3317=LINE('',#6058,#3814);
#3318=LINE('',#6060,#3815);
#3319=LINE('',#6061,#3816);
#3320=LINE('',#6063,#3817);
#3321=LINE('',#6066,#3818);
#3322=LINE('',#6068,#3819);
#3323=LINE('',#6070,#3820);
#3324=LINE('',#6071,#3821);
#3325=LINE('',#6074,#3822);
#3326=LINE('',#6076,#3823);
#3327=LINE('',#6078,#3824);
#3328=LINE('',#6079,#3825);
#3329=LINE('',#6082,#3826);
#3330=LINE('',#6084,#3827);
#3331=LINE('',#6086,#3828);
#3332=LINE('',#6088,#3829);
#3333=LINE('',#6089,#3830);
#3334=LINE('',#6091,#3831);
#3335=LINE('',#6093,#3832);
#3336=LINE('',#6095,#3833);
#3337=LINE('',#6097,#3834);
#3338=LINE('',#6099,#3835);
#3339=LINE('',#6101,#3836);
#3340=LINE('',#6104,#3837);
#3341=LINE('',#6106,#3838);
#3342=LINE('',#6108,#3839);
#3343=LINE('',#6110,#3840);
#3344=LINE('',#6113,#3841);
#3345=LINE('',#6114,#3842);
#3346=LINE('',#6116,#3843);
#3347=LINE('',#6119,#3844);
#3348=LINE('',#6121,#3845);
#3349=LINE('',#6123,#3846);
#3350=LINE('',#6125,#3847);
#3351=LINE('',#6126,#3848);
#3352=LINE('',#6129,#3849);
#3353=LINE('',#6131,#3850);
#3354=LINE('',#6133,#3851);
#3355=LINE('',#6135,#3852);
#3356=LINE('',#6136,#3853);
#3357=LINE('',#6139,#3854);
#3358=LINE('',#6141,#3855);
#3359=LINE('',#6143,#3856);
#3360=LINE('',#6145,#3857);
#3361=LINE('',#6146,#3858);
#3362=LINE('',#6149,#3859);
#3363=LINE('',#6151,#3860);
#3364=LINE('',#6153,#3861);
#3365=LINE('',#6155,#3862);
#3366=LINE('',#6156,#3863);
#3367=LINE('',#6159,#3864);
#3368=LINE('',#6161,#3865);
#3369=LINE('',#6163,#3866);
#3370=LINE('',#6164,#3867);
#3371=LINE('',#6167,#3868);
#3372=LINE('',#6169,#3869);
#3373=LINE('',#6171,#3870);
#3374=LINE('',#6173,#3871);
#3375=LINE('',#6174,#3872);
#3376=LINE('',#6175,#3873);
#3377=LINE('',#6177,#3874);
#3378=LINE('',#6178,#3875);
#3379=LINE('',#6180,#3876);
#3380=LINE('',#6182,#3877);
#3381=LINE('',#6183,#3878);
#3382=LINE('',#6186,#3879);
#3383=LINE('',#6188,#3880);
#3384=LINE('',#6190,#3881);
#3385=LINE('',#6192,#3882);
#3386=LINE('',#6193,#3883);
#3387=LINE('',#6195,#3884);
#3388=LINE('',#6197,#3885);
#3389=LINE('',#6199,#3886);
#3390=LINE('',#6201,#3887);
#3391=LINE('',#6202,#3888);
#3392=LINE('',#6204,#3889);
#3393=LINE('',#6206,#3890);
#3394=LINE('',#6208,#3891);
#3395=LINE('',#6210,#3892);
#3396=LINE('',#6212,#3893);
#3397=LINE('',#6214,#3894);
#3398=LINE('',#6216,#3895);
#3399=LINE('',#6217,#3896);
#3400=LINE('',#6221,#3897);
#3401=LINE('',#6222,#3898);
#3402=LINE('',#6224,#3899);
#3403=LINE('',#6225,#3900);
#3404=LINE('',#6227,#3901);
#3405=LINE('',#6229,#3902);
#3406=LINE('',#6231,#3903);
#3407=LINE('',#6233,#3904);
#3408=LINE('',#6234,#3905);
#3409=LINE('',#6238,#3906);
#3410=LINE('',#6240,#3907);
#3411=LINE('',#6242,#3908);
#3412=LINE('',#6244,#3909);
#3413=LINE('',#6245,#3910);
#3414=LINE('',#6249,#3911);
#3415=LINE('',#6251,#3912);
#3416=LINE('',#6253,#3913);
#3417=LINE('',#6255,#3914);
#3418=LINE('',#6256,#3915);
#3419=LINE('',#6258,#3916);
#3420=LINE('',#6260,#3917);
#3421=LINE('',#6262,#3918);
#3422=LINE('',#6263,#3919);
#3423=LINE('',#6265,#3920);
#3424=LINE('',#6267,#3921);
#3425=LINE('',#6269,#3922);
#3426=LINE('',#6271,#3923);
#3427=LINE('',#6273,#3924);
#3428=LINE('',#6275,#3925);
#3429=LINE('',#6276,#3926);
#3430=LINE('',#6278,#3927);
#3431=LINE('',#6282,#3928);
#3432=LINE('',#6284,#3929);
#3433=LINE('',#6286,#3930);
#3434=LINE('',#6288,#3931);
#3435=LINE('',#6290,#3932);
#3436=LINE('',#6292,#3933);
#3437=LINE('',#6294,#3934);
#3438=LINE('',#6296,#3935);
#3439=LINE('',#6298,#3936);
#3440=LINE('',#6300,#3937);
#3441=LINE('',#6302,#3938);
#3442=LINE('',#6305,#3939);
#3443=LINE('',#6307,#3940);
#3444=LINE('',#6309,#3941);
#3445=LINE('',#6311,#3942);
#3446=LINE('',#6312,#3943);
#3447=LINE('',#6314,#3944);
#3448=LINE('',#6316,#3945);
#3449=LINE('',#6319,#3946);
#3450=LINE('',#6321,#3947);
#3451=LINE('',#6323,#3948);
#3452=LINE('',#6325,#3949);
#3453=LINE('',#6327,#3950);
#3454=LINE('',#6329,#3951);
#3455=LINE('',#6331,#3952);
#3456=LINE('',#6333,#3953);
#3457=LINE('',#6335,#3954);
#3458=LINE('',#6337,#3955);
#3459=LINE('',#6339,#3956);
#3460=LINE('',#6342,#3957);
#3461=LINE('',#6344,#3958);
#3462=LINE('',#6346,#3959);
#3463=LINE('',#6348,#3960);
#3464=LINE('',#6349,#3961);
#3465=LINE('',#6351,#3962);
#3466=LINE('',#6353,#3963);
#3467=LINE('',#6355,#3964);
#3468=LINE('',#6358,#3965);
#3469=LINE('',#6360,#3966);
#3470=LINE('',#6362,#3967);
#3471=LINE('',#6364,#3968);
#3472=LINE('',#6366,#3969);
#3473=LINE('',#6368,#3970);
#3474=LINE('',#6370,#3971);
#3475=LINE('',#6372,#3972);
#3476=LINE('',#6374,#3973);
#3477=LINE('',#6376,#3974);
#3478=LINE('',#6378,#3975);
#3479=LINE('',#6381,#3976);
#3480=LINE('',#6383,#3977);
#3481=LINE('',#6385,#3978);
#3482=LINE('',#6387,#3979);
#3483=LINE('',#6388,#3980);
#3484=LINE('',#6390,#3981);
#3485=LINE('',#6392,#3982);
#3486=LINE('',#6394,#3983);
#3487=LINE('',#6397,#3984);
#3488=LINE('',#6399,#3985);
#3489=LINE('',#6401,#3986);
#3490=LINE('',#6403,#3987);
#3491=LINE('',#6405,#3988);
#3492=LINE('',#6407,#3989);
#3493=LINE('',#6409,#3990);
#3494=LINE('',#6410,#3991);
#3495=LINE('',#6414,#3992);
#3496=LINE('',#6416,#3993);
#3497=LINE('',#6418,#3994);
#3498=LINE('',#6420,#3995);
#3499=LINE('',#6422,#3996);
#3500=LINE('',#6424,#3997);
#3501=LINE('',#6426,#3998);
#3502=LINE('',#6427,#3999);
#3503=LINE('',#6432,#4000);
#3504=LINE('',#6434,#4001);
#3505=LINE('',#6436,#4002);
#3506=LINE('',#6437,#4003);
#3507=LINE('',#6438,#4004);
#3508=LINE('',#6447,#4005);
#3509=LINE('',#6450,#4006);
#3510=LINE('',#6451,#4007);
#3511=LINE('',#6453,#4008);
#3512=LINE('',#6455,#4009);
#3513=LINE('',#6457,#4010);
#3514=LINE('',#6459,#4011);
#3515=LINE('',#6460,#4012);
#3516=LINE('',#6461,#4013);
#3517=LINE('',#6463,#4014);
#3518=LINE('',#6464,#4015);
#3519=LINE('',#6465,#4016);
#3520=LINE('',#6469,#4017);
#3521=LINE('',#6471,#4018);
#3522=LINE('',#6473,#4019);
#3523=LINE('',#6475,#4020);
#3524=LINE('',#6477,#4021);
#3525=LINE('',#6479,#4022);
#3526=LINE('',#6480,#4023);
#3527=LINE('',#6482,#4024);
#3528=LINE('',#6483,#4025);
#3529=LINE('',#6484,#4026);
#3530=LINE('',#6486,#4027);
#3531=LINE('',#6488,#4028);
#3532=LINE('',#6495,#4029);
#3533=LINE('',#6498,#4030);
#3534=LINE('',#6499,#4031);
#3535=LINE('',#6501,#4032);
#3536=LINE('',#6503,#4033);
#3537=LINE('',#6505,#4034);
#3538=LINE('',#6507,#4035);
#3539=LINE('',#6508,#4036);
#3540=LINE('',#6509,#4037);
#3541=LINE('',#6511,#4038);
#3542=LINE('',#6512,#4039);
#3543=LINE('',#6513,#4040);
#3544=LINE('',#6517,#4041);
#3545=LINE('',#6519,#4042);
#3546=LINE('',#6521,#4043);
#3547=LINE('',#6523,#4044);
#3548=LINE('',#6525,#4045);
#3549=LINE('',#6527,#4046);
#3550=LINE('',#6528,#4047);
#3551=LINE('',#6530,#4048);
#3552=LINE('',#6531,#4049);
#3553=LINE('',#6532,#4050);
#3554=LINE('',#6534,#4051);
#3555=LINE('',#6536,#4052);
#3556=LINE('',#6543,#4053);
#3557=LINE('',#6546,#4054);
#3558=LINE('',#6547,#4055);
#3559=LINE('',#6549,#4056);
#3560=LINE('',#6551,#4057);
#3561=LINE('',#6553,#4058);
#3562=LINE('',#6555,#4059);
#3563=LINE('',#6556,#4060);
#3564=LINE('',#6557,#4061);
#3565=LINE('',#6559,#4062);
#3566=LINE('',#6560,#4063);
#3567=LINE('',#6561,#4064);
#3568=LINE('',#6565,#4065);
#3569=LINE('',#6567,#4066);
#3570=LINE('',#6569,#4067);
#3571=LINE('',#6571,#4068);
#3572=LINE('',#6573,#4069);
#3573=LINE('',#6575,#4070);
#3574=LINE('',#6576,#4071);
#3575=LINE('',#6578,#4072);
#3576=LINE('',#6579,#4073);
#3577=LINE('',#6580,#4074);
#3578=LINE('',#6582,#4075);
#3579=LINE('',#6584,#4076);
#3580=LINE('',#6591,#4077);
#3581=LINE('',#6593,#4078);
#3582=LINE('',#6595,#4079);
#3583=LINE('',#6597,#4080);
#3584=LINE('',#6600,#4081);
#3585=LINE('',#6601,#4082);
#3586=LINE('',#6603,#4083);
#3587=LINE('',#6604,#4084);
#3588=LINE('',#6605,#4085);
#3589=LINE('',#6607,#4086);
#3590=LINE('',#6608,#4087);
#3591=LINE('',#6609,#4088);
#3592=LINE('',#6613,#4089);
#3593=LINE('',#6615,#4090);
#3594=LINE('',#6617,#4091);
#3595=LINE('',#6619,#4092);
#3596=LINE('',#6621,#4093);
#3597=LINE('',#6623,#4094);
#3598=LINE('',#6624,#4095);
#3599=LINE('',#6626,#4096);
#3600=LINE('',#6627,#4097);
#3601=LINE('',#6628,#4098);
#3602=LINE('',#6630,#4099);
#3603=LINE('',#6632,#4100);
#3604=LINE('',#6639,#4101);
#3605=LINE('',#6641,#4102);
#3606=LINE('',#6643,#4103);
#3607=LINE('',#6645,#4104);
#3608=LINE('',#6648,#4105);
#3609=LINE('',#6649,#4106);
#3610=LINE('',#6651,#4107);
#3611=LINE('',#6652,#4108);
#3612=LINE('',#6653,#4109);
#3613=LINE('',#6655,#4110);
#3614=LINE('',#6656,#4111);
#3615=LINE('',#6657,#4112);
#3616=LINE('',#6661,#4113);
#3617=LINE('',#6663,#4114);
#3618=LINE('',#6665,#4115);
#3619=LINE('',#6667,#4116);
#3620=LINE('',#6669,#4117);
#3621=LINE('',#6671,#4118);
#3622=LINE('',#6672,#4119);
#3623=LINE('',#6674,#4120);
#3624=LINE('',#6675,#4121);
#3625=LINE('',#6676,#4122);
#3626=LINE('',#6678,#4123);
#3627=LINE('',#6680,#4124);
#3628=LINE('',#6687,#4125);
#3629=LINE('',#6689,#4126);
#3630=LINE('',#6691,#4127);
#3631=LINE('',#6693,#4128);
#3632=LINE('',#6696,#4129);
#3633=LINE('',#6697,#4130);
#3634=LINE('',#6699,#4131);
#3635=LINE('',#6700,#4132);
#3636=LINE('',#6701,#4133);
#3637=LINE('',#6703,#4134);
#3638=LINE('',#6704,#4135);
#3639=LINE('',#6705,#4136);
#3640=LINE('',#6709,#4137);
#3641=LINE('',#6711,#4138);
#3642=LINE('',#6713,#4139);
#3643=LINE('',#6715,#4140);
#3644=LINE('',#6717,#4141);
#3645=LINE('',#6719,#4142);
#3646=LINE('',#6720,#4143);
#3647=LINE('',#6722,#4144);
#3648=LINE('',#6723,#4145);
#3649=LINE('',#6724,#4146);
#3650=LINE('',#6726,#4147);
#3651=LINE('',#6728,#4148);
#3652=VECTOR('',#4460,1.);
#3653=VECTOR('',#4461,1.);
#3654=VECTOR('',#4462,1.);
#3655=VECTOR('',#4463,1.);
#3656=VECTOR('',#4468,1.);
#3657=VECTOR('',#4475,1.);
#3658=VECTOR('',#4476,1.);
#3659=VECTOR('',#4477,1.);
#3660=VECTOR('',#4484,1.);
#3661=VECTOR('',#4491,1.);
#3662=VECTOR('',#4492,1.);
#3663=VECTOR('',#4493,1.);
#3664=VECTOR('',#4502,1.);
#3665=VECTOR('',#4503,1.);
#3666=VECTOR('',#4504,1.);
#3667=VECTOR('',#4505,1.);
#3668=VECTOR('',#4508,1.);
#3669=VECTOR('',#4509,1.);
#3670=VECTOR('',#4510,1.);
#3671=VECTOR('',#4511,1.);
#3672=VECTOR('',#4516,1.);
#3673=VECTOR('',#4523,1.);
#3674=VECTOR('',#4524,1.);
#3675=VECTOR('',#4525,1.);
#3676=VECTOR('',#4532,1.);
#3677=VECTOR('',#4539,1.);
#3678=VECTOR('',#4540,1.);
#3679=VECTOR('',#4541,1.);
#3680=VECTOR('',#4550,1.);
#3681=VECTOR('',#4551,1.);
#3682=VECTOR('',#4552,1.);
#3683=VECTOR('',#4553,1.);
#3684=VECTOR('',#4556,1.);
#3685=VECTOR('',#4557,1.);
#3686=VECTOR('',#4558,1.);
#3687=VECTOR('',#4559,1.);
#3688=VECTOR('',#4564,1.);
#3689=VECTOR('',#4571,1.);
#3690=VECTOR('',#4572,1.);
#3691=VECTOR('',#4573,1.);
#3692=VECTOR('',#4580,1.);
#3693=VECTOR('',#4587,1.);
#3694=VECTOR('',#4588,1.);
#3695=VECTOR('',#4589,1.);
#3696=VECTOR('',#4598,1.);
#3697=VECTOR('',#4599,1.);
#3698=VECTOR('',#4600,1.);
#3699=VECTOR('',#4601,1.);
#3700=VECTOR('',#4604,1.);
#3701=VECTOR('',#4605,1.);
#3702=VECTOR('',#4606,1.);
#3703=VECTOR('',#4607,1.);
#3704=VECTOR('',#4610,1.);
#3705=VECTOR('',#4617,1.);
#3706=VECTOR('',#4618,1.);
#3707=VECTOR('',#4619,1.);
#3708=VECTOR('',#4630,1.);
#3709=VECTOR('',#4637,1.);
#3710=VECTOR('',#4638,1.);
#3711=VECTOR('',#4639,1.);
#3712=VECTOR('',#4646,1.);
#3713=VECTOR('',#4647,1.);
#3714=VECTOR('',#4648,1.);
#3715=VECTOR('',#4649,1.);
#3716=VECTOR('',#4652,1.);
#3717=VECTOR('',#4653,1.);
#3718=VECTOR('',#4654,1.);
#3719=VECTOR('',#4655,1.);
#3720=VECTOR('',#4656,1.);
#3721=VECTOR('',#4657,1.);
#3722=VECTOR('',#4658,1.);
#3723=VECTOR('',#4659,1.);
#3724=VECTOR('',#4660,1.);
#3725=VECTOR('',#4661,1.);
#3726=VECTOR('',#4662,1.);
#3727=VECTOR('',#4663,1.);
#3728=VECTOR('',#4664,1.);
#3729=VECTOR('',#4665,1.);
#3730=VECTOR('',#4666,1.);
#3731=VECTOR('',#4667,1.);
#3732=VECTOR('',#4668,1.);
#3733=VECTOR('',#4669,1.);
#3734=VECTOR('',#4670,1.);
#3735=VECTOR('',#4671,1.);
#3736=VECTOR('',#4672,1.);
#3737=VECTOR('',#4673,1.);
#3738=VECTOR('',#4674,1.);
#3739=VECTOR('',#4675,1.);
#3740=VECTOR('',#4678,1.);
#3741=VECTOR('',#4679,1.);
#3742=VECTOR('',#4680,1.);
#3743=VECTOR('',#4681,1.);
#3744=VECTOR('',#4682,1.);
#3745=VECTOR('',#4683,1.);
#3746=VECTOR('',#4684,1.);
#3747=VECTOR('',#4685,1.);
#3748=VECTOR('',#4688,1.);
#3749=VECTOR('',#4689,1.);
#3750=VECTOR('',#4690,1.);
#3751=VECTOR('',#4691,1.);
#3752=VECTOR('',#4694,1.);
#3753=VECTOR('',#4701,1.);
#3754=VECTOR('',#4702,1.);
#3755=VECTOR('',#4713,1.);
#3756=VECTOR('',#4720,1.);
#3757=VECTOR('',#4721,1.);
#3758=VECTOR('',#4728,1.);
#3759=VECTOR('',#4729,1.);
#3760=VECTOR('',#4730,1.);
#3761=VECTOR('',#4731,1.);
#3762=VECTOR('',#4734,1.);
#3763=VECTOR('',#4735,1.);
#3764=VECTOR('',#4736,1.);
#3765=VECTOR('',#4737,1.);
#3766=VECTOR('',#4738,1.);
#3767=VECTOR('',#4739,1.);
#3768=VECTOR('',#4740,1.);
#3769=VECTOR('',#4741,1.);
#3770=VECTOR('',#4742,1.);
#3771=VECTOR('',#4745,1.);
#3772=VECTOR('',#4746,1.);
#3773=VECTOR('',#4747,1.);
#3774=VECTOR('',#4748,1.);
#3775=VECTOR('',#4751,1.);
#3776=VECTOR('',#4758,1.);
#3777=VECTOR('',#4759,1.);
#3778=VECTOR('',#4770,1.);
#3779=VECTOR('',#4777,1.);
#3780=VECTOR('',#4778,1.);
#3781=VECTOR('',#4785,1.);
#3782=VECTOR('',#4786,1.);
#3783=VECTOR('',#4787,1.);
#3784=VECTOR('',#4788,1.);
#3785=VECTOR('',#4791,1.);
#3786=VECTOR('',#4792,1.);
#3787=VECTOR('',#4793,1.);
#3788=VECTOR('',#4794,1.);
#3789=VECTOR('',#4795,1.);
#3790=VECTOR('',#4796,1.);
#3791=VECTOR('',#4797,1.);
#3792=VECTOR('',#4798,1.);
#3793=VECTOR('',#4799,1.);
#3794=VECTOR('',#4802,1.);
#3795=VECTOR('',#4803,1.);
#3796=VECTOR('',#4804,1.);
#3797=VECTOR('',#4807,1.);
#3798=VECTOR('',#4808,1.);
#3799=VECTOR('',#4809,1.);
#3800=VECTOR('',#4812,1.);
#3801=VECTOR('',#4813,1.);
#3802=VECTOR('',#4814,1.);
#3803=VECTOR('',#4815,1.);
#3804=VECTOR('',#4818,1.);
#3805=VECTOR('',#4819,1.);
#3806=VECTOR('',#4820,1.);
#3807=VECTOR('',#4821,1.);
#3808=VECTOR('',#4822,1.);
#3809=VECTOR('',#4823,1.);
#3810=VECTOR('',#4824,1.);
#3811=VECTOR('',#4825,1.);
#3812=VECTOR('',#4826,1.);
#3813=VECTOR('',#4829,1.);
#3814=VECTOR('',#4830,1.);
#3815=VECTOR('',#4831,1.);
#3816=VECTOR('',#4832,1.);
#3817=VECTOR('',#4835,1.);
#3818=VECTOR('',#4836,1.);
#3819=VECTOR('',#4837,1.);
#3820=VECTOR('',#4838,1.);
#3821=VECTOR('',#4839,1.);
#3822=VECTOR('',#4840,1.);
#3823=VECTOR('',#4841,1.);
#3824=VECTOR('',#4842,1.);
#3825=VECTOR('',#4843,1.);
#3826=VECTOR('',#4844,1.);
#3827=VECTOR('',#4845,1.);
#3828=VECTOR('',#4846,1.);
#3829=VECTOR('',#4847,1.);
#3830=VECTOR('',#4848,1.);
#3831=VECTOR('',#4849,1.);
#3832=VECTOR('',#4850,1.);
#3833=VECTOR('',#4851,1.);
#3834=VECTOR('',#4852,1.);
#3835=VECTOR('',#4853,1.);
#3836=VECTOR('',#4856,1.);
#3837=VECTOR('',#4857,1.);
#3838=VECTOR('',#4858,1.);
#3839=VECTOR('',#4859,1.);
#3840=VECTOR('',#4862,1.);
#3841=VECTOR('',#4863,1.);
#3842=VECTOR('',#4864,1.);
#3843=VECTOR('',#4867,1.);
#3844=VECTOR('',#4868,1.);
#3845=VECTOR('',#4869,1.);
#3846=VECTOR('',#4870,1.);
#3847=VECTOR('',#4871,1.);
#3848=VECTOR('',#4872,1.);
#3849=VECTOR('',#4873,1.);
#3850=VECTOR('',#4874,1.);
#3851=VECTOR('',#4875,1.);
#3852=VECTOR('',#4876,1.);
#3853=VECTOR('',#4877,1.);
#3854=VECTOR('',#4878,1.);
#3855=VECTOR('',#4879,1.);
#3856=VECTOR('',#4880,1.);
#3857=VECTOR('',#4881,1.);
#3858=VECTOR('',#4882,1.);
#3859=VECTOR('',#4883,1.);
#3860=VECTOR('',#4884,1.);
#3861=VECTOR('',#4885,1.);
#3862=VECTOR('',#4886,1.);
#3863=VECTOR('',#4887,1.);
#3864=VECTOR('',#4888,1.);
#3865=VECTOR('',#4889,1.);
#3866=VECTOR('',#4890,1.);
#3867=VECTOR('',#4891,1.);
#3868=VECTOR('',#4892,1.);
#3869=VECTOR('',#4893,1.);
#3870=VECTOR('',#4894,1.);
#3871=VECTOR('',#4895,1.);
#3872=VECTOR('',#4896,1.);
#3873=VECTOR('',#4897,1.);
#3874=VECTOR('',#4898,1.);
#3875=VECTOR('',#4899,1.);
#3876=VECTOR('',#4900,1.);
#3877=VECTOR('',#4903,1.);
#3878=VECTOR('',#4904,1.);
#3879=VECTOR('',#4905,1.);
#3880=VECTOR('',#4906,1.);
#3881=VECTOR('',#4907,1.);
#3882=VECTOR('',#4910,1.);
#3883=VECTOR('',#4911,1.);
#3884=VECTOR('',#4912,1.);
#3885=VECTOR('',#4913,1.);
#3886=VECTOR('',#4914,1.);
#3887=VECTOR('',#4915,1.);
#3888=VECTOR('',#4916,1.);
#3889=VECTOR('',#4919,1.);
#3890=VECTOR('',#4920,1.);
#3891=VECTOR('',#4921,1.);
#3892=VECTOR('',#4924,1.);
#3893=VECTOR('',#4925,1.);
#3894=VECTOR('',#4926,1.);
#3895=VECTOR('',#4929,1.);
#3896=VECTOR('',#4930,1.);
#3897=VECTOR('',#4937,1.);
#3898=VECTOR('',#4938,1.);
#3899=VECTOR('',#4941,1.);
#3900=VECTOR('',#4942,1.);
#3901=VECTOR('',#4945,1.);
#3902=VECTOR('',#4946,1.);
#3903=VECTOR('',#4947,1.);
#3904=VECTOR('',#4950,1.);
#3905=VECTOR('',#4951,1.);
#3906=VECTOR('',#4958,1.);
#3907=VECTOR('',#4959,1.);
#3908=VECTOR('',#4960,1.);
#3909=VECTOR('',#4963,1.);
#3910=VECTOR('',#4964,1.);
#3911=VECTOR('',#4971,1.);
#3912=VECTOR('',#4972,1.);
#3913=VECTOR('',#4973,1.);
#3914=VECTOR('',#4976,1.);
#3915=VECTOR('',#4977,1.);
#3916=VECTOR('',#4980,1.);
#3917=VECTOR('',#4981,1.);
#3918=VECTOR('',#4984,1.);
#3919=VECTOR('',#4985,1.);
#3920=VECTOR('',#4988,1.);
#3921=VECTOR('',#4989,1.);
#3922=VECTOR('',#4990,1.);
#3923=VECTOR('',#4993,1.);
#3924=VECTOR('',#4994,1.);
#3925=VECTOR('',#4997,1.);
#3926=VECTOR('',#4998,1.);
#3927=VECTOR('',#5001,1.);
#3928=VECTOR('',#5008,1.);
#3929=VECTOR('',#5009,1.);
#3930=VECTOR('',#5010,1.);
#3931=VECTOR('',#5013,1.);
#3932=VECTOR('',#5014,1.);
#3933=VECTOR('',#5017,1.);
#3934=VECTOR('',#5018,1.);
#3935=VECTOR('',#5021,1.);
#3936=VECTOR('',#5022,1.);
#3937=VECTOR('',#5025,1.);
#3938=VECTOR('',#5028,1.);
#3939=VECTOR('',#5029,1.);
#3940=VECTOR('',#5030,1.);
#3941=VECTOR('',#5031,1.);
#3942=VECTOR('',#5034,1.);
#3943=VECTOR('',#5035,1.);
#3944=VECTOR('',#5038,1.);
#3945=VECTOR('',#5041,1.);
#3946=VECTOR('',#5046,1.);
#3947=VECTOR('',#5047,1.);
#3948=VECTOR('',#5048,1.);
#3949=VECTOR('',#5051,1.);
#3950=VECTOR('',#5052,1.);
#3951=VECTOR('',#5055,1.);
#3952=VECTOR('',#5056,1.);
#3953=VECTOR('',#5059,1.);
#3954=VECTOR('',#5060,1.);
#3955=VECTOR('',#5063,1.);
#3956=VECTOR('',#5066,1.);
#3957=VECTOR('',#5067,1.);
#3958=VECTOR('',#5068,1.);
#3959=VECTOR('',#5069,1.);
#3960=VECTOR('',#5072,1.);
#3961=VECTOR('',#5073,1.);
#3962=VECTOR('',#5076,1.);
#3963=VECTOR('',#5079,1.);
#3964=VECTOR('',#5082,1.);
#3965=VECTOR('',#5087,1.);
#3966=VECTOR('',#5088,1.);
#3967=VECTOR('',#5089,1.);
#3968=VECTOR('',#5092,1.);
#3969=VECTOR('',#5093,1.);
#3970=VECTOR('',#5096,1.);
#3971=VECTOR('',#5097,1.);
#3972=VECTOR('',#5100,1.);
#3973=VECTOR('',#5101,1.);
#3974=VECTOR('',#5104,1.);
#3975=VECTOR('',#5107,1.);
#3976=VECTOR('',#5108,1.);
#3977=VECTOR('',#5109,1.);
#3978=VECTOR('',#5110,1.);
#3979=VECTOR('',#5113,1.);
#3980=VECTOR('',#5114,1.);
#3981=VECTOR('',#5117,1.);
#3982=VECTOR('',#5120,1.);
#3983=VECTOR('',#5123,1.);
#3984=VECTOR('',#5128,1.);
#3985=VECTOR('',#5129,1.);
#3986=VECTOR('',#5130,1.);
#3987=VECTOR('',#5133,1.);
#3988=VECTOR('',#5134,1.);
#3989=VECTOR('',#5135,1.);
#3990=VECTOR('',#5138,1.);
#3991=VECTOR('',#5139,1.);
#3992=VECTOR('',#5146,1.);
#3993=VECTOR('',#5147,1.);
#3994=VECTOR('',#5148,1.);
#3995=VECTOR('',#5151,1.);
#3996=VECTOR('',#5152,1.);
#3997=VECTOR('',#5153,1.);
#3998=VECTOR('',#5156,1.);
#3999=VECTOR('',#5157,1.);
#4000=VECTOR('',#5166,1.);
#4001=VECTOR('',#5167,1.);
#4002=VECTOR('',#5170,1.);
#4003=VECTOR('',#5171,1.);
#4004=VECTOR('',#5172,1.);
#4005=VECTOR('',#5189,1.);
#4006=VECTOR('',#5190,1.);
#4007=VECTOR('',#5191,1.);
#4008=VECTOR('',#5194,1.);
#4009=VECTOR('',#5195,1.);
#4010=VECTOR('',#5196,1.);
#4011=VECTOR('',#5199,1.);
#4012=VECTOR('',#5200,1.);
#4013=VECTOR('',#5201,1.);
#4014=VECTOR('',#5204,1.);
#4015=VECTOR('',#5205,1.);
#4016=VECTOR('',#5206,1.);
#4017=VECTOR('',#5213,1.);
#4018=VECTOR('',#5216,1.);
#4019=VECTOR('',#5219,1.);
#4020=VECTOR('',#5222,1.);
#4021=VECTOR('',#5225,1.);
#4022=VECTOR('',#5228,1.);
#4023=VECTOR('',#5229,1.);
#4024=VECTOR('',#5232,1.);
#4025=VECTOR('',#5233,1.);
#4026=VECTOR('',#5234,1.);
#4027=VECTOR('',#5237,1.);
#4028=VECTOR('',#5240,1.);
#4029=VECTOR('',#5253,1.);
#4030=VECTOR('',#5254,1.);
#4031=VECTOR('',#5255,1.);
#4032=VECTOR('',#5258,1.);
#4033=VECTOR('',#5259,1.);
#4034=VECTOR('',#5260,1.);
#4035=VECTOR('',#5263,1.);
#4036=VECTOR('',#5264,1.);
#4037=VECTOR('',#5265,1.);
#4038=VECTOR('',#5268,1.);
#4039=VECTOR('',#5269,1.);
#4040=VECTOR('',#5270,1.);
#4041=VECTOR('',#5277,1.);
#4042=VECTOR('',#5280,1.);
#4043=VECTOR('',#5283,1.);
#4044=VECTOR('',#5286,1.);
#4045=VECTOR('',#5289,1.);
#4046=VECTOR('',#5292,1.);
#4047=VECTOR('',#5293,1.);
#4048=VECTOR('',#5296,1.);
#4049=VECTOR('',#5297,1.);
#4050=VECTOR('',#5298,1.);
#4051=VECTOR('',#5301,1.);
#4052=VECTOR('',#5304,1.);
#4053=VECTOR('',#5317,1.);
#4054=VECTOR('',#5318,1.);
#4055=VECTOR('',#5319,1.);
#4056=VECTOR('',#5322,1.);
#4057=VECTOR('',#5323,1.);
#4058=VECTOR('',#5324,1.);
#4059=VECTOR('',#5327,1.);
#4060=VECTOR('',#5328,1.);
#4061=VECTOR('',#5329,1.);
#4062=VECTOR('',#5332,1.);
#4063=VECTOR('',#5333,1.);
#4064=VECTOR('',#5334,1.);
#4065=VECTOR('',#5341,1.);
#4066=VECTOR('',#5344,1.);
#4067=VECTOR('',#5347,1.);
#4068=VECTOR('',#5350,1.);
#4069=VECTOR('',#5353,1.);
#4070=VECTOR('',#5356,1.);
#4071=VECTOR('',#5357,1.);
#4072=VECTOR('',#5360,1.);
#4073=VECTOR('',#5361,1.);
#4074=VECTOR('',#5362,1.);
#4075=VECTOR('',#5365,1.);
#4076=VECTOR('',#5368,1.);
#4077=VECTOR('',#5381,1.);
#4078=VECTOR('',#5382,1.);
#4079=VECTOR('',#5383,1.);
#4080=VECTOR('',#5386,1.);
#4081=VECTOR('',#5387,1.);
#4082=VECTOR('',#5388,1.);
#4083=VECTOR('',#5391,1.);
#4084=VECTOR('',#5392,1.);
#4085=VECTOR('',#5393,1.);
#4086=VECTOR('',#5396,1.);
#4087=VECTOR('',#5397,1.);
#4088=VECTOR('',#5398,1.);
#4089=VECTOR('',#5405,1.);
#4090=VECTOR('',#5408,1.);
#4091=VECTOR('',#5411,1.);
#4092=VECTOR('',#5414,1.);
#4093=VECTOR('',#5417,1.);
#4094=VECTOR('',#5420,1.);
#4095=VECTOR('',#5421,1.);
#4096=VECTOR('',#5424,1.);
#4097=VECTOR('',#5425,1.);
#4098=VECTOR('',#5426,1.);
#4099=VECTOR('',#5429,1.);
#4100=VECTOR('',#5432,1.);
#4101=VECTOR('',#5445,1.);
#4102=VECTOR('',#5446,1.);
#4103=VECTOR('',#5447,1.);
#4104=VECTOR('',#5450,1.);
#4105=VECTOR('',#5451,1.);
#4106=VECTOR('',#5452,1.);
#4107=VECTOR('',#5455,1.);
#4108=VECTOR('',#5456,1.);
#4109=VECTOR('',#5457,1.);
#4110=VECTOR('',#5460,1.);
#4111=VECTOR('',#5461,1.);
#4112=VECTOR('',#5462,1.);
#4113=VECTOR('',#5469,1.);
#4114=VECTOR('',#5472,1.);
#4115=VECTOR('',#5475,1.);
#4116=VECTOR('',#5478,1.);
#4117=VECTOR('',#5481,1.);
#4118=VECTOR('',#5484,1.);
#4119=VECTOR('',#5485,1.);
#4120=VECTOR('',#5488,1.);
#4121=VECTOR('',#5489,1.);
#4122=VECTOR('',#5490,1.);
#4123=VECTOR('',#5493,1.);
#4124=VECTOR('',#5496,1.);
#4125=VECTOR('',#5509,1.);
#4126=VECTOR('',#5510,1.);
#4127=VECTOR('',#5511,1.);
#4128=VECTOR('',#5514,1.);
#4129=VECTOR('',#5515,1.);
#4130=VECTOR('',#5516,1.);
#4131=VECTOR('',#5519,1.);
#4132=VECTOR('',#5520,1.);
#4133=VECTOR('',#5521,1.);
#4134=VECTOR('',#5524,1.);
#4135=VECTOR('',#5525,1.);
#4136=VECTOR('',#5526,1.);
#4137=VECTOR('',#5533,1.);
#4138=VECTOR('',#5536,1.);
#4139=VECTOR('',#5539,1.);
#4140=VECTOR('',#5542,1.);
#4141=VECTOR('',#5545,1.);
#4142=VECTOR('',#5548,1.);
#4143=VECTOR('',#5549,1.);
#4144=VECTOR('',#5552,1.);
#4145=VECTOR('',#5553,1.);
#4146=VECTOR('',#5554,1.);
#4147=VECTOR('',#5557,1.);
#4148=VECTOR('',#5560,1.);
#4149=AXIS2_PLACEMENT_3D('',#5573,#4458,#4459);
#4150=AXIS2_PLACEMENT_3D('',#5582,#4464,#4465);
#4151=AXIS2_PLACEMENT_3D('',#5583,#4466,#4467);
#4152=AXIS2_PLACEMENT_3D('',#5588,#4469,#4470);
#4153=AXIS2_PLACEMENT_3D('',#5590,#4471,#4472);
#4154=AXIS2_PLACEMENT_3D('',#5592,#4473,#4474);
#4155=AXIS2_PLACEMENT_3D('',#5600,#4478,#4479);
#4156=AXIS2_PLACEMENT_3D('',#5602,#4480,#4481);
#4157=AXIS2_PLACEMENT_3D('',#5603,#4482,#4483);
#4158=AXIS2_PLACEMENT_3D('',#5607,#4485,#4486);
#4159=AXIS2_PLACEMENT_3D('',#5609,#4487,#4488);
#4160=AXIS2_PLACEMENT_3D('',#5611,#4489,#4490);
#4161=AXIS2_PLACEMENT_3D('',#5619,#4494,#4495);
#4162=AXIS2_PLACEMENT_3D('',#5621,#4496,#4497);
#4163=AXIS2_PLACEMENT_3D('',#5623,#4498,#4499);
#4164=AXIS2_PLACEMENT_3D('',#5624,#4500,#4501);
#4165=AXIS2_PLACEMENT_3D('',#5633,#4506,#4507);
#4166=AXIS2_PLACEMENT_3D('',#5642,#4512,#4513);
#4167=AXIS2_PLACEMENT_3D('',#5643,#4514,#4515);
#4168=AXIS2_PLACEMENT_3D('',#5648,#4517,#4518);
#4169=AXIS2_PLACEMENT_3D('',#5650,#4519,#4520);
#4170=AXIS2_PLACEMENT_3D('',#5652,#4521,#4522);
#4171=AXIS2_PLACEMENT_3D('',#5660,#4526,#4527);
#4172=AXIS2_PLACEMENT_3D('',#5662,#4528,#4529);
#4173=AXIS2_PLACEMENT_3D('',#5663,#4530,#4531);
#4174=AXIS2_PLACEMENT_3D('',#5667,#4533,#4534);
#4175=AXIS2_PLACEMENT_3D('',#5669,#4535,#4536);
#4176=AXIS2_PLACEMENT_3D('',#5671,#4537,#4538);
#4177=AXIS2_PLACEMENT_3D('',#5679,#4542,#4543);
#4178=AXIS2_PLACEMENT_3D('',#5681,#4544,#4545);
#4179=AXIS2_PLACEMENT_3D('',#5683,#4546,#4547);
#4180=AXIS2_PLACEMENT_3D('',#5684,#4548,#4549);
#4181=AXIS2_PLACEMENT_3D('',#5693,#4554,#4555);
#4182=AXIS2_PLACEMENT_3D('',#5702,#4560,#4561);
#4183=AXIS2_PLACEMENT_3D('',#5703,#4562,#4563);
#4184=AXIS2_PLACEMENT_3D('',#5708,#4565,#4566);
#4185=AXIS2_PLACEMENT_3D('',#5710,#4567,#4568);
#4186=AXIS2_PLACEMENT_3D('',#5712,#4569,#4570);
#4187=AXIS2_PLACEMENT_3D('',#5720,#4574,#4575);
#4188=AXIS2_PLACEMENT_3D('',#5722,#4576,#4577);
#4189=AXIS2_PLACEMENT_3D('',#5723,#4578,#4579);
#4190=AXIS2_PLACEMENT_3D('',#5727,#4581,#4582);
#4191=AXIS2_PLACEMENT_3D('',#5729,#4583,#4584);
#4192=AXIS2_PLACEMENT_3D('',#5731,#4585,#4586);
#4193=AXIS2_PLACEMENT_3D('',#5739,#4590,#4591);
#4194=AXIS2_PLACEMENT_3D('',#5741,#4592,#4593);
#4195=AXIS2_PLACEMENT_3D('',#5743,#4594,#4595);
#4196=AXIS2_PLACEMENT_3D('',#5744,#4596,#4597);
#4197=AXIS2_PLACEMENT_3D('',#5753,#4602,#4603);
#4198=AXIS2_PLACEMENT_3D('',#5762,#4608,#4609);
#4199=AXIS2_PLACEMENT_3D('',#5766,#4611,#4612);
#4200=AXIS2_PLACEMENT_3D('',#5768,#4613,#4614);
#4201=AXIS2_PLACEMENT_3D('',#5770,#4615,#4616);
#4202=AXIS2_PLACEMENT_3D('',#5778,#4620,#4621);
#4203=AXIS2_PLACEMENT_3D('',#5780,#4622,#4623);
#4204=AXIS2_PLACEMENT_3D('',#5782,#4624,#4625);
#4205=AXIS2_PLACEMENT_3D('',#5783,#4626,#4627);
#4206=AXIS2_PLACEMENT_3D('',#5784,#4628,#4629);
#4207=AXIS2_PLACEMENT_3D('',#5789,#4631,#4632);
#4208=AXIS2_PLACEMENT_3D('',#5791,#4633,#4634);
#4209=AXIS2_PLACEMENT_3D('',#5793,#4635,#4636);
#4210=AXIS2_PLACEMENT_3D('',#5801,#4640,#4641);
#4211=AXIS2_PLACEMENT_3D('',#5803,#4642,#4643);
#4212=AXIS2_PLACEMENT_3D('',#5804,#4644,#4645);
#4213=AXIS2_PLACEMENT_3D('',#5813,#4650,#4651);
#4214=AXIS2_PLACEMENT_3D('',#5854,#4676,#4677);
#4215=AXIS2_PLACEMENT_3D('',#5871,#4686,#4687);
#4216=AXIS2_PLACEMENT_3D('',#5880,#4692,#4693);
#4217=AXIS2_PLACEMENT_3D('',#5884,#4695,#4696);
#4218=AXIS2_PLACEMENT_3D('',#5886,#4697,#4698);
#4219=AXIS2_PLACEMENT_3D('',#5888,#4699,#4700);
#4220=AXIS2_PLACEMENT_3D('',#5893,#4703,#4704);
#4221=AXIS2_PLACEMENT_3D('',#5895,#4705,#4706);
#4222=AXIS2_PLACEMENT_3D('',#5897,#4707,#4708);
#4223=AXIS2_PLACEMENT_3D('',#5898,#4709,#4710);
#4224=AXIS2_PLACEMENT_3D('',#5899,#4711,#4712);
#4225=AXIS2_PLACEMENT_3D('',#5904,#4714,#4715);
#4226=AXIS2_PLACEMENT_3D('',#5906,#4716,#4717);
#4227=AXIS2_PLACEMENT_3D('',#5908,#4718,#4719);
#4228=AXIS2_PLACEMENT_3D('',#5913,#4722,#4723);
#4229=AXIS2_PLACEMENT_3D('',#5915,#4724,#4725);
#4230=AXIS2_PLACEMENT_3D('',#5916,#4726,#4727);
#4231=AXIS2_PLACEMENT_3D('',#5925,#4732,#4733);
#4232=AXIS2_PLACEMENT_3D('',#5944,#4743,#4744);
#4233=AXIS2_PLACEMENT_3D('',#5953,#4749,#4750);
#4234=AXIS2_PLACEMENT_3D('',#5957,#4752,#4753);
#4235=AXIS2_PLACEMENT_3D('',#5959,#4754,#4755);
#4236=AXIS2_PLACEMENT_3D('',#5961,#4756,#4757);
#4237=AXIS2_PLACEMENT_3D('',#5966,#4760,#4761);
#4238=AXIS2_PLACEMENT_3D('',#5968,#4762,#4763);
#4239=AXIS2_PLACEMENT_3D('',#5970,#4764,#4765);
#4240=AXIS2_PLACEMENT_3D('',#5971,#4766,#4767);
#4241=AXIS2_PLACEMENT_3D('',#5972,#4768,#4769);
#4242=AXIS2_PLACEMENT_3D('',#5977,#4771,#4772);
#4243=AXIS2_PLACEMENT_3D('',#5979,#4773,#4774);
#4244=AXIS2_PLACEMENT_3D('',#5981,#4775,#4776);
#4245=AXIS2_PLACEMENT_3D('',#5986,#4779,#4780);
#4246=AXIS2_PLACEMENT_3D('',#5988,#4781,#4782);
#4247=AXIS2_PLACEMENT_3D('',#5989,#4783,#4784);
#4248=AXIS2_PLACEMENT_3D('',#5998,#4789,#4790);
#4249=AXIS2_PLACEMENT_3D('',#6017,#4800,#4801);
#4250=AXIS2_PLACEMENT_3D('',#6024,#4805,#4806);
#4251=AXIS2_PLACEMENT_3D('',#6030,#4810,#4811);
#4252=AXIS2_PLACEMENT_3D('',#6036,#4816,#4817);
#4253=AXIS2_PLACEMENT_3D('',#6054,#4827,#4828);
#4254=AXIS2_PLACEMENT_3D('',#6062,#4833,#4834);
#4255=AXIS2_PLACEMENT_3D('',#6100,#4854,#4855);
#4256=AXIS2_PLACEMENT_3D('',#6109,#4860,#4861);
#4257=AXIS2_PLACEMENT_3D('',#6115,#4865,#4866);
#4258=AXIS2_PLACEMENT_3D('',#6181,#4901,#4902);
#4259=AXIS2_PLACEMENT_3D('',#6191,#4908,#4909);
#4260=AXIS2_PLACEMENT_3D('',#6203,#4917,#4918);
#4261=AXIS2_PLACEMENT_3D('',#6209,#4922,#4923);
#4262=AXIS2_PLACEMENT_3D('',#6215,#4927,#4928);
#4263=AXIS2_PLACEMENT_3D('',#6218,#4931,#4932);
#4264=AXIS2_PLACEMENT_3D('',#6219,#4933,#4934);
#4265=AXIS2_PLACEMENT_3D('',#6220,#4935,#4936);
#4266=AXIS2_PLACEMENT_3D('',#6223,#4939,#4940);
#4267=AXIS2_PLACEMENT_3D('',#6226,#4943,#4944);
#4268=AXIS2_PLACEMENT_3D('',#6232,#4948,#4949);
#4269=AXIS2_PLACEMENT_3D('',#6235,#4952,#4953);
#4270=AXIS2_PLACEMENT_3D('',#6236,#4954,#4955);
#4271=AXIS2_PLACEMENT_3D('',#6237,#4956,#4957);
#4272=AXIS2_PLACEMENT_3D('',#6243,#4961,#4962);
#4273=AXIS2_PLACEMENT_3D('',#6246,#4965,#4966);
#4274=AXIS2_PLACEMENT_3D('',#6247,#4967,#4968);
#4275=AXIS2_PLACEMENT_3D('',#6248,#4969,#4970);
#4276=AXIS2_PLACEMENT_3D('',#6254,#4974,#4975);
#4277=AXIS2_PLACEMENT_3D('',#6257,#4978,#4979);
#4278=AXIS2_PLACEMENT_3D('',#6261,#4982,#4983);
#4279=AXIS2_PLACEMENT_3D('',#6264,#4986,#4987);
#4280=AXIS2_PLACEMENT_3D('',#6270,#4991,#4992);
#4281=AXIS2_PLACEMENT_3D('',#6274,#4995,#4996);
#4282=AXIS2_PLACEMENT_3D('',#6277,#4999,#5000);
#4283=AXIS2_PLACEMENT_3D('',#6279,#5002,#5003);
#4284=AXIS2_PLACEMENT_3D('',#6280,#5004,#5005);
#4285=AXIS2_PLACEMENT_3D('',#6281,#5006,#5007);
#4286=AXIS2_PLACEMENT_3D('',#6287,#5011,#5012);
#4287=AXIS2_PLACEMENT_3D('',#6291,#5015,#5016);
#4288=AXIS2_PLACEMENT_3D('',#6295,#5019,#5020);
#4289=AXIS2_PLACEMENT_3D('',#6299,#5023,#5024);
#4290=AXIS2_PLACEMENT_3D('',#6301,#5026,#5027);
#4291=AXIS2_PLACEMENT_3D('',#6310,#5032,#5033);
#4292=AXIS2_PLACEMENT_3D('',#6313,#5036,#5037);
#4293=AXIS2_PLACEMENT_3D('',#6315,#5039,#5040);
#4294=AXIS2_PLACEMENT_3D('',#6317,#5042,#5043);
#4295=AXIS2_PLACEMENT_3D('',#6318,#5044,#5045);
#4296=AXIS2_PLACEMENT_3D('',#6324,#5049,#5050);
#4297=AXIS2_PLACEMENT_3D('',#6328,#5053,#5054);
#4298=AXIS2_PLACEMENT_3D('',#6332,#5057,#5058);
#4299=AXIS2_PLACEMENT_3D('',#6336,#5061,#5062);
#4300=AXIS2_PLACEMENT_3D('',#6338,#5064,#5065);
#4301=AXIS2_PLACEMENT_3D('',#6347,#5070,#5071);
#4302=AXIS2_PLACEMENT_3D('',#6350,#5074,#5075);
#4303=AXIS2_PLACEMENT_3D('',#6352,#5077,#5078);
#4304=AXIS2_PLACEMENT_3D('',#6354,#5080,#5081);
#4305=AXIS2_PLACEMENT_3D('',#6356,#5083,#5084);
#4306=AXIS2_PLACEMENT_3D('',#6357,#5085,#5086);
#4307=AXIS2_PLACEMENT_3D('',#6363,#5090,#5091);
#4308=AXIS2_PLACEMENT_3D('',#6367,#5094,#5095);
#4309=AXIS2_PLACEMENT_3D('',#6371,#5098,#5099);
#4310=AXIS2_PLACEMENT_3D('',#6375,#5102,#5103);
#4311=AXIS2_PLACEMENT_3D('',#6377,#5105,#5106);
#4312=AXIS2_PLACEMENT_3D('',#6386,#5111,#5112);
#4313=AXIS2_PLACEMENT_3D('',#6389,#5115,#5116);
#4314=AXIS2_PLACEMENT_3D('',#6391,#5118,#5119);
#4315=AXIS2_PLACEMENT_3D('',#6393,#5121,#5122);
#4316=AXIS2_PLACEMENT_3D('',#6395,#5124,#5125);
#4317=AXIS2_PLACEMENT_3D('',#6396,#5126,#5127);
#4318=AXIS2_PLACEMENT_3D('',#6402,#5131,#5132);
#4319=AXIS2_PLACEMENT_3D('',#6408,#5136,#5137);
#4320=AXIS2_PLACEMENT_3D('',#6411,#5140,#5141);
#4321=AXIS2_PLACEMENT_3D('',#6412,#5142,#5143);
#4322=AXIS2_PLACEMENT_3D('',#6413,#5144,#5145);
#4323=AXIS2_PLACEMENT_3D('',#6419,#5149,#5150);
#4324=AXIS2_PLACEMENT_3D('',#6425,#5154,#5155);
#4325=AXIS2_PLACEMENT_3D('',#6428,#5158,#5159);
#4326=AXIS2_PLACEMENT_3D('',#6429,#5160,#5161);
#4327=AXIS2_PLACEMENT_3D('',#6430,#5162,#5163);
#4328=AXIS2_PLACEMENT_3D('',#6431,#5164,#5165);
#4329=AXIS2_PLACEMENT_3D('',#6435,#5168,#5169);
#4330=AXIS2_PLACEMENT_3D('',#6439,#5173,#5174);
#4331=AXIS2_PLACEMENT_3D('',#6440,#5175,#5176);
#4332=AXIS2_PLACEMENT_3D('',#6441,#5177,#5178);
#4333=AXIS2_PLACEMENT_3D('',#6442,#5179,#5180);
#4334=AXIS2_PLACEMENT_3D('',#6443,#5181,#5182);
#4335=AXIS2_PLACEMENT_3D('',#6444,#5183,#5184);
#4336=AXIS2_PLACEMENT_3D('',#6445,#5185,#5186);
#4337=AXIS2_PLACEMENT_3D('',#6446,#5187,#5188);
#4338=AXIS2_PLACEMENT_3D('',#6452,#5192,#5193);
#4339=AXIS2_PLACEMENT_3D('',#6458,#5197,#5198);
#4340=AXIS2_PLACEMENT_3D('',#6462,#5202,#5203);
#4341=AXIS2_PLACEMENT_3D('',#6466,#5207,#5208);
#4342=AXIS2_PLACEMENT_3D('',#6467,#5209,#5210);
#4343=AXIS2_PLACEMENT_3D('',#6468,#5211,#5212);
#4344=AXIS2_PLACEMENT_3D('',#6470,#5214,#5215);
#4345=AXIS2_PLACEMENT_3D('',#6472,#5217,#5218);
#4346=AXIS2_PLACEMENT_3D('',#6474,#5220,#5221);
#4347=AXIS2_PLACEMENT_3D('',#6476,#5223,#5224);
#4348=AXIS2_PLACEMENT_3D('',#6478,#5226,#5227);
#4349=AXIS2_PLACEMENT_3D('',#6481,#5230,#5231);
#4350=AXIS2_PLACEMENT_3D('',#6485,#5235,#5236);
#4351=AXIS2_PLACEMENT_3D('',#6487,#5238,#5239);
#4352=AXIS2_PLACEMENT_3D('',#6489,#5241,#5242);
#4353=AXIS2_PLACEMENT_3D('',#6490,#5243,#5244);
#4354=AXIS2_PLACEMENT_3D('',#6491,#5245,#5246);
#4355=AXIS2_PLACEMENT_3D('',#6492,#5247,#5248);
#4356=AXIS2_PLACEMENT_3D('',#6493,#5249,#5250);
#4357=AXIS2_PLACEMENT_3D('',#6494,#5251,#5252);
#4358=AXIS2_PLACEMENT_3D('',#6500,#5256,#5257);
#4359=AXIS2_PLACEMENT_3D('',#6506,#5261,#5262);
#4360=AXIS2_PLACEMENT_3D('',#6510,#5266,#5267);
#4361=AXIS2_PLACEMENT_3D('',#6514,#5271,#5272);
#4362=AXIS2_PLACEMENT_3D('',#6515,#5273,#5274);
#4363=AXIS2_PLACEMENT_3D('',#6516,#5275,#5276);
#4364=AXIS2_PLACEMENT_3D('',#6518,#5278,#5279);
#4365=AXIS2_PLACEMENT_3D('',#6520,#5281,#5282);
#4366=AXIS2_PLACEMENT_3D('',#6522,#5284,#5285);
#4367=AXIS2_PLACEMENT_3D('',#6524,#5287,#5288);
#4368=AXIS2_PLACEMENT_3D('',#6526,#5290,#5291);
#4369=AXIS2_PLACEMENT_3D('',#6529,#5294,#5295);
#4370=AXIS2_PLACEMENT_3D('',#6533,#5299,#5300);
#4371=AXIS2_PLACEMENT_3D('',#6535,#5302,#5303);
#4372=AXIS2_PLACEMENT_3D('',#6537,#5305,#5306);
#4373=AXIS2_PLACEMENT_3D('',#6538,#5307,#5308);
#4374=AXIS2_PLACEMENT_3D('',#6539,#5309,#5310);
#4375=AXIS2_PLACEMENT_3D('',#6540,#5311,#5312);
#4376=AXIS2_PLACEMENT_3D('',#6541,#5313,#5314);
#4377=AXIS2_PLACEMENT_3D('',#6542,#5315,#5316);
#4378=AXIS2_PLACEMENT_3D('',#6548,#5320,#5321);
#4379=AXIS2_PLACEMENT_3D('',#6554,#5325,#5326);
#4380=AXIS2_PLACEMENT_3D('',#6558,#5330,#5331);
#4381=AXIS2_PLACEMENT_3D('',#6562,#5335,#5336);
#4382=AXIS2_PLACEMENT_3D('',#6563,#5337,#5338);
#4383=AXIS2_PLACEMENT_3D('',#6564,#5339,#5340);
#4384=AXIS2_PLACEMENT_3D('',#6566,#5342,#5343);
#4385=AXIS2_PLACEMENT_3D('',#6568,#5345,#5346);
#4386=AXIS2_PLACEMENT_3D('',#6570,#5348,#5349);
#4387=AXIS2_PLACEMENT_3D('',#6572,#5351,#5352);
#4388=AXIS2_PLACEMENT_3D('',#6574,#5354,#5355);
#4389=AXIS2_PLACEMENT_3D('',#6577,#5358,#5359);
#4390=AXIS2_PLACEMENT_3D('',#6581,#5363,#5364);
#4391=AXIS2_PLACEMENT_3D('',#6583,#5366,#5367);
#4392=AXIS2_PLACEMENT_3D('',#6585,#5369,#5370);
#4393=AXIS2_PLACEMENT_3D('',#6586,#5371,#5372);
#4394=AXIS2_PLACEMENT_3D('',#6587,#5373,#5374);
#4395=AXIS2_PLACEMENT_3D('',#6588,#5375,#5376);
#4396=AXIS2_PLACEMENT_3D('',#6589,#5377,#5378);
#4397=AXIS2_PLACEMENT_3D('',#6590,#5379,#5380);
#4398=AXIS2_PLACEMENT_3D('',#6596,#5384,#5385);
#4399=AXIS2_PLACEMENT_3D('',#6602,#5389,#5390);
#4400=AXIS2_PLACEMENT_3D('',#6606,#5394,#5395);
#4401=AXIS2_PLACEMENT_3D('',#6610,#5399,#5400);
#4402=AXIS2_PLACEMENT_3D('',#6611,#5401,#5402);
#4403=AXIS2_PLACEMENT_3D('',#6612,#5403,#5404);
#4404=AXIS2_PLACEMENT_3D('',#6614,#5406,#5407);
#4405=AXIS2_PLACEMENT_3D('',#6616,#5409,#5410);
#4406=AXIS2_PLACEMENT_3D('',#6618,#5412,#5413);
#4407=AXIS2_PLACEMENT_3D('',#6620,#5415,#5416);
#4408=AXIS2_PLACEMENT_3D('',#6622,#5418,#5419);
#4409=AXIS2_PLACEMENT_3D('',#6625,#5422,#5423);
#4410=AXIS2_PLACEMENT_3D('',#6629,#5427,#5428);
#4411=AXIS2_PLACEMENT_3D('',#6631,#5430,#5431);
#4412=AXIS2_PLACEMENT_3D('',#6633,#5433,#5434);
#4413=AXIS2_PLACEMENT_3D('',#6634,#5435,#5436);
#4414=AXIS2_PLACEMENT_3D('',#6635,#5437,#5438);
#4415=AXIS2_PLACEMENT_3D('',#6636,#5439,#5440);
#4416=AXIS2_PLACEMENT_3D('',#6637,#5441,#5442);
#4417=AXIS2_PLACEMENT_3D('',#6638,#5443,#5444);
#4418=AXIS2_PLACEMENT_3D('',#6644,#5448,#5449);
#4419=AXIS2_PLACEMENT_3D('',#6650,#5453,#5454);
#4420=AXIS2_PLACEMENT_3D('',#6654,#5458,#5459);
#4421=AXIS2_PLACEMENT_3D('',#6658,#5463,#5464);
#4422=AXIS2_PLACEMENT_3D('',#6659,#5465,#5466);
#4423=AXIS2_PLACEMENT_3D('',#6660,#5467,#5468);
#4424=AXIS2_PLACEMENT_3D('',#6662,#5470,#5471);
#4425=AXIS2_PLACEMENT_3D('',#6664,#5473,#5474);
#4426=AXIS2_PLACEMENT_3D('',#6666,#5476,#5477);
#4427=AXIS2_PLACEMENT_3D('',#6668,#5479,#5480);
#4428=AXIS2_PLACEMENT_3D('',#6670,#5482,#5483);
#4429=AXIS2_PLACEMENT_3D('',#6673,#5486,#5487);
#4430=AXIS2_PLACEMENT_3D('',#6677,#5491,#5492);
#4431=AXIS2_PLACEMENT_3D('',#6679,#5494,#5495);
#4432=AXIS2_PLACEMENT_3D('',#6681,#5497,#5498);
#4433=AXIS2_PLACEMENT_3D('',#6682,#5499,#5500);
#4434=AXIS2_PLACEMENT_3D('',#6683,#5501,#5502);
#4435=AXIS2_PLACEMENT_3D('',#6684,#5503,#5504);
#4436=AXIS2_PLACEMENT_3D('',#6685,#5505,#5506);
#4437=AXIS2_PLACEMENT_3D('',#6686,#5507,#5508);
#4438=AXIS2_PLACEMENT_3D('',#6692,#5512,#5513);
#4439=AXIS2_PLACEMENT_3D('',#6698,#5517,#5518);
#4440=AXIS2_PLACEMENT_3D('',#6702,#5522,#5523);
#4441=AXIS2_PLACEMENT_3D('',#6706,#5527,#5528);
#4442=AXIS2_PLACEMENT_3D('',#6707,#5529,#5530);
#4443=AXIS2_PLACEMENT_3D('',#6708,#5531,#5532);
#4444=AXIS2_PLACEMENT_3D('',#6710,#5534,#5535);
#4445=AXIS2_PLACEMENT_3D('',#6712,#5537,#5538);
#4446=AXIS2_PLACEMENT_3D('',#6714,#5540,#5541);
#4447=AXIS2_PLACEMENT_3D('',#6716,#5543,#5544);
#4448=AXIS2_PLACEMENT_3D('',#6718,#5546,#5547);
#4449=AXIS2_PLACEMENT_3D('',#6721,#5550,#5551);
#4450=AXIS2_PLACEMENT_3D('',#6725,#5555,#5556);
#4451=AXIS2_PLACEMENT_3D('',#6727,#5558,#5559);
#4452=AXIS2_PLACEMENT_3D('',#6729,#5561,#5562);
#4453=AXIS2_PLACEMENT_3D('',#6730,#5563,#5564);
#4454=AXIS2_PLACEMENT_3D('',#6731,#5565,#5566);
#4455=AXIS2_PLACEMENT_3D('',#6732,#5567,#5568);
#4456=AXIS2_PLACEMENT_3D('',#6733,#5569,#5570);
#4457=AXIS2_PLACEMENT_3D('',#6734,#5571,#5572);
#4458=DIRECTION('',(0.,0.,1.));
#4459=DIRECTION('',(1.,0.,0.));
#4460=DIRECTION('',(-1.,0.,0.));
#4461=DIRECTION('',(0.,0.,1.));
#4462=DIRECTION('',(-1.,0.,0.));
#4463=DIRECTION('',(0.,0.,1.));
#4464=DIRECTION('',(0.,1.,0.));
#4465=DIRECTION('',(0.,0.,1.));
#4466=DIRECTION('',(1.,0.,0.));
#4467=DIRECTION('',(0.,1.,0.));
#4468=DIRECTION('',(0.,0.,1.));
#4469=DIRECTION('',(-1.,0.,0.));
#4470=DIRECTION('',(0.,1.,0.));
#4471=DIRECTION('',(1.,0.,0.));
#4472=DIRECTION('',(0.,1.,-7.1329090295099E-17));
#4473=DIRECTION('',(-1.,0.,0.));
#4474=DIRECTION('',(0.,1.,0.));
#4475=DIRECTION('',(0.,-1.,0.));
#4476=DIRECTION('',(0.,0.,1.));
#4477=DIRECTION('',(0.,1.,0.));
#4478=DIRECTION('',(1.,0.,0.));
#4479=DIRECTION('',(0.,0.999999999999999,0.));
#4480=DIRECTION('',(-1.,0.,0.));
#4481=DIRECTION('',(0.,1.,0.));
#4482=DIRECTION('',(1.,0.,0.));
#4483=DIRECTION('',(0.,0.,-1.));
#4484=DIRECTION('',(0.,0.,1.));
#4485=DIRECTION('',(1.,0.,0.));
#4486=DIRECTION('',(0.,1.,0.));
#4487=DIRECTION('',(-1.,0.,0.));
#4488=DIRECTION('',(0.,1.,0.));
#4489=DIRECTION('',(1.,0.,0.));
#4490=DIRECTION('',(0.,0.999999999999999,0.));
#4491=DIRECTION('',(0.,1.,0.));
#4492=DIRECTION('',(0.,0.,1.));
#4493=DIRECTION('',(0.,-1.,0.));
#4494=DIRECTION('',(-1.,0.,0.));
#4495=DIRECTION('',(0.,1.,0.));
#4496=DIRECTION('',(1.,0.,0.));
#4497=DIRECTION('',(0.,1.,-7.1329090295099E-17));
#4498=DIRECTION('',(-1.,0.,0.));
#4499=DIRECTION('',(0.,1.,0.));
#4500=DIRECTION('',(1.,0.,0.));
#4501=DIRECTION('',(0.,0.,-1.));
#4502=DIRECTION('',(-1.,0.,0.));
#4503=DIRECTION('',(0.,0.,1.));
#4504=DIRECTION('',(-1.,0.,0.));
#4505=DIRECTION('',(0.,0.,1.));
#4506=DIRECTION('',(0.,-1.,-7.84484996197723E-15));
#4507=DIRECTION('',(0.,7.84441955836712E-15,-1.));
#4508=DIRECTION('',(-1.,0.,0.));
#4509=DIRECTION('',(0.,0.,1.));
#4510=DIRECTION('',(-1.,0.,0.));
#4511=DIRECTION('',(0.,0.,1.));
#4512=DIRECTION('',(0.,1.,0.));
#4513=DIRECTION('',(0.,0.,1.));
#4514=DIRECTION('',(1.,0.,0.));
#4515=DIRECTION('',(0.,1.,0.));
#4516=DIRECTION('',(0.,0.,1.));
#4517=DIRECTION('',(-1.,0.,0.));
#4518=DIRECTION('',(0.,1.,0.));
#4519=DIRECTION('',(1.,0.,0.));
#4520=DIRECTION('',(0.,1.,-7.1329090295099E-17));
#4521=DIRECTION('',(-1.,0.,0.));
#4522=DIRECTION('',(0.,1.,0.));
#4523=DIRECTION('',(0.,-1.,0.));
#4524=DIRECTION('',(0.,0.,1.));
#4525=DIRECTION('',(0.,1.,0.));
#4526=DIRECTION('',(1.,0.,0.));
#4527=DIRECTION('',(0.,0.999999999999999,0.));
#4528=DIRECTION('',(-1.,0.,0.));
#4529=DIRECTION('',(0.,1.,0.));
#4530=DIRECTION('',(1.,0.,0.));
#4531=DIRECTION('',(0.,0.,-1.));
#4532=DIRECTION('',(0.,0.,1.));
#4533=DIRECTION('',(1.,0.,0.));
#4534=DIRECTION('',(0.,1.,0.));
#4535=DIRECTION('',(-1.,0.,0.));
#4536=DIRECTION('',(0.,1.,0.));
#4537=DIRECTION('',(1.,0.,0.));
#4538=DIRECTION('',(0.,0.999999999999999,0.));
#4539=DIRECTION('',(0.,1.,0.));
#4540=DIRECTION('',(0.,0.,1.));
#4541=DIRECTION('',(0.,-1.,0.));
#4542=DIRECTION('',(-1.,0.,0.));
#4543=DIRECTION('',(0.,1.,0.));
#4544=DIRECTION('',(1.,0.,0.));
#4545=DIRECTION('',(0.,1.,-7.1329090295099E-17));
#4546=DIRECTION('',(-1.,0.,0.));
#4547=DIRECTION('',(0.,1.,0.));
#4548=DIRECTION('',(1.,0.,0.));
#4549=DIRECTION('',(0.,0.,-1.));
#4550=DIRECTION('',(-1.,0.,0.));
#4551=DIRECTION('',(0.,0.,1.));
#4552=DIRECTION('',(-1.,0.,0.));
#4553=DIRECTION('',(0.,0.,1.));
#4554=DIRECTION('',(0.,-1.,-7.84484996197723E-15));
#4555=DIRECTION('',(0.,7.84441955836712E-15,-1.));
#4556=DIRECTION('',(-1.,0.,0.));
#4557=DIRECTION('',(0.,0.,1.));
#4558=DIRECTION('',(-1.,0.,0.));
#4559=DIRECTION('',(0.,0.,1.));
#4560=DIRECTION('',(0.,1.,0.));
#4561=DIRECTION('',(0.,0.,1.));
#4562=DIRECTION('',(1.,0.,0.));
#4563=DIRECTION('',(0.,1.,0.));
#4564=DIRECTION('',(0.,0.,1.));
#4565=DIRECTION('',(-1.,0.,0.));
#4566=DIRECTION('',(0.,1.,0.));
#4567=DIRECTION('',(1.,0.,0.));
#4568=DIRECTION('',(0.,1.,-7.1329090295099E-17));
#4569=DIRECTION('',(-1.,0.,0.));
#4570=DIRECTION('',(0.,1.,0.));
#4571=DIRECTION('',(0.,-1.,0.));
#4572=DIRECTION('',(0.,0.,1.));
#4573=DIRECTION('',(0.,1.,0.));
#4574=DIRECTION('',(1.,0.,0.));
#4575=DIRECTION('',(0.,0.999999999999999,0.));
#4576=DIRECTION('',(-1.,0.,0.));
#4577=DIRECTION('',(0.,1.,0.));
#4578=DIRECTION('',(1.,0.,0.));
#4579=DIRECTION('',(0.,0.,-1.));
#4580=DIRECTION('',(0.,0.,1.));
#4581=DIRECTION('',(1.,0.,0.));
#4582=DIRECTION('',(0.,1.,0.));
#4583=DIRECTION('',(-1.,0.,0.));
#4584=DIRECTION('',(0.,1.,0.));
#4585=DIRECTION('',(1.,0.,0.));
#4586=DIRECTION('',(0.,0.999999999999999,0.));
#4587=DIRECTION('',(0.,1.,0.));
#4588=DIRECTION('',(0.,0.,1.));
#4589=DIRECTION('',(0.,-1.,0.));
#4590=DIRECTION('',(-1.,0.,0.));
#4591=DIRECTION('',(0.,1.,0.));
#4592=DIRECTION('',(1.,0.,0.));
#4593=DIRECTION('',(0.,1.,-7.1329090295099E-17));
#4594=DIRECTION('',(-1.,0.,0.));
#4595=DIRECTION('',(0.,1.,0.));
#4596=DIRECTION('',(1.,0.,0.));
#4597=DIRECTION('',(0.,0.,-1.));
#4598=DIRECTION('',(-1.,0.,0.));
#4599=DIRECTION('',(0.,0.,1.));
#4600=DIRECTION('',(-1.,0.,0.));
#4601=DIRECTION('',(0.,0.,1.));
#4602=DIRECTION('',(0.,-1.,-7.84484996197723E-15));
#4603=DIRECTION('',(0.,7.84441955836712E-15,-1.));
#4604=DIRECTION('',(-1.,0.,0.));
#4605=DIRECTION('',(0.,0.,-1.));
#4606=DIRECTION('',(-1.,0.,0.));
#4607=DIRECTION('',(0.,0.,-1.));
#4608=DIRECTION('',(0.,1.,0.));
#4609=DIRECTION('',(0.,0.,1.));
#4610=DIRECTION('',(0.,0.,-1.));
#4611=DIRECTION('',(1.,0.,0.));
#4612=DIRECTION('',(0.,1.,0.));
#4613=DIRECTION('',(-1.,0.,0.));
#4614=DIRECTION('',(0.,1.,0.));
#4615=DIRECTION('',(1.,0.,0.));
#4616=DIRECTION('',(0.,1.,0.));
#4617=DIRECTION('',(0.,-1.,-2.25312880217072E-16));
#4618=DIRECTION('',(0.,0.,-1.));
#4619=DIRECTION('',(0.,1.,-6.53133838846689E-17));
#4620=DIRECTION('',(-1.,0.,0.));
#4621=DIRECTION('',(0.,0.999999999999999,0.));
#4622=DIRECTION('',(1.,0.,0.));
#4623=DIRECTION('',(0.,1.,0.));
#4624=DIRECTION('',(-1.,0.,0.));
#4625=DIRECTION('',(0.,1.,0.));
#4626=DIRECTION('',(-1.,0.,0.));
#4627=DIRECTION('',(0.,0.,1.));
#4628=DIRECTION('',(1.,0.,0.));
#4629=DIRECTION('',(0.,1.,0.));
#4630=DIRECTION('',(0.,0.,-1.));
#4631=DIRECTION('',(-1.,0.,0.));
#4632=DIRECTION('',(0.,1.,0.));
#4633=DIRECTION('',(1.,0.,0.));
#4634=DIRECTION('',(0.,1.,0.));
#4635=DIRECTION('',(-1.,0.,0.));
#4636=DIRECTION('',(0.,0.999999999999999,0.));
#4637=DIRECTION('',(0.,1.,0.));
#4638=DIRECTION('',(0.,0.,-1.));
#4639=DIRECTION('',(0.,-1.,-1.30626767769338E-16));
#4640=DIRECTION('',(1.,0.,0.));
#4641=DIRECTION('',(0.,1.,0.));
#4642=DIRECTION('',(-1.,0.,0.));
#4643=DIRECTION('',(0.,1.,0.));
#4644=DIRECTION('',(-1.,0.,0.));
#4645=DIRECTION('',(0.,0.,1.));
#4646=DIRECTION('',(-1.,0.,0.));
#4647=DIRECTION('',(0.,0.,-1.));
#4648=DIRECTION('',(-1.,0.,0.));
#4649=DIRECTION('',(0.,0.,-1.));
#4650=DIRECTION('',(0.,-1.,0.));
#4651=DIRECTION('',(0.,0.,-1.));
#4652=DIRECTION('',(-1.,0.,0.));
#4653=DIRECTION('',(1.,0.,0.));
#4654=DIRECTION('',(-1.,0.,0.));
#4655=DIRECTION('',(1.,0.,0.));
#4656=DIRECTION('',(-1.,0.,0.));
#4657=DIRECTION('',(1.,0.,0.));
#4658=DIRECTION('',(0.,0.,-1.));
#4659=DIRECTION('',(1.,0.,0.));
#4660=DIRECTION('',(0.,0.,-1.));
#4661=DIRECTION('',(-1.,0.,0.));
#4662=DIRECTION('',(0.,0.,-1.));
#4663=DIRECTION('',(-1.,0.,0.));
#4664=DIRECTION('',(0.,0.,-1.));
#4665=DIRECTION('',(-1.,0.,-3.20651289459669E-16));
#4666=DIRECTION('',(0.,0.,1.));
#4667=DIRECTION('',(1.,0.,0.));
#4668=DIRECTION('',(0.,0.,-1.));
#4669=DIRECTION('',(1.,0.,0.));
#4670=DIRECTION('',(0.,0.,-1.));
#4671=DIRECTION('',(1.,0.,0.));
#4672=DIRECTION('',(0.,0.,-1.));
#4673=DIRECTION('',(-1.,0.,0.));
#4674=DIRECTION('',(1.,0.,0.));
#4675=DIRECTION('',(-1.,0.,0.));
#4676=DIRECTION('',(0.,-1.,0.));
#4677=DIRECTION('',(0.,0.,-1.));
#4678=DIRECTION('',(-5.12221498812048E-16,0.,1.));
#4679=DIRECTION('',(-1.,0.,-8.96387622921085E-16));
#4680=DIRECTION('',(3.41480999208032E-16,0.,-1.));
#4681=DIRECTION('',(1.,0.,-1.70740499604016E-16));
#4682=DIRECTION('',(1.,0.,0.));
#4683=DIRECTION('',(0.,0.,-1.));
#4684=DIRECTION('',(-1.,0.,0.));
#4685=DIRECTION('',(0.,0.,-1.));
#4686=DIRECTION('',(0.,-1.,0.));
#4687=DIRECTION('',(0.,0.,-1.));
#4688=DIRECTION('',(-1.,0.,0.));
#4689=DIRECTION('',(0.,0.,-1.));
#4690=DIRECTION('',(-1.,0.,0.));
#4691=DIRECTION('',(0.,0.,-1.));
#4692=DIRECTION('',(0.,1.,0.));
#4693=DIRECTION('',(0.,0.,1.));
#4694=DIRECTION('',(0.,0.,-1.));
#4695=DIRECTION('',(1.,0.,0.));
#4696=DIRECTION('',(0.,1.,0.));
#4697=DIRECTION('',(-1.,0.,0.));
#4698=DIRECTION('',(0.,1.,0.));
#4699=DIRECTION('',(1.,0.,0.));
#4700=DIRECTION('',(0.,1.,0.));
#4701=DIRECTION('',(0.,-1.,-2.25312880217072E-16));
#4702=DIRECTION('',(0.,1.,-6.53133838846689E-17));
#4703=DIRECTION('',(-1.,0.,0.));
#4704=DIRECTION('',(0.,0.999999999999999,0.));
#4705=DIRECTION('',(1.,0.,0.));
#4706=DIRECTION('',(0.,1.,0.));
#4707=DIRECTION('',(-1.,0.,0.));
#4708=DIRECTION('',(0.,1.,0.));
#4709=DIRECTION('',(-1.,0.,0.));
#4710=DIRECTION('',(0.,0.,1.));
#4711=DIRECTION('',(1.,0.,0.));
#4712=DIRECTION('',(0.,1.,0.));
#4713=DIRECTION('',(0.,0.,-1.));
#4714=DIRECTION('',(-1.,0.,0.));
#4715=DIRECTION('',(0.,1.,0.));
#4716=DIRECTION('',(1.,0.,0.));
#4717=DIRECTION('',(0.,1.,0.));
#4718=DIRECTION('',(-1.,0.,0.));
#4719=DIRECTION('',(0.,0.999999999999999,0.));
#4720=DIRECTION('',(0.,1.,0.));
#4721=DIRECTION('',(0.,-1.,-1.30626767769338E-16));
#4722=DIRECTION('',(1.,0.,0.));
#4723=DIRECTION('',(0.,1.,0.));
#4724=DIRECTION('',(-1.,0.,0.));
#4725=DIRECTION('',(0.,1.,0.));
#4726=DIRECTION('',(-1.,0.,0.));
#4727=DIRECTION('',(0.,0.,1.));
#4728=DIRECTION('',(-1.,0.,0.));
#4729=DIRECTION('',(0.,0.,-1.));
#4730=DIRECTION('',(-1.,0.,0.));
#4731=DIRECTION('',(0.,0.,-1.));
#4732=DIRECTION('',(0.,-1.,0.));
#4733=DIRECTION('',(0.,0.,-1.));
#4734=DIRECTION('',(-6.88382331736827E-16,0.,1.));
#4735=DIRECTION('',(-0.707106781186546,0.,0.707106781186549));
#4736=DIRECTION('',(-1.,0.,7.45747526048228E-16));
#4737=DIRECTION('',(3.41480999208032E-16,0.,-1.));
#4738=DIRECTION('',(1.,0.,-8.53702498020081E-16));
#4739=DIRECTION('',(1.,0.,0.));
#4740=DIRECTION('',(0.,0.,-1.));
#4741=DIRECTION('',(-1.,0.,0.));
#4742=DIRECTION('',(0.,0.,-1.));
#4743=DIRECTION('',(0.,-1.,0.));
#4744=DIRECTION('',(0.,0.,-1.));
#4745=DIRECTION('',(-1.,0.,0.));
#4746=DIRECTION('',(0.,0.,-1.));
#4747=DIRECTION('',(-1.,0.,0.));
#4748=DIRECTION('',(0.,0.,-1.));
#4749=DIRECTION('',(0.,1.,0.));
#4750=DIRECTION('',(0.,0.,1.));
#4751=DIRECTION('',(0.,0.,-1.));
#4752=DIRECTION('',(1.,0.,0.));
#4753=DIRECTION('',(0.,1.,0.));
#4754=DIRECTION('',(-1.,0.,0.));
#4755=DIRECTION('',(0.,1.,0.));
#4756=DIRECTION('',(1.,0.,0.));
#4757=DIRECTION('',(0.,1.,0.));
#4758=DIRECTION('',(0.,-1.,-2.25312880217072E-16));
#4759=DIRECTION('',(0.,1.,-6.53133838846689E-17));
#4760=DIRECTION('',(-1.,0.,0.));
#4761=DIRECTION('',(0.,0.999999999999999,0.));
#4762=DIRECTION('',(1.,0.,0.));
#4763=DIRECTION('',(0.,1.,0.));
#4764=DIRECTION('',(-1.,0.,0.));
#4765=DIRECTION('',(0.,1.,0.));
#4766=DIRECTION('',(-1.,0.,0.));
#4767=DIRECTION('',(0.,0.,1.));
#4768=DIRECTION('',(1.,0.,0.));
#4769=DIRECTION('',(0.,1.,0.));
#4770=DIRECTION('',(0.,0.,-1.));
#4771=DIRECTION('',(-1.,0.,0.));
#4772=DIRECTION('',(0.,1.,0.));
#4773=DIRECTION('',(1.,0.,0.));
#4774=DIRECTION('',(0.,1.,0.));
#4775=DIRECTION('',(-1.,0.,0.));
#4776=DIRECTION('',(0.,0.999999999999999,0.));
#4777=DIRECTION('',(0.,1.,0.));
#4778=DIRECTION('',(0.,-1.,-1.30626767769338E-16));
#4779=DIRECTION('',(1.,0.,0.));
#4780=DIRECTION('',(0.,1.,0.));
#4781=DIRECTION('',(-1.,0.,0.));
#4782=DIRECTION('',(0.,1.,0.));
#4783=DIRECTION('',(-1.,0.,0.));
#4784=DIRECTION('',(0.,0.,1.));
#4785=DIRECTION('',(-1.,0.,0.));
#4786=DIRECTION('',(0.,0.,-1.));
#4787=DIRECTION('',(-1.,0.,0.));
#4788=DIRECTION('',(0.,0.,-1.));
#4789=DIRECTION('',(0.,-1.,0.));
#4790=DIRECTION('',(0.,0.,-1.));
#4791=DIRECTION('',(-6.82961998416067E-16,0.,1.));
#4792=DIRECTION('',(-1.,0.,-4.01556360179815E-16));
#4793=DIRECTION('',(-0.707106781186546,0.,-0.707106781186549));
#4794=DIRECTION('',(-9.17843108982435E-16,0.,-1.));
#4795=DIRECTION('',(1.,0.,4.2685124901004E-15));
#4796=DIRECTION('',(1.,0.,0.));
#4797=DIRECTION('',(0.,0.,-1.));
#4798=DIRECTION('',(-1.,0.,0.));
#4799=DIRECTION('',(0.,0.,-1.));
#4800=DIRECTION('',(0.,-1.,0.));
#4801=DIRECTION('',(0.,0.,-1.));
#4802=DIRECTION('',(0.527934936028456,-0.41244916877223,-0.742408503790014));
#4803=DIRECTION('',(-1.,0.,0.));
#4804=DIRECTION('',(0.527934936028454,0.412449168772231,0.742408503790015));
#4805=DIRECTION('',(0.,-0.874157276121538,0.485642931178632));
#4806=DIRECTION('',(0.,-0.485642931178632,-0.874157276121538));
#4807=DIRECTION('',(-0.527934936028456,0.41244916877223,-0.742408503790014));
#4808=DIRECTION('',(-0.527934936028453,-0.412449168772231,0.742408503790015));
#4809=DIRECTION('',(-1.,0.,0.));
#4810=DIRECTION('',(0.,-0.874157276121538,-0.485642931178632));
#4811=DIRECTION('',(0.,0.485642931178632,-0.874157276121538));
#4812=DIRECTION('',(0.,1.,0.));
#4813=DIRECTION('',(0.,-1.41417674672022E-16,1.));
#4814=DIRECTION('',(0.,-1.,-1.41417674672022E-16));
#4815=DIRECTION('',(0.,0.,-1.));
#4816=DIRECTION('',(1.,0.,0.));
#4817=DIRECTION('',(0.,0.,-1.));
#4818=DIRECTION('',(0.,-1.,0.));
#4819=DIRECTION('',(0.,-1.41417674672022E-16,1.));
#4820=DIRECTION('',(0.,-1.,-1.41417674672022E-16));
#4821=DIRECTION('',(0.,-1.,0.));
#4822=DIRECTION('',(0.,0.,-1.));
#4823=DIRECTION('',(0.,0.,-1.));
#4824=DIRECTION('',(0.,0.,-1.));
#4825=DIRECTION('',(0.,1.,0.));
#4826=DIRECTION('',(0.,0.,-1.));
#4827=DIRECTION('',(1.,0.,0.));
#4828=DIRECTION('',(0.,0.,-1.));
#4829=DIRECTION('',(0.,-1.41417674672022E-16,1.));
#4830=DIRECTION('',(0.,1.,0.));
#4831=DIRECTION('',(0.,0.,-1.));
#4832=DIRECTION('',(0.,-1.,-1.41417674672022E-16));
#4833=DIRECTION('',(1.,0.,0.));
#4834=DIRECTION('',(0.,0.,-1.));
#4835=DIRECTION('',(1.,0.,-9.95799250102961E-17));
#4836=DIRECTION('',(0.,1.,0.));
#4837=DIRECTION('',(1.,0.,-9.95799250102961E-17));
#4838=DIRECTION('',(0.,1.,0.));
#4839=DIRECTION('',(1.,0.,9.95799250102961E-17));
#4840=DIRECTION('',(0.,1.,0.));
#4841=DIRECTION('',(1.,0.,9.95799250102961E-17));
#4842=DIRECTION('',(0.,1.,0.));
#4843=DIRECTION('',(-0.642787609686539,0.766044443118979,0.));
#4844=DIRECTION('',(0.,1.,0.));
#4845=DIRECTION('',(0.,1.,0.));
#4846=DIRECTION('',(-0.707106781186547,0.707106781186547,0.));
#4847=DIRECTION('',(1.,0.,0.));
#4848=DIRECTION('',(1.,0.,0.));
#4849=DIRECTION('',(0.70710678118655,0.707106781186545,0.));
#4850=DIRECTION('',(0.,1.,0.));
#4851=DIRECTION('',(0.,-1.,0.));
#4852=DIRECTION('',(-0.642787609686539,-0.766044443118979,0.));
#4853=DIRECTION('',(1.,0.,0.));
#4854=DIRECTION('',(0.,0.,-1.));
#4855=DIRECTION('',(-1.,0.,0.));
#4856=DIRECTION('',(0.,0.,-1.));
#4857=DIRECTION('',(0.642787609686539,-0.766044443118979,0.));
#4858=DIRECTION('',(0.,0.,-1.));
#4859=DIRECTION('',(-0.642787609686539,0.766044443118979,-2.06110675894687E-16));
#4860=DIRECTION('',(-0.766044443118979,-0.642787609686539,0.));
#4861=DIRECTION('',(0.642787609686539,-0.766044443118979,0.));
#4862=DIRECTION('',(0.,0.,-1.));
#4863=DIRECTION('',(0.642787609686539,0.766044443118979,0.));
#4864=DIRECTION('',(-0.642787609686539,-0.766044443118979,-2.06110675894687E-16));
#4865=DIRECTION('',(0.766044443118979,-0.642787609686539,0.));
#4866=DIRECTION('',(0.642787609686539,0.766044443118979,0.));
#4867=DIRECTION('',(6.82961998416067E-16,0.,-1.));
#4868=DIRECTION('',(-1.,0.,-4.2685124901004E-15));
#4869=DIRECTION('',(9.17843108982435E-16,0.,1.));
#4870=DIRECTION('',(0.707106781186546,0.,0.707106781186549));
#4871=DIRECTION('',(1.,0.,4.01556360179815E-16));
#4872=DIRECTION('',(6.82961998416065E-16,0.,-1.));
#4873=DIRECTION('',(-1.,0.,0.));
#4874=DIRECTION('',(1.14730388622804E-15,0.,1.));
#4875=DIRECTION('',(0.707106781186546,0.,0.707106781186549));
#4876=DIRECTION('',(1.,0.,4.01556360179815E-16));
#4877=DIRECTION('',(6.88382331736827E-16,0.,-1.));
#4878=DIRECTION('',(-1.,0.,8.53702498020081E-16));
#4879=DIRECTION('',(-3.41480999208032E-16,0.,1.));
#4880=DIRECTION('',(1.,0.,-7.45747526048228E-16));
#4881=DIRECTION('',(0.707106781186546,0.,-0.707106781186549));
#4882=DIRECTION('',(4.73262853069068E-16,0.,-1.));
#4883=DIRECTION('',(-1.,0.,0.));
#4884=DIRECTION('',(-3.41480999208032E-16,0.,1.));
#4885=DIRECTION('',(1.,0.,-7.45747526048228E-16));
#4886=DIRECTION('',(0.707106781186546,0.,-0.707106781186549));
#4887=DIRECTION('',(5.12221498812048E-16,0.,-1.));
#4888=DIRECTION('',(-1.,0.,1.70740499604016E-16));
#4889=DIRECTION('',(-3.41480999208032E-16,0.,1.));
#4890=DIRECTION('',(1.,0.,8.96387622921085E-16));
#4891=DIRECTION('',(6.82961998416065E-16,0.,-1.));
#4892=DIRECTION('',(-1.,0.,0.));
#4893=DIRECTION('',(9.17843108982435E-16,0.,1.));
#4894=DIRECTION('',(0.707106781186547,0.,0.707106781186548));
#4895=DIRECTION('',(1.,0.,4.01556360179815E-16));
#4896=DIRECTION('',(-1.,0.,-3.20651289459669E-16));
#4897=DIRECTION('',(0.,0.,-1.));
#4898=DIRECTION('',(0.,0.,-1.));
#4899=DIRECTION('',(0.,0.,-1.));
#4900=DIRECTION('',(0.,0.,-1.));
#4901=DIRECTION('',(0.,-1.,0.));
#4902=DIRECTION('',(0.,0.,-1.));
#4903=DIRECTION('',(0.,-1.,0.));
#4904=DIRECTION('',(-1.,0.,0.));
#4905=DIRECTION('',(0.,1.,3.77896192899512E-15));
#4906=DIRECTION('',(-1.,0.,0.));
#4907=DIRECTION('',(0.,1.,3.77896192899512E-15));
#4908=DIRECTION('',(-3.20651289459669E-16,0.,1.));
#4909=DIRECTION('',(1.,0.,3.20490162186715E-16));
#4910=DIRECTION('',(0.,-1.41417674672022E-16,1.));
#4911=DIRECTION('',(0.,-1.,0.));
#4912=DIRECTION('',(0.,0.,-1.));
#4913=DIRECTION('',(0.,-1.,0.));
#4914=DIRECTION('',(0.,0.,-1.));
#4915=DIRECTION('',(0.,0.,-1.));
#4916=DIRECTION('',(0.,-1.,-1.41417674672022E-16));
#4917=DIRECTION('',(-1.,0.,0.));
#4918=DIRECTION('',(0.,0.,1.));
#4919=DIRECTION('',(0.,-0.810421678379293,-0.585846996418766));
#4920=DIRECTION('',(0.,-0.810421678379293,-0.585846996418766));
#4921=DIRECTION('',(-1.,0.,0.));
#4922=DIRECTION('',(0.,0.585846996418766,-0.810421678379293));
#4923=DIRECTION('',(0.,0.810421678379293,0.585846996418766));
#4924=DIRECTION('',(0.,-7.22801448323674E-16,1.));
#4925=DIRECTION('',(-1.,0.,0.));
#4926=DIRECTION('',(0.,-7.22801448323674E-16,1.));
#4927=DIRECTION('',(0.,-1.,-7.22801448323675E-16));
#4928=DIRECTION('',(0.,7.22946008613334E-16,-1.));
#4929=DIRECTION('',(0.,-1.,-1.15648231731787E-15));
#4930=DIRECTION('',(0.,-1.,-1.15648231731787E-15));
#4931=DIRECTION('',(0.,1.15648231731787E-15,-1.));
#4932=DIRECTION('',(0.,1.,1.15619319673854E-15));
#4933=DIRECTION('',(-1.,0.,0.));
#4934=DIRECTION('',(0.,0.,1.));
#4935=DIRECTION('',(-1.,0.,0.));
#4936=DIRECTION('',(0.,0.,1.));
#4937=DIRECTION('',(0.606584724889969,-0.722899525100393,-0.330864395394528));
#4938=DIRECTION('',(0.642787609686539,-0.766044443118979,0.));
#4939=DIRECTION('',(-0.766044443118979,-0.642787609686539,0.));
#4940=DIRECTION('',(0.642787609686539,-0.766044443118979,0.));
#4941=DIRECTION('',(0.60658472488997,0.722899525100393,0.330864395394528));
#4942=DIRECTION('',(0.642787609686539,0.766044443118979,0.));
#4943=DIRECTION('',(0.766044443118979,-0.642787609686539,0.));
#4944=DIRECTION('',(0.642787609686539,0.766044443118979,0.));
#4945=DIRECTION('',(0.,1.,0.));
#4946=DIRECTION('',(0.,0.,1.));
#4947=DIRECTION('',(0.,1.,0.));
#4948=DIRECTION('',(1.,0.,0.));
#4949=DIRECTION('',(0.,0.,-1.));
#4950=DIRECTION('',(1.,2.16840434497101E-15,0.));
#4951=DIRECTION('',(1.,2.16840434497101E-15,0.));
#4952=DIRECTION('',(2.16840434497101E-15,-1.,0.));
#4953=DIRECTION('',(1.,2.16840434497101E-15,0.));
#4954=DIRECTION('',(0.,0.,-1.));
#4955=DIRECTION('',(-1.,0.,0.));
#4956=DIRECTION('',(0.,0.,-1.));
#4957=DIRECTION('',(-1.,0.,0.));
#4958=DIRECTION('',(0.,-1.,0.));
#4959=DIRECTION('',(0.,-1.,0.));
#4960=DIRECTION('',(0.,0.,1.));
#4961=DIRECTION('',(-1.,0.,0.));
#4962=DIRECTION('',(0.,0.,1.));
#4963=DIRECTION('',(1.,-2.16840434497101E-15,0.));
#4964=DIRECTION('',(1.,-2.16840434497101E-15,0.));
#4965=DIRECTION('',(-2.16840434497101E-15,-1.,0.));
#4966=DIRECTION('',(1.,-2.16840434497101E-15,0.));
#4967=DIRECTION('',(0.,0.,-1.));
#4968=DIRECTION('',(-1.,0.,0.));
#4969=DIRECTION('',(0.,0.,-1.));
#4970=DIRECTION('',(-1.,0.,0.));
#4971=DIRECTION('',(0.,0.,-1.));
#4972=DIRECTION('',(0.,1.,0.));
#4973=DIRECTION('',(0.,0.,-1.));
#4974=DIRECTION('',(-1.,0.,0.));
#4975=DIRECTION('',(0.,0.,1.));
#4976=DIRECTION('',(-0.877895572914385,0.,-0.478852130680572));
#4977=DIRECTION('',(-1.,0.,0.));
#4978=DIRECTION('',(0.,-1.,0.));
#4979=DIRECTION('',(0.,0.,-1.));
#4980=DIRECTION('',(0.,0.,-1.));
#4981=DIRECTION('',(0.70710678118655,0.707106781186545,0.));
#4982=DIRECTION('',(-0.707106781186545,0.70710678118655,0.));
#4983=DIRECTION('',(-0.70710678118655,-0.707106781186545,0.));
#4984=DIRECTION('',(1.,0.,0.));
#4985=DIRECTION('',(1.,0.,0.));
#4986=DIRECTION('',(0.,0.,1.));
#4987=DIRECTION('',(1.,0.,0.));
#4988=DIRECTION('',(0.,0.,-1.));
#4989=DIRECTION('',(-0.707106781186547,0.707106781186547,0.));
#4990=DIRECTION('',(0.,0.,-1.));
#4991=DIRECTION('',(-0.707106781186547,-0.707106781186547,0.));
#4992=DIRECTION('',(0.707106781186548,-0.707106781186548,0.));
#4993=DIRECTION('',(0.,0.,-1.));
#4994=DIRECTION('',(0.,1.,0.));
#4995=DIRECTION('',(-1.,0.,0.));
#4996=DIRECTION('',(0.,0.,1.));
#4997=DIRECTION('',(-0.877895572914385,0.,0.478852130680573));
#4998=DIRECTION('',(1.,0.,0.));
#4999=DIRECTION('',(0.,1.,0.));
#5000=DIRECTION('',(0.,0.,1.));
#5001=DIRECTION('',(-1.,0.,0.));
#5002=DIRECTION('',(0.,0.,-1.));
#5003=DIRECTION('',(-1.,0.,0.));
#5004=DIRECTION('',(0.478852130680573,0.,0.877895572914384));
#5005=DIRECTION('',(0.,-1.,0.));
#5006=DIRECTION('',(-0.478852130680572,0.,0.877895572914385));
#5007=DIRECTION('',(0.,-1.,0.));
#5008=DIRECTION('',(0.,1.,0.));
#5009=DIRECTION('',(-6.82961998416065E-16,0.,1.));
#5010=DIRECTION('',(0.,1.,0.));
#5011=DIRECTION('',(-1.,0.,-6.82961998416065E-16));
#5012=DIRECTION('',(-6.82613687796874E-16,0.,1.));
#5013=DIRECTION('',(0.,1.,0.));
#5014=DIRECTION('',(-1.,0.,-4.01556360179815E-16));
#5015=DIRECTION('',(4.01556360179815E-16,0.,-1.));
#5016=DIRECTION('',(-1.,0.,-4.01588484688631E-16));
#5017=DIRECTION('',(0.,1.,0.));
#5018=DIRECTION('',(-0.707106781186547,0.,-0.707106781186548));
#5019=DIRECTION('',(0.707106781186548,0.,-0.707106781186547));
#5020=DIRECTION('',(-0.707106781186547,0.,-0.707106781186548));
#5021=DIRECTION('',(0.,1.,0.));
#5022=DIRECTION('',(-9.17843108982435E-16,0.,-1.));
#5023=DIRECTION('',(1.,0.,-9.17843108982435E-16));
#5024=DIRECTION('',(-9.17668718791731E-16,0.,-1.));
#5025=DIRECTION('',(1.,0.,0.));
#5026=DIRECTION('',(0.,0.,1.));
#5027=DIRECTION('',(1.,0.,0.));
#5028=DIRECTION('',(0.,0.,1.));
#5029=DIRECTION('',(-1.,0.,0.));
#5030=DIRECTION('',(0.,0.,1.));
#5031=DIRECTION('',(1.,0.,0.));
#5032=DIRECTION('',(0.,-1.,0.));
#5033=DIRECTION('',(0.,0.,-1.));
#5034=DIRECTION('',(0.,1.,0.));
#5035=DIRECTION('',(0.,1.,0.));
#5036=DIRECTION('',(-1.,0.,-5.12221498812048E-16));
#5037=DIRECTION('',(-5.12177106282152E-16,0.,1.));
#5038=DIRECTION('',(0.,1.,0.));
#5039=DIRECTION('',(8.96387622921085E-16,0.,-1.));
#5040=DIRECTION('',(-1.,0.,-8.96418356211015E-16));
#5041=DIRECTION('',(0.,1.,0.));
#5042=DIRECTION('',(1.,0.,3.41480999208032E-16));
#5043=DIRECTION('',(3.41740524767431E-16,0.,-1.));
#5044=DIRECTION('',(1.70740499604016E-16,0.,1.));
#5045=DIRECTION('',(1.,0.,-1.70870262383715E-16));
#5046=DIRECTION('',(0.,1.,0.));
#5047=DIRECTION('',(-4.73262853069068E-16,0.,1.));
#5048=DIRECTION('',(0.,1.,0.));
#5049=DIRECTION('',(-1.,0.,-4.73262853069068E-16));
#5050=DIRECTION('',(-4.73254248289923E-16,0.,1.));
#5051=DIRECTION('',(0.,1.,0.));
#5052=DIRECTION('',(-0.707106781186546,0.,0.707106781186549));
#5053=DIRECTION('',(-0.707106781186549,0.,-0.707106781186546));
#5054=DIRECTION('',(-0.707106781186546,0.,0.707106781186549));
#5055=DIRECTION('',(0.,1.,0.));
#5056=DIRECTION('',(-1.,0.,7.45747526048228E-16));
#5057=DIRECTION('',(-7.45747526048228E-16,0.,-1.));
#5058=DIRECTION('',(-1.,0.,7.4571425423553E-16));
#5059=DIRECTION('',(0.,1.,0.));
#5060=DIRECTION('',(3.41480999208032E-16,0.,-1.));
#5061=DIRECTION('',(1.,0.,3.41480999208032E-16));
#5062=DIRECTION('',(3.41306843898437E-16,0.,-1.));
#5063=DIRECTION('',(1.,0.,0.));
#5064=DIRECTION('',(0.,0.,1.));
#5065=DIRECTION('',(1.,0.,0.));
#5066=DIRECTION('',(0.,0.,1.));
#5067=DIRECTION('',(-1.,0.,0.));
#5068=DIRECTION('',(0.,0.,1.));
#5069=DIRECTION('',(1.,0.,0.));
#5070=DIRECTION('',(0.,-1.,0.));
#5071=DIRECTION('',(0.,0.,-1.));
#5072=DIRECTION('',(0.,1.,0.));
#5073=DIRECTION('',(0.,1.,0.));
#5074=DIRECTION('',(-1.,0.,-6.88382331736827E-16));
#5075=DIRECTION('',(-6.88251539093798E-16,0.,1.));
#5076=DIRECTION('',(0.,1.,0.));
#5077=DIRECTION('',(-0.707106781186549,0.,-0.707106781186546));
#5078=DIRECTION('',(-0.707106781186546,0.,0.707106781186549));
#5079=DIRECTION('',(0.,1.,0.));
#5080=DIRECTION('',(-7.45747526048228E-16,0.,-1.));
#5081=DIRECTION('',(-1.,0.,7.4571425423553E-16));
#5082=DIRECTION('',(0.,1.,0.));
#5083=DIRECTION('',(1.,0.,3.41480999208032E-16));
#5084=DIRECTION('',(3.4146947422431E-16,0.,-1.));
#5085=DIRECTION('',(8.53702498020081E-16,0.,1.));
#5086=DIRECTION('',(1.,0.,-8.53917631049583E-16));
#5087=DIRECTION('',(0.,1.,0.));
#5088=DIRECTION('',(-6.82961998416065E-16,0.,1.));
#5089=DIRECTION('',(0.,1.,0.));
#5090=DIRECTION('',(-1.,0.,-6.82961998416065E-16));
#5091=DIRECTION('',(-6.82613687796874E-16,0.,1.));
#5092=DIRECTION('',(0.,1.,0.));
#5093=DIRECTION('',(-1.,0.,-4.01556360179815E-16));
#5094=DIRECTION('',(4.01556360179815E-16,0.,-1.));
#5095=DIRECTION('',(-1.,0.,-4.01588484688631E-16));
#5096=DIRECTION('',(0.,1.,0.));
#5097=DIRECTION('',(-0.707106781186546,0.,-0.707106781186549));
#5098=DIRECTION('',(0.707106781186549,0.,-0.707106781186546));
#5099=DIRECTION('',(-0.707106781186546,0.,-0.707106781186549));
#5100=DIRECTION('',(0.,1.,0.));
#5101=DIRECTION('',(-1.14730388622804E-15,0.,-1.));
#5102=DIRECTION('',(1.,0.,-1.14730388622804E-15));
#5103=DIRECTION('',(-1.14751957935866E-15,0.,-1.));
#5104=DIRECTION('',(1.,0.,0.));
#5105=DIRECTION('',(0.,0.,1.));
#5106=DIRECTION('',(1.,0.,0.));
#5107=DIRECTION('',(0.,0.,1.));
#5108=DIRECTION('',(-1.,0.,0.));
#5109=DIRECTION('',(0.,0.,1.));
#5110=DIRECTION('',(1.,0.,0.));
#5111=DIRECTION('',(0.,-1.,0.));
#5112=DIRECTION('',(0.,0.,-1.));
#5113=DIRECTION('',(0.,1.,0.));
#5114=DIRECTION('',(0.,1.,0.));
#5115=DIRECTION('',(-1.,0.,-6.82961998416068E-16));
#5116=DIRECTION('',(-6.83481049534862E-16,0.,1.));
#5117=DIRECTION('',(0.,1.,0.));
#5118=DIRECTION('',(4.01556360179815E-16,0.,-1.));
#5119=DIRECTION('',(-1.,0.,-4.01588484688631E-16));
#5120=DIRECTION('',(0.,1.,0.));
#5121=DIRECTION('',(0.707106781186549,0.,-0.707106781186547));
#5122=DIRECTION('',(-0.707106781186546,0.,-0.707106781186549));
#5123=DIRECTION('',(0.,1.,0.));
#5124=DIRECTION('',(1.,0.,-9.17843108982435E-16));
#5125=DIRECTION('',(-9.17668718791731E-16,0.,-1.));
#5126=DIRECTION('',(-4.2685124901004E-15,0.,1.));
#5127=DIRECTION('',(1.,0.,4.26872079350993E-15));
#5128=DIRECTION('',(0.,0.,1.));
#5129=DIRECTION('',(0.,0.,1.));
#5130=DIRECTION('',(0.,1.,0.));
#5131=DIRECTION('',(-1.,0.,0.));
#5132=DIRECTION('',(0.,0.,1.));
#5133=DIRECTION('',(-1.,0.,-2.16840434497101E-16));
#5134=DIRECTION('',(-1.,0.,-2.16840434497101E-16));
#5135=DIRECTION('',(0.,1.,0.));
#5136=DIRECTION('',(2.16840434497101E-16,0.,-1.));
#5137=DIRECTION('',(-1.,0.,-2.16840434497101E-16));
#5138=DIRECTION('',(0.,0.,-1.));
#5139=DIRECTION('',(0.,0.,-1.));
#5140=DIRECTION('',(1.,0.,0.));
#5141=DIRECTION('',(0.,0.,-1.));
#5142=DIRECTION('',(0.,-1.,0.));
#5143=DIRECTION('',(0.,0.,-1.));
#5144=DIRECTION('',(0.,-1.,0.));
#5145=DIRECTION('',(0.,0.,-1.));
#5146=DIRECTION('',(0.,0.,1.));
#5147=DIRECTION('',(0.,0.,1.));
#5148=DIRECTION('',(0.,1.,0.));
#5149=DIRECTION('',(-1.,0.,0.));
#5150=DIRECTION('',(0.,0.,1.));
#5151=DIRECTION('',(-1.,0.,2.16840434497101E-16));
#5152=DIRECTION('',(-1.,0.,2.16840434497101E-16));
#5153=DIRECTION('',(0.,1.,0.));
#5154=DIRECTION('',(-2.16840434497101E-16,0.,-1.));
#5155=DIRECTION('',(-1.,0.,2.16840434497101E-16));
#5156=DIRECTION('',(0.,0.,-1.));
#5157=DIRECTION('',(0.,0.,-1.));
#5158=DIRECTION('',(1.,0.,0.));
#5159=DIRECTION('',(0.,0.,-1.));
#5160=DIRECTION('',(0.,-1.,0.));
#5161=DIRECTION('',(0.,0.,-1.));
#5162=DIRECTION('',(0.,-1.,0.));
#5163=DIRECTION('',(0.,0.,-1.));
#5164=DIRECTION('',(0.,-1.,0.));
#5165=DIRECTION('',(0.,0.,-1.));
#5166=DIRECTION('',(-0.527934936028456,-0.41244916877223,-0.742408503790014));
#5167=DIRECTION('',(-0.527934936028454,0.412449168772231,0.742408503790015));
#5168=DIRECTION('',(0.,0.874157276121538,-0.485642931178632));
#5169=DIRECTION('',(0.,0.485642931178632,0.874157276121538));
#5170=DIRECTION('',(0.527934936028456,0.41244916877223,-0.742408503790014));
#5171=DIRECTION('',(1.,0.,0.));
#5172=DIRECTION('',(0.527934936028453,-0.412449168772231,0.742408503790015));
#5173=DIRECTION('',(0.,0.874157276121538,0.485642931178632));
#5174=DIRECTION('',(0.,-0.485642931178632,0.874157276121538));
#5175=DIRECTION('',(0.,-1.41417674672022E-16,1.));
#5176=DIRECTION('',(0.,-1.,-1.41434173400734E-16));
#5177=DIRECTION('',(-0.615644041972317,-0.788024373724562,-1.11440574517004E-16));
#5178=DIRECTION('',(0.788024373724562,-0.615644041972317,0.));
#5179=DIRECTION('',(0.615644041972314,-0.788024373724564,-1.11440574517005E-16));
#5180=DIRECTION('',(0.788024373724564,0.615644041972314,0.));
#5181=DIRECTION('',(0.,1.,0.));
#5182=DIRECTION('',(0.,0.,1.));
#5183=DIRECTION('',(0.,1.41417674672022E-16,-1.));
#5184=DIRECTION('',(0.,1.,1.41434173400734E-16));
#5185=DIRECTION('',(-0.615644041972317,0.788024373724562,1.11440574517004E-16));
#5186=DIRECTION('',(-0.788024373724562,-0.615644041972317,0.));
#5187=DIRECTION('',(0.615644041972314,0.788024373724564,1.11440574517005E-16));
#5188=DIRECTION('',(-0.788024373724564,0.615644041972314,0.));
#5189=DIRECTION('',(-1.,0.,0.));
#5190=DIRECTION('',(0.246296620734984,-0.940405279169946,-0.234469370118623));
#5191=DIRECTION('',(0.246296620734985,0.940405279169945,0.234469370118623));
#5192=DIRECTION('',(0.,0.241921895599665,-0.970295726275997));
#5193=DIRECTION('',(0.,0.970295726275997,0.241921895599665));
#5194=DIRECTION('',(-0.246296620734984,0.940405279169946,-0.234469370118623));
#5195=DIRECTION('',(-1.,0.,0.));
#5196=DIRECTION('',(-0.246296620734985,-0.940405279169945,0.234469370118623));
#5197=DIRECTION('',(0.,0.241921895599665,0.970295726275997));
#5198=DIRECTION('',(0.,-0.970295726275997,0.241921895599665));
#5199=DIRECTION('',(0.,-1.,-2.25312880217072E-16));
#5200=DIRECTION('',(0.,0.,-1.));
#5201=DIRECTION('',(0.,1.,-6.53133838846689E-17));
#5202=DIRECTION('',(-1.,0.,0.));
#5203=DIRECTION('',(0.,0.,1.));
#5204=DIRECTION('',(0.,0.,-1.));
#5205=DIRECTION('',(0.,-1.,-1.30626767769338E-16));
#5206=DIRECTION('',(0.,1.,0.));
#5207=DIRECTION('',(-1.,0.,0.));
#5208=DIRECTION('',(0.,0.,1.));
#5209=DIRECTION('',(0.,1.30626767769338E-16,-1.));
#5210=DIRECTION('',(0.,1.,1.30537941567255E-16));
#5211=DIRECTION('',(0.,0.,1.));
#5212=DIRECTION('',(1.,0.,0.));
#5213=DIRECTION('',(-1.,0.,0.));
#5214=DIRECTION('',(0.,0.,1.));
#5215=DIRECTION('',(1.,0.,0.));
#5216=DIRECTION('',(-1.,0.,0.));
#5217=DIRECTION('',(0.,1.30626767769338E-16,-1.));
#5218=DIRECTION('',(0.,1.,1.30537941567255E-16));
#5219=DIRECTION('',(-1.,0.,0.));
#5220=DIRECTION('',(-1.,0.,0.));
#5221=DIRECTION('',(0.,0.,1.));
#5222=DIRECTION('',(-1.,0.,0.));
#5223=DIRECTION('',(-1.,0.,0.));
#5224=DIRECTION('',(0.,0.,1.));
#5225=DIRECTION('',(-1.,0.,0.));
#5226=DIRECTION('',(-1.,0.,0.));
#5227=DIRECTION('',(0.,0.,1.));
#5228=DIRECTION('',(0.246296620734986,-0.940405279169945,-0.234469370118624));
#5229=DIRECTION('',(0.246296620734987,0.940405279169945,0.234469370118624));
#5230=DIRECTION('',(0.,-0.241921895599666,0.970295726275997));
#5231=DIRECTION('',(0.,-0.970295726275997,-0.241921895599666));
#5232=DIRECTION('',(-1.,0.,0.));
#5233=DIRECTION('',(-0.246296620734986,0.940405279169945,-0.234469370118626));
#5234=DIRECTION('',(-0.246296620734986,-0.940405279169944,0.234469370118626));
#5235=DIRECTION('',(0.,-0.241921895599668,-0.970295726275996));
#5236=DIRECTION('',(0.,0.970295726275997,-0.241921895599668));
#5237=DIRECTION('',(-1.,0.,0.));
#5238=DIRECTION('',(-1.,0.,0.));
#5239=DIRECTION('',(0.,0.,1.));
#5240=DIRECTION('',(-1.,0.,0.));
#5241=DIRECTION('',(-1.,0.,0.));
#5242=DIRECTION('',(0.,0.,1.));
#5243=DIRECTION('',(-1.,0.,0.));
#5244=DIRECTION('',(0.,0.,1.));
#5245=DIRECTION('',(0.967372223380245,-0.253359391837684,0.));
#5246=DIRECTION('',(0.253359391837684,0.967372223380245,0.));
#5247=DIRECTION('',(-0.967372223380245,-0.253359391837683,0.));
#5248=DIRECTION('',(0.253359391837683,-0.967372223380245,0.));
#5249=DIRECTION('',(-0.967372223380246,0.253359391837683,0.));
#5250=DIRECTION('',(-0.253359391837683,-0.967372223380246,0.));
#5251=DIRECTION('',(0.967372223380246,0.253359391837681,0.));
#5252=DIRECTION('',(-0.253359391837681,0.967372223380246,0.));
#5253=DIRECTION('',(-1.,0.,0.));
#5254=DIRECTION('',(0.246296620734984,-0.940405279169946,-0.234469370118623));
#5255=DIRECTION('',(0.246296620734985,0.940405279169945,0.234469370118623));
#5256=DIRECTION('',(0.,0.241921895599665,-0.970295726275997));
#5257=DIRECTION('',(0.,0.970295726275997,0.241921895599665));
#5258=DIRECTION('',(-0.246296620734984,0.940405279169946,-0.234469370118623));
#5259=DIRECTION('',(-1.,0.,0.));
#5260=DIRECTION('',(-0.246296620734985,-0.940405279169945,0.234469370118623));
#5261=DIRECTION('',(0.,0.241921895599665,0.970295726275997));
#5262=DIRECTION('',(0.,-0.970295726275997,0.241921895599665));
#5263=DIRECTION('',(0.,-1.,-2.25312880217072E-16));
#5264=DIRECTION('',(0.,0.,-1.));
#5265=DIRECTION('',(0.,1.,-6.53133838846689E-17));
#5266=DIRECTION('',(-1.,0.,0.));
#5267=DIRECTION('',(0.,0.,1.));
#5268=DIRECTION('',(0.,0.,-1.));
#5269=DIRECTION('',(0.,-1.,-1.30626767769338E-16));
#5270=DIRECTION('',(0.,1.,0.));
#5271=DIRECTION('',(-1.,0.,0.));
#5272=DIRECTION('',(0.,0.,1.));
#5273=DIRECTION('',(0.,1.30626767769338E-16,-1.));
#5274=DIRECTION('',(0.,1.,1.30537941567255E-16));
#5275=DIRECTION('',(0.,0.,1.));
#5276=DIRECTION('',(1.,0.,0.));
#5277=DIRECTION('',(-1.,0.,0.));
#5278=DIRECTION('',(0.,0.,1.));
#5279=DIRECTION('',(1.,0.,0.));
#5280=DIRECTION('',(-1.,0.,0.));
#5281=DIRECTION('',(0.,1.30626767769338E-16,-1.));
#5282=DIRECTION('',(0.,1.,1.30537941567255E-16));
#5283=DIRECTION('',(-1.,0.,0.));
#5284=DIRECTION('',(-1.,0.,0.));
#5285=DIRECTION('',(0.,0.,1.));
#5286=DIRECTION('',(-1.,0.,0.));
#5287=DIRECTION('',(-1.,0.,0.));
#5288=DIRECTION('',(0.,0.,1.));
#5289=DIRECTION('',(-1.,0.,0.));
#5290=DIRECTION('',(-1.,0.,0.));
#5291=DIRECTION('',(0.,0.,1.));
#5292=DIRECTION('',(0.246296620734986,-0.940405279169945,-0.234469370118624));
#5293=DIRECTION('',(0.246296620734987,0.940405279169945,0.234469370118624));
#5294=DIRECTION('',(0.,-0.241921895599666,0.970295726275997));
#5295=DIRECTION('',(0.,-0.970295726275997,-0.241921895599666));
#5296=DIRECTION('',(-1.,0.,0.));
#5297=DIRECTION('',(-0.246296620734986,0.940405279169945,-0.234469370118626));
#5298=DIRECTION('',(-0.246296620734986,-0.940405279169944,0.234469370118626));
#5299=DIRECTION('',(0.,-0.241921895599668,-0.970295726275996));
#5300=DIRECTION('',(0.,0.970295726275997,-0.241921895599668));
#5301=DIRECTION('',(-1.,0.,0.));
#5302=DIRECTION('',(-1.,0.,0.));
#5303=DIRECTION('',(0.,0.,1.));
#5304=DIRECTION('',(-1.,0.,0.));
#5305=DIRECTION('',(-1.,0.,0.));
#5306=DIRECTION('',(0.,0.,1.));
#5307=DIRECTION('',(-1.,0.,0.));
#5308=DIRECTION('',(0.,0.,1.));
#5309=DIRECTION('',(0.967372223380245,-0.253359391837684,0.));
#5310=DIRECTION('',(0.253359391837684,0.967372223380245,0.));
#5311=DIRECTION('',(-0.967372223380245,-0.253359391837683,0.));
#5312=DIRECTION('',(0.253359391837683,-0.967372223380245,0.));
#5313=DIRECTION('',(-0.967372223380246,0.253359391837683,0.));
#5314=DIRECTION('',(-0.253359391837683,-0.967372223380246,0.));
#5315=DIRECTION('',(0.967372223380246,0.253359391837682,0.));
#5316=DIRECTION('',(-0.253359391837682,0.967372223380246,0.));
#5317=DIRECTION('',(-1.,0.,0.));
#5318=DIRECTION('',(0.246296620734984,-0.940405279169946,-0.234469370118623));
#5319=DIRECTION('',(0.246296620734985,0.940405279169945,0.234469370118623));
#5320=DIRECTION('',(0.,0.241921895599665,-0.970295726275997));
#5321=DIRECTION('',(0.,0.970295726275997,0.241921895599665));
#5322=DIRECTION('',(-0.246296620734984,0.940405279169946,-0.234469370118623));
#5323=DIRECTION('',(-1.,0.,0.));
#5324=DIRECTION('',(-0.246296620734985,-0.940405279169945,0.234469370118623));
#5325=DIRECTION('',(0.,0.241921895599665,0.970295726275997));
#5326=DIRECTION('',(0.,-0.970295726275997,0.241921895599665));
#5327=DIRECTION('',(0.,-1.,-2.25312880217072E-16));
#5328=DIRECTION('',(0.,0.,-1.));
#5329=DIRECTION('',(0.,1.,-6.53133838846689E-17));
#5330=DIRECTION('',(-1.,0.,0.));
#5331=DIRECTION('',(0.,0.,1.));
#5332=DIRECTION('',(0.,0.,-1.));
#5333=DIRECTION('',(0.,-1.,-1.30626767769338E-16));
#5334=DIRECTION('',(0.,1.,0.));
#5335=DIRECTION('',(-1.,0.,0.));
#5336=DIRECTION('',(0.,0.,1.));
#5337=DIRECTION('',(0.,1.30626767769338E-16,-1.));
#5338=DIRECTION('',(0.,1.,1.30537941567255E-16));
#5339=DIRECTION('',(0.,0.,1.));
#5340=DIRECTION('',(1.,0.,0.));
#5341=DIRECTION('',(-1.,0.,0.));
#5342=DIRECTION('',(0.,0.,1.));
#5343=DIRECTION('',(1.,0.,0.));
#5344=DIRECTION('',(-1.,0.,0.));
#5345=DIRECTION('',(0.,1.30626767769338E-16,-1.));
#5346=DIRECTION('',(0.,1.,1.30537941567255E-16));
#5347=DIRECTION('',(-1.,0.,0.));
#5348=DIRECTION('',(-1.,0.,0.));
#5349=DIRECTION('',(0.,0.,1.));
#5350=DIRECTION('',(-1.,0.,0.));
#5351=DIRECTION('',(-1.,0.,0.));
#5352=DIRECTION('',(0.,0.,1.));
#5353=DIRECTION('',(-1.,0.,0.));
#5354=DIRECTION('',(-1.,0.,0.));
#5355=DIRECTION('',(0.,0.,1.));
#5356=DIRECTION('',(0.246296620734986,-0.940405279169945,-0.234469370118624));
#5357=DIRECTION('',(0.246296620734987,0.940405279169945,0.234469370118624));
#5358=DIRECTION('',(0.,-0.241921895599666,0.970295726275997));
#5359=DIRECTION('',(0.,-0.970295726275997,-0.241921895599666));
#5360=DIRECTION('',(-1.,0.,0.));
#5361=DIRECTION('',(-0.246296620734986,0.940405279169945,-0.234469370118626));
#5362=DIRECTION('',(-0.246296620734986,-0.940405279169944,0.234469370118626));
#5363=DIRECTION('',(0.,-0.241921895599668,-0.970295726275996));
#5364=DIRECTION('',(0.,0.970295726275997,-0.241921895599668));
#5365=DIRECTION('',(-1.,0.,0.));
#5366=DIRECTION('',(-1.,0.,0.));
#5367=DIRECTION('',(0.,0.,1.));
#5368=DIRECTION('',(-1.,0.,0.));
#5369=DIRECTION('',(-1.,0.,0.));
#5370=DIRECTION('',(0.,0.,1.));
#5371=DIRECTION('',(-1.,0.,0.));
#5372=DIRECTION('',(0.,0.,1.));
#5373=DIRECTION('',(0.967372223380245,-0.253359391837684,0.));
#5374=DIRECTION('',(0.253359391837684,0.967372223380245,0.));
#5375=DIRECTION('',(-0.967372223380245,-0.253359391837683,0.));
#5376=DIRECTION('',(0.253359391837683,-0.967372223380245,0.));
#5377=DIRECTION('',(-0.967372223380246,0.253359391837683,0.));
#5378=DIRECTION('',(-0.253359391837683,-0.967372223380246,0.));
#5379=DIRECTION('',(0.967372223380246,0.253359391837682,0.));
#5380=DIRECTION('',(-0.253359391837682,0.967372223380246,0.));
#5381=DIRECTION('',(0.23513883931281,0.943090373449569,0.235138839312811));
#5382=DIRECTION('',(-1.,0.,0.));
#5383=DIRECTION('',(0.23513883931281,-0.943090373449569,-0.235138839312811));
#5384=DIRECTION('',(0.,0.241921895599668,-0.970295726275996));
#5385=DIRECTION('',(0.,0.970295726275997,0.241921895599668));
#5386=DIRECTION('',(-1.,0.,0.));
#5387=DIRECTION('',(-0.23513883931281,-0.943090373449569,0.235138839312811));
#5388=DIRECTION('',(-0.23513883931281,0.943090373449569,-0.235138839312811));
#5389=DIRECTION('',(0.,0.241921895599668,0.970295726275996));
#5390=DIRECTION('',(0.,-0.970295726275997,0.241921895599668));
#5391=DIRECTION('',(0.,0.,1.));
#5392=DIRECTION('',(0.,1.,0.));
#5393=DIRECTION('',(0.,-1.,0.));
#5394=DIRECTION('',(1.,0.,0.));
#5395=DIRECTION('',(0.,0.,-1.));
#5396=DIRECTION('',(0.,1.,0.));
#5397=DIRECTION('',(0.,0.,1.));
#5398=DIRECTION('',(0.,-1.,0.));
#5399=DIRECTION('',(1.,0.,0.));
#5400=DIRECTION('',(0.,0.,-1.));
#5401=DIRECTION('',(0.,0.,-1.));
#5402=DIRECTION('',(-1.,0.,0.));
#5403=DIRECTION('',(0.,0.,1.));
#5404=DIRECTION('',(1.,0.,0.));
#5405=DIRECTION('',(-1.,0.,0.));
#5406=DIRECTION('',(0.,0.,1.));
#5407=DIRECTION('',(1.,0.,0.));
#5408=DIRECTION('',(-1.,0.,0.));
#5409=DIRECTION('',(0.,0.,-1.));
#5410=DIRECTION('',(-1.,0.,0.));
#5411=DIRECTION('',(-1.,0.,0.));
#5412=DIRECTION('',(-1.,0.,0.));
#5413=DIRECTION('',(0.,0.,1.));
#5414=DIRECTION('',(-1.,0.,0.));
#5415=DIRECTION('',(-1.,0.,0.));
#5416=DIRECTION('',(0.,0.,1.));
#5417=DIRECTION('',(-1.,0.,0.));
#5418=DIRECTION('',(-1.,0.,0.));
#5419=DIRECTION('',(0.,0.,1.));
#5420=DIRECTION('',(0.235138839312812,0.943090373449573,0.235138839312795));
#5421=DIRECTION('',(0.235138839312812,-0.943090373449573,-0.235138839312795));
#5422=DIRECTION('',(0.,-0.241921895599651,0.970295726276));
#5423=DIRECTION('',(0.,-0.970295726276001,-0.241921895599651));
#5424=DIRECTION('',(-0.235138839312812,-0.943090373449573,0.235138839312795));
#5425=DIRECTION('',(-1.,0.,0.));
#5426=DIRECTION('',(-0.235138839312812,0.943090373449573,-0.235138839312795));
#5427=DIRECTION('',(0.,-0.241921895599652,-0.970295726276001));
#5428=DIRECTION('',(0.,0.970295726276001,-0.241921895599652));
#5429=DIRECTION('',(-1.,0.,0.));
#5430=DIRECTION('',(-1.,0.,0.));
#5431=DIRECTION('',(0.,0.,1.));
#5432=DIRECTION('',(-1.,0.,0.));
#5433=DIRECTION('',(-1.,0.,0.));
#5434=DIRECTION('',(0.,0.,1.));
#5435=DIRECTION('',(-1.,0.,0.));
#5436=DIRECTION('',(0.,0.,1.));
#5437=DIRECTION('',(-0.970295726275997,-0.241921895599668,0.));
#5438=DIRECTION('',(0.241921895599668,-0.970295726275997,0.));
#5439=DIRECTION('',(0.970295726275997,-0.241921895599668,0.));
#5440=DIRECTION('',(0.241921895599668,0.970295726275997,0.));
#5441=DIRECTION('',(0.970295726275997,0.241921895599667,0.));
#5442=DIRECTION('',(-0.241921895599667,0.970295726275997,0.));
#5443=DIRECTION('',(-0.970295726275997,0.241921895599667,0.));
#5444=DIRECTION('',(-0.241921895599667,-0.970295726275997,0.));
#5445=DIRECTION('',(0.23513883931281,0.94309037344957,0.235138839312811));
#5446=DIRECTION('',(-1.,0.,0.));
#5447=DIRECTION('',(0.23513883931281,-0.94309037344957,-0.235138839312811));
#5448=DIRECTION('',(0.,0.241921895599668,-0.970295726275996));
#5449=DIRECTION('',(0.,0.970295726275997,0.241921895599668));
#5450=DIRECTION('',(-1.,0.,0.));
#5451=DIRECTION('',(-0.23513883931281,-0.94309037344957,0.235138839312811));
#5452=DIRECTION('',(-0.23513883931281,0.94309037344957,-0.235138839312811));
#5453=DIRECTION('',(0.,0.241921895599668,0.970295726275996));
#5454=DIRECTION('',(0.,-0.970295726275997,0.241921895599668));
#5455=DIRECTION('',(0.,0.,1.));
#5456=DIRECTION('',(0.,1.,0.));
#5457=DIRECTION('',(0.,-1.,0.));
#5458=DIRECTION('',(1.,0.,0.));
#5459=DIRECTION('',(0.,0.,-1.));
#5460=DIRECTION('',(0.,1.,0.));
#5461=DIRECTION('',(0.,0.,1.));
#5462=DIRECTION('',(0.,-1.,0.));
#5463=DIRECTION('',(1.,0.,0.));
#5464=DIRECTION('',(0.,0.,-1.));
#5465=DIRECTION('',(0.,0.,-1.));
#5466=DIRECTION('',(-1.,0.,0.));
#5467=DIRECTION('',(0.,0.,1.));
#5468=DIRECTION('',(1.,0.,0.));
#5469=DIRECTION('',(-1.,0.,0.));
#5470=DIRECTION('',(0.,0.,1.));
#5471=DIRECTION('',(1.,0.,0.));
#5472=DIRECTION('',(-1.,0.,0.));
#5473=DIRECTION('',(0.,0.,-1.));
#5474=DIRECTION('',(-1.,0.,0.));
#5475=DIRECTION('',(-1.,0.,0.));
#5476=DIRECTION('',(-1.,0.,0.));
#5477=DIRECTION('',(0.,0.,1.));
#5478=DIRECTION('',(-1.,0.,0.));
#5479=DIRECTION('',(-1.,0.,0.));
#5480=DIRECTION('',(0.,0.,1.));
#5481=DIRECTION('',(-1.,0.,0.));
#5482=DIRECTION('',(-1.,0.,0.));
#5483=DIRECTION('',(0.,0.,1.));
#5484=DIRECTION('',(0.235138839312811,0.943090373449573,0.235138839312795));
#5485=DIRECTION('',(0.235138839312811,-0.943090373449573,-0.235138839312795));
#5486=DIRECTION('',(0.,-0.241921895599651,0.970295726276));
#5487=DIRECTION('',(0.,-0.970295726276001,-0.241921895599651));
#5488=DIRECTION('',(-0.235138839312811,-0.943090373449573,0.235138839312795));
#5489=DIRECTION('',(-1.,0.,0.));
#5490=DIRECTION('',(-0.235138839312811,0.943090373449573,-0.235138839312795));
#5491=DIRECTION('',(0.,-0.241921895599652,-0.970295726276001));
#5492=DIRECTION('',(0.,0.970295726276001,-0.241921895599652));
#5493=DIRECTION('',(-1.,0.,0.));
#5494=DIRECTION('',(-1.,0.,0.));
#5495=DIRECTION('',(0.,0.,1.));
#5496=DIRECTION('',(-1.,0.,0.));
#5497=DIRECTION('',(-1.,0.,0.));
#5498=DIRECTION('',(0.,0.,1.));
#5499=DIRECTION('',(-1.,0.,0.));
#5500=DIRECTION('',(0.,0.,1.));
#5501=DIRECTION('',(-0.970295726275997,-0.241921895599668,0.));
#5502=DIRECTION('',(0.241921895599668,-0.970295726275997,0.));
#5503=DIRECTION('',(0.970295726275997,-0.241921895599668,0.));
#5504=DIRECTION('',(0.241921895599668,0.970295726275997,0.));
#5505=DIRECTION('',(0.970295726275997,0.241921895599667,0.));
#5506=DIRECTION('',(-0.241921895599667,0.970295726275997,0.));
#5507=DIRECTION('',(-0.970295726275997,0.241921895599667,0.));
#5508=DIRECTION('',(-0.241921895599667,-0.970295726275997,0.));
#5509=DIRECTION('',(0.235138839312809,0.94309037344957,0.235138839312811));
#5510=DIRECTION('',(-1.,0.,0.));
#5511=DIRECTION('',(0.23513883931281,-0.943090373449569,-0.235138839312811));
#5512=DIRECTION('',(0.,0.241921895599668,-0.970295726275996));
#5513=DIRECTION('',(0.,0.970295726275997,0.241921895599668));
#5514=DIRECTION('',(-1.,0.,0.));
#5515=DIRECTION('',(-0.235138839312809,-0.94309037344957,0.235138839312811));
#5516=DIRECTION('',(-0.23513883931281,0.943090373449569,-0.235138839312811));
#5517=DIRECTION('',(0.,0.241921895599668,0.970295726275996));
#5518=DIRECTION('',(0.,-0.970295726275997,0.241921895599668));
#5519=DIRECTION('',(0.,0.,1.));
#5520=DIRECTION('',(0.,1.,0.));
#5521=DIRECTION('',(0.,-1.,0.));
#5522=DIRECTION('',(1.,0.,0.));
#5523=DIRECTION('',(0.,0.,-1.));
#5524=DIRECTION('',(0.,1.,0.));
#5525=DIRECTION('',(0.,0.,1.));
#5526=DIRECTION('',(0.,-1.,0.));
#5527=DIRECTION('',(1.,0.,0.));
#5528=DIRECTION('',(0.,0.,-1.));
#5529=DIRECTION('',(0.,0.,-1.));
#5530=DIRECTION('',(-1.,0.,0.));
#5531=DIRECTION('',(0.,0.,1.));
#5532=DIRECTION('',(1.,0.,0.));
#5533=DIRECTION('',(-1.,0.,0.));
#5534=DIRECTION('',(0.,0.,1.));
#5535=DIRECTION('',(1.,0.,0.));
#5536=DIRECTION('',(-1.,0.,0.));
#5537=DIRECTION('',(0.,0.,-1.));
#5538=DIRECTION('',(-1.,0.,0.));
#5539=DIRECTION('',(-1.,0.,0.));
#5540=DIRECTION('',(-1.,0.,0.));
#5541=DIRECTION('',(0.,0.,1.));
#5542=DIRECTION('',(-1.,0.,0.));
#5543=DIRECTION('',(-1.,0.,0.));
#5544=DIRECTION('',(0.,0.,1.));
#5545=DIRECTION('',(-1.,0.,0.));
#5546=DIRECTION('',(-1.,0.,0.));
#5547=DIRECTION('',(0.,0.,1.));
#5548=DIRECTION('',(0.235138839312812,0.943090373449573,0.235138839312795));
#5549=DIRECTION('',(0.235138839312811,-0.943090373449573,-0.235138839312795));
#5550=DIRECTION('',(0.,-0.241921895599651,0.970295726276));
#5551=DIRECTION('',(0.,-0.970295726276001,-0.241921895599651));
#5552=DIRECTION('',(-0.235138839312812,-0.943090373449573,0.235138839312795));
#5553=DIRECTION('',(-1.,0.,0.));
#5554=DIRECTION('',(-0.235138839312811,0.943090373449573,-0.235138839312795));
#5555=DIRECTION('',(0.,-0.241921895599652,-0.970295726276001));
#5556=DIRECTION('',(0.,0.970295726276001,-0.241921895599652));
#5557=DIRECTION('',(-1.,0.,0.));
#5558=DIRECTION('',(-1.,0.,0.));
#5559=DIRECTION('',(0.,0.,1.));
#5560=DIRECTION('',(-1.,0.,0.));
#5561=DIRECTION('',(-1.,0.,0.));
#5562=DIRECTION('',(0.,0.,1.));
#5563=DIRECTION('',(-1.,0.,0.));
#5564=DIRECTION('',(0.,0.,1.));
#5565=DIRECTION('',(-0.970295726275997,-0.241921895599667,0.));
#5566=DIRECTION('',(0.241921895599667,-0.970295726275997,0.));
#5567=DIRECTION('',(0.970295726275997,-0.241921895599668,0.));
#5568=DIRECTION('',(0.241921895599668,0.970295726275997,0.));
#5569=DIRECTION('',(0.970295726275997,0.241921895599667,0.));
#5570=DIRECTION('',(-0.241921895599667,0.970295726275997,0.));
#5571=DIRECTION('',(-0.970295726275997,0.241921895599667,0.));
#5572=DIRECTION('',(-0.241921895599667,-0.970295726275997,0.));
#5573=CARTESIAN_POINT('',(0.,0.,0.));
#5574=CARTESIAN_POINT('',(7.82,2.44,1.84943552238827));
#5575=CARTESIAN_POINT('',(7.61056447761173,2.44,1.84943552238827));
#5576=CARTESIAN_POINT('',(7.38943552238827,2.44,1.84943552238827));
#5577=CARTESIAN_POINT('',(7.61056447761173,2.44,1.63));
#5578=CARTESIAN_POINT('',(7.61056447761173,2.44,2.07056447761173));
#5579=CARTESIAN_POINT('',(7.82,2.44,2.07056447761173));
#5580=CARTESIAN_POINT('',(7.38943552238827,2.44,2.07056447761173));
#5581=CARTESIAN_POINT('',(7.38943552238827,2.44,1.63));
#5582=CARTESIAN_POINT('',(7.82,2.44,2.07056447761173));
#5583=CARTESIAN_POINT('',(7.82,12.1577543926805,2.89873555753226));
#5584=CARTESIAN_POINT('',(7.82,11.6348158659922,1.75081794680211));
#5585=CARTESIAN_POINT('',(7.82,12.24,1.64000000000002));
#5586=CARTESIAN_POINT('',(7.82,12.24,1.63));
#5587=CARTESIAN_POINT('',(7.82,12.24,2.28));
#5588=CARTESIAN_POINT('',(7.82,12.1654571256173,2.91564405124153));
#5589=CARTESIAN_POINT('',(7.82,11.9001364958048,2.33323099902182));
#5590=CARTESIAN_POINT('',(7.82,11.27,0.95));
#5591=CARTESIAN_POINT('',(7.82,10.6466360783016,2.3362962962963));
#5592=CARTESIAN_POINT('',(7.82,10.3841670586392,2.92));
#5593=CARTESIAN_POINT('',(7.82,10.3841670586392,2.28));
#5594=CARTESIAN_POINT('',(7.82,10.3841670586392,2.28));
#5595=CARTESIAN_POINT('',(7.82,9.9,2.28));
#5596=CARTESIAN_POINT('',(7.82,9.9,0.));
#5597=CARTESIAN_POINT('',(7.82,9.9,1.64));
#5598=CARTESIAN_POINT('',(7.82,3.28,1.64));
#5599=CARTESIAN_POINT('',(7.82,10.3841670586392,1.64));
#5600=CARTESIAN_POINT('',(7.82,10.3841670586392,2.92));
#5601=CARTESIAN_POINT('',(7.82,10.9091050979641,1.75259259259259));
#5602=CARTESIAN_POINT('',(7.82,11.27,0.95));
#5603=CARTESIAN_POINT('',(7.82,10.3841670586392,2.92));
#5604=CARTESIAN_POINT('',(7.18,12.24,1.63));
#5605=CARTESIAN_POINT('',(7.18,12.24,1.64000000000002));
#5606=CARTESIAN_POINT('',(7.18,12.24,2.27999999999999));
#5607=CARTESIAN_POINT('',(7.18,12.1577543926805,2.89873555753226));
#5608=CARTESIAN_POINT('',(7.18,11.6348158659922,1.75081794680211));
#5609=CARTESIAN_POINT('',(7.18,11.27,0.95));
#5610=CARTESIAN_POINT('',(7.18,10.9091050979641,1.75259259259259));
#5611=CARTESIAN_POINT('',(7.18,10.3841670586392,2.92));
#5612=CARTESIAN_POINT('',(7.18,10.3841670586392,1.64));
#5613=CARTESIAN_POINT('',(7.18,6.6,1.64));
#5614=CARTESIAN_POINT('',(7.18,9.9,1.64));
#5615=CARTESIAN_POINT('',(7.18,9.9,0.));
#5616=CARTESIAN_POINT('',(7.18,9.9,2.28));
#5617=CARTESIAN_POINT('',(7.18,6.6,2.28));
#5618=CARTESIAN_POINT('',(7.18,10.3841670586392,2.28));
#5619=CARTESIAN_POINT('',(7.18,10.3841670586392,2.92));
#5620=CARTESIAN_POINT('',(7.18,10.6466360783016,2.3362962962963));
#5621=CARTESIAN_POINT('',(7.18,11.27,0.95));
#5622=CARTESIAN_POINT('',(7.18,11.9001364958048,2.33323099902182));
#5623=CARTESIAN_POINT('',(7.18,12.1654571256173,2.91564405124153));
#5624=CARTESIAN_POINT('',(7.18,10.3841670586392,2.92));
#5625=CARTESIAN_POINT('',(7.82,13.08,1.84943552238827));
#5626=CARTESIAN_POINT('',(7.61056447761173,13.08,1.84943552238827));
#5627=CARTESIAN_POINT('',(7.38943552238827,13.08,1.84943552238827));
#5628=CARTESIAN_POINT('',(7.38943552238827,13.08,1.63));
#5629=CARTESIAN_POINT('',(7.38943552238827,13.08,2.07056447761173));
#5630=CARTESIAN_POINT('',(7.82,13.08,2.07056447761173));
#5631=CARTESIAN_POINT('',(7.61056447761173,13.08,2.07056447761173));
#5632=CARTESIAN_POINT('',(7.61056447761173,13.08,1.63));
#5633=CARTESIAN_POINT('',(7.82,13.08,1.84943552238827));
#5634=CARTESIAN_POINT('',(1.82,2.44,1.84943552238827));
#5635=CARTESIAN_POINT('',(1.61056447761173,2.44,1.84943552238827));
#5636=CARTESIAN_POINT('',(1.38943552238827,2.44,1.84943552238827));
#5637=CARTESIAN_POINT('',(1.61056447761173,2.44,1.63));
#5638=CARTESIAN_POINT('',(1.61056447761173,2.44,2.07056447761173));
#5639=CARTESIAN_POINT('',(1.82,2.44,2.07056447761173));
#5640=CARTESIAN_POINT('',(1.38943552238827,2.44,2.07056447761173));
#5641=CARTESIAN_POINT('',(1.38943552238827,2.44,1.63));
#5642=CARTESIAN_POINT('',(1.82,2.44,2.07056447761173));
#5643=CARTESIAN_POINT('',(1.82,12.1577543926805,2.89873555753226));
#5644=CARTESIAN_POINT('',(1.82,11.6348158659922,1.75081794680211));
#5645=CARTESIAN_POINT('',(1.82,12.24,1.64000000000002));
#5646=CARTESIAN_POINT('',(1.82,12.24,1.63));
#5647=CARTESIAN_POINT('',(1.82,12.24,2.28));
#5648=CARTESIAN_POINT('',(1.82,12.1654571256173,2.91564405124153));
#5649=CARTESIAN_POINT('',(1.82,11.9001364958048,2.33323099902182));
#5650=CARTESIAN_POINT('',(1.82,11.27,0.95));
#5651=CARTESIAN_POINT('',(1.82,10.6466360783016,2.3362962962963));
#5652=CARTESIAN_POINT('',(1.82,10.3841670586392,2.92));
#5653=CARTESIAN_POINT('',(1.82,10.3841670586392,2.28));
#5654=CARTESIAN_POINT('',(1.82,10.3841670586392,2.28));
#5655=CARTESIAN_POINT('',(1.82,9.9,2.28));
#5656=CARTESIAN_POINT('',(1.82,9.9,0.));
#5657=CARTESIAN_POINT('',(1.82,9.9,1.64));
#5658=CARTESIAN_POINT('',(1.82,3.28,1.64));
#5659=CARTESIAN_POINT('',(1.82,10.3841670586392,1.64));
#5660=CARTESIAN_POINT('',(1.82,10.3841670586392,2.92));
#5661=CARTESIAN_POINT('',(1.82,10.9091050979641,1.75259259259259));
#5662=CARTESIAN_POINT('',(1.82,11.27,0.95));
#5663=CARTESIAN_POINT('',(1.82,10.3841670586392,2.92));
#5664=CARTESIAN_POINT('',(1.18,12.24,1.63));
#5665=CARTESIAN_POINT('',(1.18,12.24,1.64000000000002));
#5666=CARTESIAN_POINT('',(1.18,12.24,2.27999999999999));
#5667=CARTESIAN_POINT('',(1.18,12.1577543926805,2.89873555753226));
#5668=CARTESIAN_POINT('',(1.18,11.6348158659922,1.75081794680211));
#5669=CARTESIAN_POINT('',(1.18,11.27,0.95));
#5670=CARTESIAN_POINT('',(1.18,10.9091050979641,1.75259259259259));
#5671=CARTESIAN_POINT('',(1.18,10.3841670586392,2.92));
#5672=CARTESIAN_POINT('',(1.18,10.3841670586392,1.64));
#5673=CARTESIAN_POINT('',(1.18,6.6,1.64));
#5674=CARTESIAN_POINT('',(1.18,9.9,1.64));
#5675=CARTESIAN_POINT('',(1.18,9.9,0.));
#5676=CARTESIAN_POINT('',(1.18,9.9,2.28));
#5677=CARTESIAN_POINT('',(1.18,6.6,2.28));
#5678=CARTESIAN_POINT('',(1.18,10.3841670586392,2.28));
#5679=CARTESIAN_POINT('',(1.18,10.3841670586392,2.92));
#5680=CARTESIAN_POINT('',(1.18,10.6466360783016,2.3362962962963));
#5681=CARTESIAN_POINT('',(1.18,11.27,0.95));
#5682=CARTESIAN_POINT('',(1.18,11.9001364958048,2.33323099902182));
#5683=CARTESIAN_POINT('',(1.18,12.1654571256173,2.91564405124153));
#5684=CARTESIAN_POINT('',(1.18,10.3841670586392,2.92));
#5685=CARTESIAN_POINT('',(1.82,13.08,1.84943552238827));
#5686=CARTESIAN_POINT('',(1.61056447761173,13.08,1.84943552238827));
#5687=CARTESIAN_POINT('',(1.38943552238827,13.08,1.84943552238827));
#5688=CARTESIAN_POINT('',(1.38943552238827,13.08,1.63));
#5689=CARTESIAN_POINT('',(1.38943552238827,13.08,2.07056447761173));
#5690=CARTESIAN_POINT('',(1.82,13.08,2.07056447761173));
#5691=CARTESIAN_POINT('',(1.61056447761173,13.08,2.07056447761173));
#5692=CARTESIAN_POINT('',(1.61056447761173,13.08,1.63));
#5693=CARTESIAN_POINT('',(1.82,13.08,1.84943552238827));
#5694=CARTESIAN_POINT('',(-4.18,2.44,1.84943552238827));
#5695=CARTESIAN_POINT('',(-4.38943552238827,2.44,1.84943552238827));
#5696=CARTESIAN_POINT('',(-4.61056447761173,2.44,1.84943552238827));
#5697=CARTESIAN_POINT('',(-4.38943552238827,2.44,1.63));
#5698=CARTESIAN_POINT('',(-4.38943552238827,2.44,2.07056447761173));
#5699=CARTESIAN_POINT('',(-4.18,2.44,2.07056447761173));
#5700=CARTESIAN_POINT('',(-4.61056447761173,2.44,2.07056447761173));
#5701=CARTESIAN_POINT('',(-4.61056447761173,2.44,1.63));
#5702=CARTESIAN_POINT('',(-4.18,2.44,2.07056447761173));
#5703=CARTESIAN_POINT('',(-4.18,12.1577543926805,2.89873555753226));
#5704=CARTESIAN_POINT('',(-4.18,11.6348158659922,1.75081794680211));
#5705=CARTESIAN_POINT('',(-4.18,12.24,1.64000000000002));
#5706=CARTESIAN_POINT('',(-4.18,12.24,1.63));
#5707=CARTESIAN_POINT('',(-4.18,12.24,2.28));
#5708=CARTESIAN_POINT('',(-4.18,12.1654571256173,2.91564405124153));
#5709=CARTESIAN_POINT('',(-4.18,11.9001364958048,2.33323099902182));
#5710=CARTESIAN_POINT('',(-4.18,11.27,0.95));
#5711=CARTESIAN_POINT('',(-4.18,10.6466360783016,2.3362962962963));
#5712=CARTESIAN_POINT('',(-4.18,10.3841670586392,2.92));
#5713=CARTESIAN_POINT('',(-4.18,10.3841670586392,2.28));
#5714=CARTESIAN_POINT('',(-4.18,10.3841670586392,2.28));
#5715=CARTESIAN_POINT('',(-4.18,9.9,2.28));
#5716=CARTESIAN_POINT('',(-4.18,9.9,0.));
#5717=CARTESIAN_POINT('',(-4.18,9.9,1.64));
#5718=CARTESIAN_POINT('',(-4.18,3.28,1.64));
#5719=CARTESIAN_POINT('',(-4.18,10.3841670586392,1.64));
#5720=CARTESIAN_POINT('',(-4.18,10.3841670586392,2.92));
#5721=CARTESIAN_POINT('',(-4.18,10.9091050979641,1.75259259259259));
#5722=CARTESIAN_POINT('',(-4.18,11.27,0.95));
#5723=CARTESIAN_POINT('',(-4.18,10.3841670586392,2.92));
#5724=CARTESIAN_POINT('',(-4.82,12.24,1.63));
#5725=CARTESIAN_POINT('',(-4.82,12.24,1.64000000000002));
#5726=CARTESIAN_POINT('',(-4.82,12.24,2.27999999999999));
#5727=CARTESIAN_POINT('',(-4.82,12.1577543926805,2.89873555753226));
#5728=CARTESIAN_POINT('',(-4.82,11.6348158659922,1.75081794680211));
#5729=CARTESIAN_POINT('',(-4.82,11.27,0.95));
#5730=CARTESIAN_POINT('',(-4.82,10.9091050979641,1.75259259259259));
#5731=CARTESIAN_POINT('',(-4.82,10.3841670586392,2.92));
#5732=CARTESIAN_POINT('',(-4.82,10.3841670586392,1.64));
#5733=CARTESIAN_POINT('',(-4.82,6.6,1.64));
#5734=CARTESIAN_POINT('',(-4.82,9.9,1.64));
#5735=CARTESIAN_POINT('',(-4.82,9.9,0.));
#5736=CARTESIAN_POINT('',(-4.82,9.9,2.28));
#5737=CARTESIAN_POINT('',(-4.82,6.6,2.28));
#5738=CARTESIAN_POINT('',(-4.82,10.3841670586392,2.28));
#5739=CARTESIAN_POINT('',(-4.82,10.3841670586392,2.92));
#5740=CARTESIAN_POINT('',(-4.82,10.6466360783016,2.3362962962963));
#5741=CARTESIAN_POINT('',(-4.82,11.27,0.95));
#5742=CARTESIAN_POINT('',(-4.82,11.9001364958048,2.33323099902182));
#5743=CARTESIAN_POINT('',(-4.82,12.1654571256173,2.91564405124153));
#5744=CARTESIAN_POINT('',(-4.82,10.3841670586392,2.92));
#5745=CARTESIAN_POINT('',(-4.18,13.08,1.84943552238827));
#5746=CARTESIAN_POINT('',(-4.38943552238827,13.08,1.84943552238827));
#5747=CARTESIAN_POINT('',(-4.61056447761173,13.08,1.84943552238827));
#5748=CARTESIAN_POINT('',(-4.61056447761173,13.08,1.63));
#5749=CARTESIAN_POINT('',(-4.61056447761173,13.08,2.07056447761173));
#5750=CARTESIAN_POINT('',(-4.18,13.08,2.07056447761173));
#5751=CARTESIAN_POINT('',(-4.38943552238827,13.08,2.07056447761173));
#5752=CARTESIAN_POINT('',(-4.38943552238827,13.08,1.63));
#5753=CARTESIAN_POINT('',(-4.18,13.08,1.84943552238827));
#5754=CARTESIAN_POINT('',(4.82,2.44,2.07056447761173));
#5755=CARTESIAN_POINT('',(4.6,2.44,2.07056447761173));
#5756=CARTESIAN_POINT('',(4.4,2.44,2.07056447761173));
#5757=CARTESIAN_POINT('',(4.4,2.44,3.));
#5758=CARTESIAN_POINT('',(4.4,2.44,1.84943552238827));
#5759=CARTESIAN_POINT('',(4.82,2.44,1.84943552238827));
#5760=CARTESIAN_POINT('',(4.6,2.44,1.84943552238827));
#5761=CARTESIAN_POINT('',(4.6,2.44,3.));
#5762=CARTESIAN_POINT('',(4.82,2.44,2.07056447761173));
#5763=CARTESIAN_POINT('',(4.82,12.24,3.));
#5764=CARTESIAN_POINT('',(4.82,12.24,2.28));
#5765=CARTESIAN_POINT('',(4.82,12.24,1.64));
#5766=CARTESIAN_POINT('',(4.82,12.0851699868162,1.65901073518335));
#5767=CARTESIAN_POINT('',(4.82,11.6965494595273,2.16751254026345));
#5768=CARTESIAN_POINT('',(4.82,11.3354208439821,2.97));
#5769=CARTESIAN_POINT('',(4.82,10.9745259419462,2.16740740740741));
#5770=CARTESIAN_POINT('',(4.82,10.4495879026213,0.999999999999999));
#5771=CARTESIAN_POINT('',(4.82,10.4495879026213,2.28));
#5772=CARTESIAN_POINT('',(4.82,10.4495879026213,2.28));
#5773=CARTESIAN_POINT('',(4.82,9.9,2.28));
#5774=CARTESIAN_POINT('',(4.82,9.9,0.));
#5775=CARTESIAN_POINT('',(4.82,9.9,1.64));
#5776=CARTESIAN_POINT('',(4.82,3.28,1.64));
#5777=CARTESIAN_POINT('',(4.82,10.4495879026213,1.64));
#5778=CARTESIAN_POINT('',(4.82,10.4495879026213,0.999999999999999));
#5779=CARTESIAN_POINT('',(4.82,10.7120569222838,1.5837037037037));
#5780=CARTESIAN_POINT('',(4.82,11.3354208439821,2.97));
#5781=CARTESIAN_POINT('',(4.82,11.9591884526511,1.58388529681868));
#5782=CARTESIAN_POINT('',(4.82,12.2218274457748,1.00025805337392));
#5783=CARTESIAN_POINT('',(4.82,10.4495879026213,0.999999999999999));
#5784=CARTESIAN_POINT('',(4.18,12.0851699868162,1.65901073518335));
#5785=CARTESIAN_POINT('',(4.18,12.24,2.28));
#5786=CARTESIAN_POINT('',(4.18,11.6965494595273,2.16751254026345));
#5787=CARTESIAN_POINT('',(4.18,12.24,3.));
#5788=CARTESIAN_POINT('',(4.18,12.24,1.64));
#5789=CARTESIAN_POINT('',(4.18,12.2218274457748,1.00025805337392));
#5790=CARTESIAN_POINT('',(4.18,11.9591884526511,1.58388529681868));
#5791=CARTESIAN_POINT('',(4.18,11.3354208439821,2.97));
#5792=CARTESIAN_POINT('',(4.18,10.7120569222838,1.5837037037037));
#5793=CARTESIAN_POINT('',(4.18,10.4495879026213,0.999999999999999));
#5794=CARTESIAN_POINT('',(4.18,10.4495879026213,1.64));
#5795=CARTESIAN_POINT('',(4.18,6.6,1.64));
#5796=CARTESIAN_POINT('',(4.18,9.9,1.64));
#5797=CARTESIAN_POINT('',(4.18,9.9,0.));
#5798=CARTESIAN_POINT('',(4.18,9.9,2.28));
#5799=CARTESIAN_POINT('',(4.18,6.6,2.28));
#5800=CARTESIAN_POINT('',(4.18,10.4495879026213,2.28));
#5801=CARTESIAN_POINT('',(4.18,10.4495879026213,0.999999999999999));
#5802=CARTESIAN_POINT('',(4.18,10.9745259419462,2.16740740740741));
#5803=CARTESIAN_POINT('',(4.18,11.3354208439821,2.97));
#5804=CARTESIAN_POINT('',(4.18,10.4495879026213,0.999999999999999));
#5805=CARTESIAN_POINT('',(4.82,13.08,2.07056447761173));
#5806=CARTESIAN_POINT('',(4.6,13.08,2.07056447761173));
#5807=CARTESIAN_POINT('',(4.4,13.08,2.07056447761173));
#5808=CARTESIAN_POINT('',(4.6,13.08,3.));
#5809=CARTESIAN_POINT('',(4.6,13.08,1.84943552238827));
#5810=CARTESIAN_POINT('',(4.82,13.08,1.84943552238827));
#5811=CARTESIAN_POINT('',(4.4,13.08,1.84943552238827));
#5812=CARTESIAN_POINT('',(4.4,13.08,3.));
#5813=CARTESIAN_POINT('',(4.82,13.08,1.84943552238827));
#5814=CARTESIAN_POINT('',(0.,9.9,1.64));
#5815=CARTESIAN_POINT('',(0.,9.9,2.28));
#5816=CARTESIAN_POINT('',(0.,9.9,1.64));
#5817=CARTESIAN_POINT('',(0.,9.9,2.28));
#5818=CARTESIAN_POINT('',(0.,9.9,1.64));
#5819=CARTESIAN_POINT('',(0.,9.9,2.28));
#5820=CARTESIAN_POINT('',(-1.18,9.9,0.));
#5821=CARTESIAN_POINT('',(-1.18,9.9,2.28));
#5822=CARTESIAN_POINT('',(-1.18,9.9,1.64));
#5823=CARTESIAN_POINT('',(0.,9.9,2.28));
#5824=CARTESIAN_POINT('',(-1.82,9.9,2.28));
#5825=CARTESIAN_POINT('',(-1.82,9.9,0.));
#5826=CARTESIAN_POINT('',(-1.82,9.9,1.64));
#5827=CARTESIAN_POINT('',(0.,9.9,1.64));
#5828=CARTESIAN_POINT('',(-10.18,9.9,0.39));
#5829=CARTESIAN_POINT('',(-10.18,9.9,0.39));
#5830=CARTESIAN_POINT('',(-10.18,9.9,6.50521303491303E-16));
#5831=CARTESIAN_POINT('',(-10.18,9.9,0.39));
#5832=CARTESIAN_POINT('',(-10.82,9.9,0.39));
#5833=CARTESIAN_POINT('',(-10.82,9.9,3.85999999999999));
#5834=CARTESIAN_POINT('',(-10.82,9.9,3.85999999999999));
#5835=CARTESIAN_POINT('',(10.82,9.9,3.86));
#5836=CARTESIAN_POINT('',(10.82,9.9,3.86));
#5837=CARTESIAN_POINT('',(10.82,9.9,4.44089209850063E-16));
#5838=CARTESIAN_POINT('',(10.82,9.9,0.39));
#5839=CARTESIAN_POINT('',(10.18,9.9,0.39));
#5840=CARTESIAN_POINT('',(10.18,9.9,0.39));
#5841=CARTESIAN_POINT('',(10.18,9.9,0.39));
#5842=CARTESIAN_POINT('',(10.18,9.9,6.62533918338718E-16));
#5843=CARTESIAN_POINT('',(-10.82,9.9,6.62533918338718E-16));
#5844=CARTESIAN_POINT('',(-7.18,9.9,0.));
#5845=CARTESIAN_POINT('',(-7.18,9.9,2.28));
#5846=CARTESIAN_POINT('',(-7.18,9.9,1.64));
#5847=CARTESIAN_POINT('',(0.,9.9,2.28));
#5848=CARTESIAN_POINT('',(-7.82,9.9,2.28));
#5849=CARTESIAN_POINT('',(-7.82,9.9,0.));
#5850=CARTESIAN_POINT('',(-7.82,9.9,1.64));
#5851=CARTESIAN_POINT('',(0.,9.9,1.64));
#5852=CARTESIAN_POINT('',(0.,9.9,2.28));
#5853=CARTESIAN_POINT('',(0.,9.9,1.64));
#5854=CARTESIAN_POINT('',(0.,9.9,0.));
#5855=CARTESIAN_POINT('',(3.23,6.6,3.2));
#5856=CARTESIAN_POINT('',(3.23,6.6,0.659999999999994));
#5857=CARTESIAN_POINT('',(3.23,6.6,3.2));
#5858=CARTESIAN_POINT('',(3.23,6.6,0.659999999999994));
#5859=CARTESIAN_POINT('',(5.77,6.6,0.659999999999997));
#5860=CARTESIAN_POINT('',(5.77,6.6,0.659999999999997));
#5861=CARTESIAN_POINT('',(5.77,6.6,3.2));
#5862=CARTESIAN_POINT('',(5.77,6.6,3.2));
#5863=CARTESIAN_POINT('',(0.,6.6,2.28));
#5864=CARTESIAN_POINT('',(4.18,6.6,2.28));
#5865=CARTESIAN_POINT('',(4.82,6.6,2.28));
#5866=CARTESIAN_POINT('',(4.82,6.6,0.));
#5867=CARTESIAN_POINT('',(4.82,6.6,1.64));
#5868=CARTESIAN_POINT('',(0.,6.6,1.64));
#5869=CARTESIAN_POINT('',(4.18,6.6,1.64));
#5870=CARTESIAN_POINT('',(4.18,6.6,0.));
#5871=CARTESIAN_POINT('',(0.,6.6,0.));
#5872=CARTESIAN_POINT('',(-1.18,2.44,2.07056447761173));
#5873=CARTESIAN_POINT('',(-1.4,2.44,2.07056447761173));
#5874=CARTESIAN_POINT('',(-1.6,2.44,2.07056447761173));
#5875=CARTESIAN_POINT('',(-1.6,2.44,3.));
#5876=CARTESIAN_POINT('',(-1.6,2.44,1.84943552238827));
#5877=CARTESIAN_POINT('',(-1.18,2.44,1.84943552238827));
#5878=CARTESIAN_POINT('',(-1.4,2.44,1.84943552238827));
#5879=CARTESIAN_POINT('',(-1.4,2.44,3.));
#5880=CARTESIAN_POINT('',(-1.18,2.44,2.07056447761173));
#5881=CARTESIAN_POINT('',(-1.18,12.24,3.));
#5882=CARTESIAN_POINT('',(-1.18,12.24,2.28));
#5883=CARTESIAN_POINT('',(-1.18,12.24,1.64));
#5884=CARTESIAN_POINT('',(-1.18,12.0851699868162,1.65901073518335));
#5885=CARTESIAN_POINT('',(-1.18,11.6965494595273,2.16751254026345));
#5886=CARTESIAN_POINT('',(-1.18,11.3354208439821,2.97));
#5887=CARTESIAN_POINT('',(-1.18,10.9745259419462,2.16740740740741));
#5888=CARTESIAN_POINT('',(-1.18,10.4495879026213,0.999999999999999));
#5889=CARTESIAN_POINT('',(-1.18,10.4495879026213,2.28));
#5890=CARTESIAN_POINT('',(-1.18,10.4495879026213,2.28));
#5891=CARTESIAN_POINT('',(-1.18,3.28,1.64));
#5892=CARTESIAN_POINT('',(-1.18,10.4495879026213,1.64));
#5893=CARTESIAN_POINT('',(-1.18,10.4495879026213,0.999999999999999));
#5894=CARTESIAN_POINT('',(-1.18,10.7120569222838,1.5837037037037));
#5895=CARTESIAN_POINT('',(-1.18,11.3354208439821,2.97));
#5896=CARTESIAN_POINT('',(-1.18,11.9591884526511,1.58388529681868));
#5897=CARTESIAN_POINT('',(-1.18,12.2218274457748,1.00025805337392));
#5898=CARTESIAN_POINT('',(-1.18,10.4495879026213,0.999999999999999));
#5899=CARTESIAN_POINT('',(-1.82,12.0851699868162,1.65901073518335));
#5900=CARTESIAN_POINT('',(-1.82,12.24,2.28));
#5901=CARTESIAN_POINT('',(-1.82,11.6965494595273,2.16751254026345));
#5902=CARTESIAN_POINT('',(-1.82,12.24,3.));
#5903=CARTESIAN_POINT('',(-1.82,12.24,1.64));
#5904=CARTESIAN_POINT('',(-1.82,12.2218274457748,1.00025805337392));
#5905=CARTESIAN_POINT('',(-1.82,11.9591884526511,1.58388529681868));
#5906=CARTESIAN_POINT('',(-1.82,11.3354208439821,2.97));
#5907=CARTESIAN_POINT('',(-1.82,10.7120569222838,1.5837037037037));
#5908=CARTESIAN_POINT('',(-1.82,10.4495879026213,0.999999999999999));
#5909=CARTESIAN_POINT('',(-1.82,10.4495879026213,1.64));
#5910=CARTESIAN_POINT('',(-1.82,6.6,1.64));
#5911=CARTESIAN_POINT('',(-1.82,6.6,2.28));
#5912=CARTESIAN_POINT('',(-1.82,10.4495879026213,2.28));
#5913=CARTESIAN_POINT('',(-1.82,10.4495879026213,0.999999999999999));
#5914=CARTESIAN_POINT('',(-1.82,10.9745259419462,2.16740740740741));
#5915=CARTESIAN_POINT('',(-1.82,11.3354208439821,2.97));
#5916=CARTESIAN_POINT('',(-1.82,10.4495879026213,0.999999999999999));
#5917=CARTESIAN_POINT('',(-1.18,13.08,2.07056447761173));
#5918=CARTESIAN_POINT('',(-1.4,13.08,2.07056447761173));
#5919=CARTESIAN_POINT('',(-1.6,13.08,2.07056447761173));
#5920=CARTESIAN_POINT('',(-1.4,13.08,3.));
#5921=CARTESIAN_POINT('',(-1.4,13.08,1.84943552238827));
#5922=CARTESIAN_POINT('',(-1.18,13.08,1.84943552238827));
#5923=CARTESIAN_POINT('',(-1.6,13.08,1.84943552238827));
#5924=CARTESIAN_POINT('',(-1.6,13.08,3.));
#5925=CARTESIAN_POINT('',(-1.18,13.08,1.84943552238827));
#5926=CARTESIAN_POINT('',(-2.77,6.6,3.2));
#5927=CARTESIAN_POINT('',(-2.77,6.6,1.31));
#5928=CARTESIAN_POINT('',(-2.77,6.6,3.2));
#5929=CARTESIAN_POINT('',(-2.77,6.6,1.31));
#5930=CARTESIAN_POINT('',(-2.12,6.6,0.659999999999996));
#5931=CARTESIAN_POINT('',(-2.12,6.6,0.659999999999996));
#5932=CARTESIAN_POINT('',(-0.229999999999997,6.6,0.659999999999994));
#5933=CARTESIAN_POINT('',(-0.229999999999997,6.6,0.659999999999994));
#5934=CARTESIAN_POINT('',(-0.229999999999998,6.6,3.2));
#5935=CARTESIAN_POINT('',(-0.229999999999998,6.6,3.2));
#5936=CARTESIAN_POINT('',(0.,6.6,2.28));
#5937=CARTESIAN_POINT('',(-1.82,6.6,2.28));
#5938=CARTESIAN_POINT('',(-1.18,6.6,2.28));
#5939=CARTESIAN_POINT('',(-1.18,6.6,0.));
#5940=CARTESIAN_POINT('',(-1.18,6.6,1.64));
#5941=CARTESIAN_POINT('',(0.,6.6,1.64));
#5942=CARTESIAN_POINT('',(-1.82,6.6,1.64));
#5943=CARTESIAN_POINT('',(-1.82,6.6,0.));
#5944=CARTESIAN_POINT('',(0.,6.6,0.));
#5945=CARTESIAN_POINT('',(-7.18,2.44,2.07056447761173));
#5946=CARTESIAN_POINT('',(-7.4,2.44,2.07056447761173));
#5947=CARTESIAN_POINT('',(-7.6,2.44,2.07056447761173));
#5948=CARTESIAN_POINT('',(-7.6,2.44,3.));
#5949=CARTESIAN_POINT('',(-7.6,2.44,1.84943552238827));
#5950=CARTESIAN_POINT('',(-7.18,2.44,1.84943552238827));
#5951=CARTESIAN_POINT('',(-7.4,2.44,1.84943552238827));
#5952=CARTESIAN_POINT('',(-7.4,2.44,3.));
#5953=CARTESIAN_POINT('',(-7.18,2.44,2.07056447761173));
#5954=CARTESIAN_POINT('',(-7.18,12.24,3.));
#5955=CARTESIAN_POINT('',(-7.18,12.24,2.28));
#5956=CARTESIAN_POINT('',(-7.18,12.24,1.64));
#5957=CARTESIAN_POINT('',(-7.18,12.0851699868162,1.65901073518335));
#5958=CARTESIAN_POINT('',(-7.18,11.6965494595273,2.16751254026345));
#5959=CARTESIAN_POINT('',(-7.18,11.3354208439821,2.97));
#5960=CARTESIAN_POINT('',(-7.18,10.9745259419462,2.16740740740741));
#5961=CARTESIAN_POINT('',(-7.18,10.4495879026213,0.999999999999999));
#5962=CARTESIAN_POINT('',(-7.18,10.4495879026213,2.28));
#5963=CARTESIAN_POINT('',(-7.18,10.4495879026213,2.28));
#5964=CARTESIAN_POINT('',(-7.18,3.28,1.64));
#5965=CARTESIAN_POINT('',(-7.18,10.4495879026213,1.64));
#5966=CARTESIAN_POINT('',(-7.18,10.4495879026213,0.999999999999999));
#5967=CARTESIAN_POINT('',(-7.18,10.7120569222838,1.5837037037037));
#5968=CARTESIAN_POINT('',(-7.18,11.3354208439821,2.97));
#5969=CARTESIAN_POINT('',(-7.18,11.9591884526511,1.58388529681868));
#5970=CARTESIAN_POINT('',(-7.18,12.2218274457748,1.00025805337392));
#5971=CARTESIAN_POINT('',(-7.18,10.4495879026213,0.999999999999999));
#5972=CARTESIAN_POINT('',(-7.82,12.0851699868162,1.65901073518335));
#5973=CARTESIAN_POINT('',(-7.82,12.24,2.28));
#5974=CARTESIAN_POINT('',(-7.82,11.6965494595273,2.16751254026345));
#5975=CARTESIAN_POINT('',(-7.82,12.24,3.));
#5976=CARTESIAN_POINT('',(-7.82,12.24,1.64));
#5977=CARTESIAN_POINT('',(-7.82,12.2218274457748,1.00025805337392));
#5978=CARTESIAN_POINT('',(-7.82,11.9591884526511,1.58388529681868));
#5979=CARTESIAN_POINT('',(-7.82,11.3354208439821,2.97));
#5980=CARTESIAN_POINT('',(-7.82,10.7120569222838,1.5837037037037));
#5981=CARTESIAN_POINT('',(-7.82,10.4495879026213,0.999999999999999));
#5982=CARTESIAN_POINT('',(-7.82,10.4495879026213,1.64));
#5983=CARTESIAN_POINT('',(-7.82,6.6,1.64));
#5984=CARTESIAN_POINT('',(-7.82,6.6,2.28));
#5985=CARTESIAN_POINT('',(-7.82,10.4495879026213,2.28));
#5986=CARTESIAN_POINT('',(-7.82,10.4495879026213,0.999999999999999));
#5987=CARTESIAN_POINT('',(-7.82,10.9745259419462,2.16740740740741));
#5988=CARTESIAN_POINT('',(-7.82,11.3354208439821,2.97));
#5989=CARTESIAN_POINT('',(-7.82,10.4495879026213,0.999999999999999));
#5990=CARTESIAN_POINT('',(-7.18,13.08,2.07056447761173));
#5991=CARTESIAN_POINT('',(-7.4,13.08,2.07056447761173));
#5992=CARTESIAN_POINT('',(-7.6,13.08,2.07056447761173));
#5993=CARTESIAN_POINT('',(-7.4,13.08,3.));
#5994=CARTESIAN_POINT('',(-7.4,13.08,1.84943552238827));
#5995=CARTESIAN_POINT('',(-7.18,13.08,1.84943552238827));
#5996=CARTESIAN_POINT('',(-7.6,13.08,1.84943552238827));
#5997=CARTESIAN_POINT('',(-7.6,13.08,3.));
#5998=CARTESIAN_POINT('',(-7.18,13.08,1.84943552238827));
#5999=CARTESIAN_POINT('',(-8.77,6.6,3.19999999999999));
#6000=CARTESIAN_POINT('',(-8.77,6.6,0.659999999999997));
#6001=CARTESIAN_POINT('',(-8.77,6.6,3.19999999999999));
#6002=CARTESIAN_POINT('',(-8.77,6.6,0.659999999999997));
#6003=CARTESIAN_POINT('',(-6.88,6.6,0.659999999999998));
#6004=CARTESIAN_POINT('',(-6.88,6.6,0.659999999999998));
#6005=CARTESIAN_POINT('',(-6.23,6.6,1.31));
#6006=CARTESIAN_POINT('',(-6.23,6.6,1.31));
#6007=CARTESIAN_POINT('',(-6.23,6.6,3.2));
#6008=CARTESIAN_POINT('',(-6.23,6.6,3.2));
#6009=CARTESIAN_POINT('',(0.,6.6,2.28));
#6010=CARTESIAN_POINT('',(-7.82,6.6,2.28));
#6011=CARTESIAN_POINT('',(-7.18,6.6,2.28));
#6012=CARTESIAN_POINT('',(-7.18,6.6,0.));
#6013=CARTESIAN_POINT('',(-7.18,6.6,1.64));
#6014=CARTESIAN_POINT('',(0.,6.6,1.64));
#6015=CARTESIAN_POINT('',(-7.82,6.6,1.64));
#6016=CARTESIAN_POINT('',(-7.82,6.6,0.));
#6017=CARTESIAN_POINT('',(0.,6.6,0.));
#6018=CARTESIAN_POINT('',(-10.18,11.05,-0.51));
#6019=CARTESIAN_POINT('',(-10.5,11.3,-0.0600000000000064));
#6020=CARTESIAN_POINT('',(-10.18,11.05,-0.51));
#6021=CARTESIAN_POINT('',(-10.18,11.05,-0.51));
#6022=CARTESIAN_POINT('',(-10.82,11.05,-0.51));
#6023=CARTESIAN_POINT('',(-10.6416222101252,11.1893576483397,-0.259156232988569));
#6024=CARTESIAN_POINT('',(-10.18,11.05,-0.51));
#6025=CARTESIAN_POINT('',(-10.4108111050626,11.2303211758302,0.0654218835057157));
#6026=CARTESIAN_POINT('',(-10.18,11.05,0.39));
#6027=CARTESIAN_POINT('',(-10.4108111050626,11.3696788241698,-0.185421883505716));
#6028=CARTESIAN_POINT('',(-10.82,11.05,0.39));
#6029=CARTESIAN_POINT('',(-10.18,11.05,0.39));
#6030=CARTESIAN_POINT('',(-10.18,11.3,-0.0600000000000003));
#6031=CARTESIAN_POINT('',(-10.18,9.9,-0.51));
#6032=CARTESIAN_POINT('',(-10.18,9.9,-0.51));
#6033=CARTESIAN_POINT('',(-10.18,11.05,-8.52));
#6034=CARTESIAN_POINT('',(-10.18,11.05,0.39));
#6035=CARTESIAN_POINT('',(-10.18,9.9,0.39));
#6036=CARTESIAN_POINT('',(-10.18,0.,0.));
#6037=CARTESIAN_POINT('',(10.82,8.05,-0.51));
#6038=CARTESIAN_POINT('',(10.82,11.05,-0.51));
#6039=CARTESIAN_POINT('',(10.82,8.05,-0.51));
#6040=CARTESIAN_POINT('',(10.82,11.05,-8.52));
#6041=CARTESIAN_POINT('',(10.82,11.05,0.39));
#6042=CARTESIAN_POINT('',(10.82,11.05,0.39));
#6043=CARTESIAN_POINT('',(10.82,9.9,3.86));
#6044=CARTESIAN_POINT('',(10.82,1.6684550296319,3.86));
#6045=CARTESIAN_POINT('',(10.82,1.6684550296319,38.214));
#6046=CARTESIAN_POINT('',(10.82,1.6684550296319,3.22));
#6047=CARTESIAN_POINT('',(10.82,1.66845502963189,3.22));
#6048=CARTESIAN_POINT('',(10.82,1.66845502963189,1.15));
#6049=CARTESIAN_POINT('',(10.82,1.6684550296319,38.214));
#6050=CARTESIAN_POINT('',(10.82,1.6684550296319,0.509999999999997));
#6051=CARTESIAN_POINT('',(10.82,9.9,0.51));
#6052=CARTESIAN_POINT('',(10.82,8.05,0.51));
#6053=CARTESIAN_POINT('',(10.82,8.05,-0.51));
#6054=CARTESIAN_POINT('',(10.82,9.9,4.44089209850063E-16));
#6055=CARTESIAN_POINT('',(10.18,11.05,-8.52));
#6056=CARTESIAN_POINT('',(10.18,11.05,-0.51));
#6057=CARTESIAN_POINT('',(10.18,11.05,0.39));
#6058=CARTESIAN_POINT('',(10.18,9.9,-0.51));
#6059=CARTESIAN_POINT('',(10.18,9.9,-0.51));
#6060=CARTESIAN_POINT('',(10.18,9.9,0.39));
#6061=CARTESIAN_POINT('',(10.18,11.05,0.39));
#6062=CARTESIAN_POINT('',(10.18,0.,0.));
#6063=CARTESIAN_POINT('',(6.85,8.06,-2.44960747077534E-16));
#6064=CARTESIAN_POINT('',(5.85,8.06,6.62533918338718E-16));
#6065=CARTESIAN_POINT('',(6.85,8.06,6.62533918338718E-16));
#6066=CARTESIAN_POINT('',(5.85,8.06,-1.11022302462516E-16));
#6067=CARTESIAN_POINT('',(5.85,1.6,-1.11022302462516E-16));
#6068=CARTESIAN_POINT('',(6.85,1.6,-2.44960747077534E-16));
#6069=CARTESIAN_POINT('',(6.85,1.6,6.62533918338718E-16));
#6070=CARTESIAN_POINT('',(6.85,8.06,-2.16840434497101E-16));
#6071=CARTESIAN_POINT('',(-5.85,8.06,-1.45380822067237E-16));
#6072=CARTESIAN_POINT('',(-6.85,8.06,6.62533918338718E-16));
#6073=CARTESIAN_POINT('',(-5.85,8.06,6.62533918338718E-16));
#6074=CARTESIAN_POINT('',(-6.85,8.06,-2.22044604925031E-16));
#6075=CARTESIAN_POINT('',(-6.85,1.6,-2.22044604925031E-16));
#6076=CARTESIAN_POINT('',(-5.85,1.6,-1.45380822067237E-16));
#6077=CARTESIAN_POINT('',(-5.85,1.6,6.62533918338718E-16));
#6078=CARTESIAN_POINT('',(-5.85,8.06,-1.0842021724855E-16));
#6079=CARTESIAN_POINT('',(-9.42,0.,0.));
#6080=CARTESIAN_POINT('',(-9.42,0.,6.62533918338718E-16));
#6081=CARTESIAN_POINT('',(-9.885,0.554165420556309,0.));
#6082=CARTESIAN_POINT('',(-9.885,9.9,6.62533918338718E-16));
#6083=CARTESIAN_POINT('',(-9.885,8.05,0.));
#6084=CARTESIAN_POINT('',(-9.885,9.6,0.));
#6085=CARTESIAN_POINT('',(-9.885,9.6,6.62533918338718E-16));
#6086=CARTESIAN_POINT('',(-10.185,9.9,0.));
#6087=CARTESIAN_POINT('',(-10.185,9.9,6.62533918338718E-16));
#6088=CARTESIAN_POINT('',(-10.82,9.9,6.62533918338718E-16));
#6089=CARTESIAN_POINT('',(-10.82,9.9,6.62533918338718E-16));
#6090=CARTESIAN_POINT('',(10.185,9.9,0.));
#6091=CARTESIAN_POINT('',(10.185,9.9,0.));
#6092=CARTESIAN_POINT('',(9.885,9.6,0.));
#6093=CARTESIAN_POINT('',(9.885,9.6,0.));
#6094=CARTESIAN_POINT('',(9.885,8.05,0.));
#6095=CARTESIAN_POINT('',(9.885,9.9,6.62533918338718E-16));
#6096=CARTESIAN_POINT('',(9.885,0.554165420556306,0.));
#6097=CARTESIAN_POINT('',(10.82,1.6684550296319,0.));
#6098=CARTESIAN_POINT('',(9.42,0.,0.));
#6099=CARTESIAN_POINT('',(-10.82,0.,6.62533918338718E-16));
#6100=CARTESIAN_POINT('',(-10.82,9.9,6.62533918338718E-16));
#6101=CARTESIAN_POINT('',(-10.82,1.6684550296319,38.214));
#6102=CARTESIAN_POINT('',(-10.82,1.6684550296319,3.86));
#6103=CARTESIAN_POINT('',(-10.82,1.66845502963189,3.22));
#6104=CARTESIAN_POINT('',(-10.82,1.66845502963189,3.22));
#6105=CARTESIAN_POINT('',(-9.42,0.,3.22));
#6106=CARTESIAN_POINT('',(-9.42,0.,38.214));
#6107=CARTESIAN_POINT('',(-9.42,0.,3.86));
#6108=CARTESIAN_POINT('',(-9.41999999999999,-5.4241509278747E-15,3.86));
#6109=CARTESIAN_POINT('',(-9.42,0.,38.214));
#6110=CARTESIAN_POINT('',(9.42,0.,38.214));
#6111=CARTESIAN_POINT('',(9.42,0.,3.86));
#6112=CARTESIAN_POINT('',(9.42,0.,3.22));
#6113=CARTESIAN_POINT('',(9.42,0.,3.22));
#6114=CARTESIAN_POINT('',(10.82,1.6684550296319,3.86));
#6115=CARTESIAN_POINT('',(10.82,1.6684550296319,38.214));
#6116=CARTESIAN_POINT('',(-8.77,0.,3.19999999999999));
#6117=CARTESIAN_POINT('',(-8.77,0.,3.19999999999999));
#6118=CARTESIAN_POINT('',(-8.77,0.,0.659999999999997));
#6119=CARTESIAN_POINT('',(-6.23,0.,3.2));
#6120=CARTESIAN_POINT('',(-6.23,0.,3.2));
#6121=CARTESIAN_POINT('',(-6.23,0.,1.31));
#6122=CARTESIAN_POINT('',(-6.23,0.,1.31));
#6123=CARTESIAN_POINT('',(-6.88,0.,0.659999999999998));
#6124=CARTESIAN_POINT('',(-6.88,0.,0.659999999999998));
#6125=CARTESIAN_POINT('',(-8.77,0.,0.659999999999997));
#6126=CARTESIAN_POINT('',(-5.77,0.,3.2));
#6127=CARTESIAN_POINT('',(-5.77,0.,3.2));
#6128=CARTESIAN_POINT('',(-5.77,0.,0.659999999999997));
#6129=CARTESIAN_POINT('',(-3.23,0.,3.2));
#6130=CARTESIAN_POINT('',(-3.23,0.,3.2));
#6131=CARTESIAN_POINT('',(-3.23,0.,1.31));
#6132=CARTESIAN_POINT('',(-3.23,0.,1.31));
#6133=CARTESIAN_POINT('',(-3.88,0.,0.659999999999998));
#6134=CARTESIAN_POINT('',(-3.88,0.,0.659999999999998));
#6135=CARTESIAN_POINT('',(-5.77,0.,0.659999999999997));
#6136=CARTESIAN_POINT('',(-2.77,0.,3.2));
#6137=CARTESIAN_POINT('',(-2.77,0.,3.2));
#6138=CARTESIAN_POINT('',(-2.77,0.,1.31));
#6139=CARTESIAN_POINT('',(-0.229999999999998,0.,3.2));
#6140=CARTESIAN_POINT('',(-0.229999999999998,0.,3.2));
#6141=CARTESIAN_POINT('',(-0.229999999999997,0.,0.659999999999994));
#6142=CARTESIAN_POINT('',(-0.229999999999997,0.,0.659999999999994));
#6143=CARTESIAN_POINT('',(-2.12,0.,0.659999999999996));
#6144=CARTESIAN_POINT('',(-2.12,0.,0.659999999999996));
#6145=CARTESIAN_POINT('',(-2.77,0.,1.31));
#6146=CARTESIAN_POINT('',(0.229999999999998,0.,3.2));
#6147=CARTESIAN_POINT('',(0.229999999999998,0.,3.2));
#6148=CARTESIAN_POINT('',(0.229999999999999,0.,1.31));
#6149=CARTESIAN_POINT('',(2.77,0.,3.2));
#6150=CARTESIAN_POINT('',(2.77,0.,3.2));
#6151=CARTESIAN_POINT('',(2.77,0.,0.659999999999994));
#6152=CARTESIAN_POINT('',(2.77,0.,0.659999999999994));
#6153=CARTESIAN_POINT('',(0.879999999999997,0.,0.659999999999996));
#6154=CARTESIAN_POINT('',(0.879999999999997,0.,0.659999999999996));
#6155=CARTESIAN_POINT('',(0.229999999999999,0.,1.31));
#6156=CARTESIAN_POINT('',(3.23,0.,3.2));
#6157=CARTESIAN_POINT('',(3.23,0.,3.2));
#6158=CARTESIAN_POINT('',(3.23,0.,0.659999999999994));
#6159=CARTESIAN_POINT('',(5.77,0.,3.2));
#6160=CARTESIAN_POINT('',(5.77,0.,3.2));
#6161=CARTESIAN_POINT('',(5.77,0.,0.659999999999997));
#6162=CARTESIAN_POINT('',(5.77,0.,0.659999999999997));
#6163=CARTESIAN_POINT('',(3.23,0.,0.659999999999994));
#6164=CARTESIAN_POINT('',(6.23,0.,3.2));
#6165=CARTESIAN_POINT('',(6.23,0.,3.2));
#6166=CARTESIAN_POINT('',(6.23,0.,0.659999999999997));
#6167=CARTESIAN_POINT('',(8.77,0.,3.2));
#6168=CARTESIAN_POINT('',(8.77,0.,3.2));
#6169=CARTESIAN_POINT('',(8.77,0.,1.31));
#6170=CARTESIAN_POINT('',(8.77,0.,1.31));
#6171=CARTESIAN_POINT('',(8.12,0.,0.659999999999998));
#6172=CARTESIAN_POINT('',(8.12,0.,0.659999999999998));
#6173=CARTESIAN_POINT('',(6.23,0.,0.659999999999997));
#6174=CARTESIAN_POINT('',(10.82,0.,3.86));
#6175=CARTESIAN_POINT('',(-9.42,-4.33680868994202E-16,3.22));
#6176=CARTESIAN_POINT('',(-9.42,-4.33680868994202E-16,1.15));
#6177=CARTESIAN_POINT('',(-9.42,0.,38.214));
#6178=CARTESIAN_POINT('',(9.42,0.,38.214));
#6179=CARTESIAN_POINT('',(9.42,0.,1.15));
#6180=CARTESIAN_POINT('',(9.42,0.,3.22));
#6181=CARTESIAN_POINT('',(0.,0.,0.));
#6182=CARTESIAN_POINT('',(-10.82,9.9,3.85999999999999));
#6183=CARTESIAN_POINT('',(1.3,0.54,3.85999999999998));
#6184=CARTESIAN_POINT('',(1.3,0.54,3.85999999999998));
#6185=CARTESIAN_POINT('',(-1.3,0.54,3.85999999999998));
#6186=CARTESIAN_POINT('',(-1.3,0.54,3.85999999999998));
#6187=CARTESIAN_POINT('',(-1.3,2.95,3.85999999999999));
#6188=CARTESIAN_POINT('',(1.3,2.95,3.85999999999999));
#6189=CARTESIAN_POINT('',(1.3,2.95,3.85999999999999));
#6190=CARTESIAN_POINT('',(1.3,0.54,3.85999999999998));
#6191=CARTESIAN_POINT('',(10.82,9.9,3.86));
#6192=CARTESIAN_POINT('',(-10.82,11.05,-8.52));
#6193=CARTESIAN_POINT('',(-10.82,8.05,-0.51));
#6194=CARTESIAN_POINT('',(-10.82,8.05,-0.51));
#6195=CARTESIAN_POINT('',(-10.82,8.05,-0.51));
#6196=CARTESIAN_POINT('',(-10.82,8.05,0.51));
#6197=CARTESIAN_POINT('',(-10.82,9.9,0.51));
#6198=CARTESIAN_POINT('',(-10.82,1.6684550296319,0.510000000000004));
#6199=CARTESIAN_POINT('',(-10.82,1.6684550296319,38.214));
#6200=CARTESIAN_POINT('',(-10.82,1.66845502963189,1.15));
#6201=CARTESIAN_POINT('',(-10.82,1.66845502963189,3.22));
#6202=CARTESIAN_POINT('',(-10.82,11.05,0.39));
#6203=CARTESIAN_POINT('',(-10.82,9.9,3.85999999999999));
#6204=CARTESIAN_POINT('',(-1.3,2.2,5.05999999999998));
#6205=CARTESIAN_POINT('',(-1.3,2.2,5.05999999999998));
#6206=CARTESIAN_POINT('',(1.3,2.2,5.05999999999998));
#6207=CARTESIAN_POINT('',(1.3,2.2,5.05999999999998));
#6208=CARTESIAN_POINT('',(1.3,2.2,5.05999999999998));
#6209=CARTESIAN_POINT('',(1.3,2.2,5.05999999999998));
#6210=CARTESIAN_POINT('',(-1.3,2.95,3.85999999999999));
#6211=CARTESIAN_POINT('',(-1.3,2.95,5.05999999999998));
#6212=CARTESIAN_POINT('',(1.3,2.95,5.05999999999998));
#6213=CARTESIAN_POINT('',(1.3,2.95,5.05999999999998));
#6214=CARTESIAN_POINT('',(1.3,2.95,3.85999999999999));
#6215=CARTESIAN_POINT('',(1.3,2.95,3.85999999999999));
#6216=CARTESIAN_POINT('',(-1.3,2.95,5.05999999999998));
#6217=CARTESIAN_POINT('',(1.3,2.95,5.05999999999998));
#6218=CARTESIAN_POINT('',(1.3,2.95,5.05999999999998));
#6219=CARTESIAN_POINT('',(1.3,0.,0.));
#6220=CARTESIAN_POINT('',(-1.3,0.,0.));
#6221=CARTESIAN_POINT('',(-17.1403503038103,9.20075521065179,3.95746380207836));
#6222=CARTESIAN_POINT('',(-10.82,1.66845502963189,1.15));
#6223=CARTESIAN_POINT('',(-9.42,0.,38.214));
#6224=CARTESIAN_POINT('',(18.3870905564146,10.6865623857248,4.63750393986251));
#6225=CARTESIAN_POINT('',(9.42,0.,1.15));
#6226=CARTESIAN_POINT('',(10.82,1.6684550296319,38.214));
#6227=CARTESIAN_POINT('',(9.42,1.66845502963189,1.15));
#6228=CARTESIAN_POINT('',(9.42,1.66845502963189,1.15));
#6229=CARTESIAN_POINT('',(9.42,1.66845502963189,3.22));
#6230=CARTESIAN_POINT('',(9.42,1.66845502963189,3.22));
#6231=CARTESIAN_POINT('',(9.42,1.66845502963189,3.22));
#6232=CARTESIAN_POINT('',(9.42,1.66845502963189,3.22));
#6233=CARTESIAN_POINT('',(10.82,1.66845502963189,1.15));
#6234=CARTESIAN_POINT('',(10.82,1.66845502963189,3.22));
#6235=CARTESIAN_POINT('',(10.82,1.66845502963189,3.22));
#6236=CARTESIAN_POINT('',(0.,0.,3.22));
#6237=CARTESIAN_POINT('',(0.,0.,1.15));
#6238=CARTESIAN_POINT('',(-9.42,0.,1.15));
#6239=CARTESIAN_POINT('',(-9.42,1.66845502963189,1.15));
#6240=CARTESIAN_POINT('',(-9.42,0.,3.22));
#6241=CARTESIAN_POINT('',(-9.42,1.66845502963189,3.22));
#6242=CARTESIAN_POINT('',(-9.42,1.66845502963189,3.22));
#6243=CARTESIAN_POINT('',(-9.42,0.,3.22));
#6244=CARTESIAN_POINT('',(-9.42,1.66845502963189,1.15));
#6245=CARTESIAN_POINT('',(-9.42,1.66845502963189,3.22));
#6246=CARTESIAN_POINT('',(-9.42,1.66845502963189,3.22));
#6247=CARTESIAN_POINT('',(0.,0.,3.22));
#6248=CARTESIAN_POINT('',(0.,0.,1.15));
#6249=CARTESIAN_POINT('',(9.885,9.6,-0.51));
#6250=CARTESIAN_POINT('',(9.885,9.6,-0.51));
#6251=CARTESIAN_POINT('',(9.885,9.6,-0.51));
#6252=CARTESIAN_POINT('',(9.885,8.05,-0.51));
#6253=CARTESIAN_POINT('',(9.885,8.05,-0.51));
#6254=CARTESIAN_POINT('',(9.885,9.6,-0.51));
#6255=CARTESIAN_POINT('',(9.885,8.05,6.62533918338718E-16));
#6256=CARTESIAN_POINT('',(9.885,8.05,-0.51));
#6257=CARTESIAN_POINT('',(9.885,8.05,-0.51));
#6258=CARTESIAN_POINT('',(10.185,9.9,-0.51));
#6259=CARTESIAN_POINT('',(10.185,9.9,-0.51));
#6260=CARTESIAN_POINT('',(10.185,9.9,-0.51));
#6261=CARTESIAN_POINT('',(10.185,9.9,-0.51));
#6262=CARTESIAN_POINT('',(10.18,9.9,-0.51));
#6263=CARTESIAN_POINT('',(10.18,11.05,-0.51));
#6264=CARTESIAN_POINT('',(0.,0.,-0.51));
#6265=CARTESIAN_POINT('',(-9.885,9.6,-0.51));
#6266=CARTESIAN_POINT('',(-9.885,9.6,-0.51));
#6267=CARTESIAN_POINT('',(-10.185,9.9,-0.51));
#6268=CARTESIAN_POINT('',(-10.185,9.9,-0.51));
#6269=CARTESIAN_POINT('',(-10.185,9.9,-0.51));
#6270=CARTESIAN_POINT('',(-10.185,9.9,-0.51));
#6271=CARTESIAN_POINT('',(-9.885,8.05,-0.51));
#6272=CARTESIAN_POINT('',(-9.885,8.05,-0.51));
#6273=CARTESIAN_POINT('',(-9.885,9.6,-0.51));
#6274=CARTESIAN_POINT('',(-9.885,9.6,-0.51));
#6275=CARTESIAN_POINT('',(-9.6706050955414,8.05,-0.116942675159235));
#6276=CARTESIAN_POINT('',(-9.885,8.05,-0.51));
#6277=CARTESIAN_POINT('',(-9.885,8.05,-0.51));
#6278=CARTESIAN_POINT('',(-10.18,9.9,-0.51));
#6279=CARTESIAN_POINT('',(0.,0.,-0.51));
#6280=CARTESIAN_POINT('',(-10.82,9.9,0.51));
#6281=CARTESIAN_POINT('',(9.885,9.9,6.62533918338718E-16));
#6282=CARTESIAN_POINT('',(6.23,6.6,0.659999999999997));
#6283=CARTESIAN_POINT('',(6.23,6.6,0.659999999999997));
#6284=CARTESIAN_POINT('',(6.23,6.6,3.2));
#6285=CARTESIAN_POINT('',(6.23,6.6,3.2));
#6286=CARTESIAN_POINT('',(6.23,6.6,3.2));
#6287=CARTESIAN_POINT('',(6.23,6.6,3.2));
#6288=CARTESIAN_POINT('',(8.12,6.6,0.659999999999998));
#6289=CARTESIAN_POINT('',(8.12,6.6,0.659999999999998));
#6290=CARTESIAN_POINT('',(6.23,6.6,0.659999999999997));
#6291=CARTESIAN_POINT('',(6.23,6.6,0.659999999999997));
#6292=CARTESIAN_POINT('',(8.77,6.6,1.31));
#6293=CARTESIAN_POINT('',(8.77,6.6,1.31));
#6294=CARTESIAN_POINT('',(8.12,6.6,0.659999999999998));
#6295=CARTESIAN_POINT('',(8.12,6.6,0.659999999999998));
#6296=CARTESIAN_POINT('',(8.77,6.6,3.2));
#6297=CARTESIAN_POINT('',(8.77,6.6,3.2));
#6298=CARTESIAN_POINT('',(8.77,6.6,1.31));
#6299=CARTESIAN_POINT('',(8.77,6.6,1.31));
#6300=CARTESIAN_POINT('',(8.77,6.6,3.2));
#6301=CARTESIAN_POINT('',(8.77,6.6,3.2));
#6302=CARTESIAN_POINT('',(7.82,6.6,0.));
#6303=CARTESIAN_POINT('',(7.82,6.6,1.64));
#6304=CARTESIAN_POINT('',(7.82,6.6,2.28));
#6305=CARTESIAN_POINT('',(0.,6.6,1.64));
#6306=CARTESIAN_POINT('',(7.18,6.6,1.64));
#6307=CARTESIAN_POINT('',(7.18,6.6,0.));
#6308=CARTESIAN_POINT('',(7.18,6.6,2.28));
#6309=CARTESIAN_POINT('',(0.,6.6,2.28));
#6310=CARTESIAN_POINT('',(0.,6.6,0.));
#6311=CARTESIAN_POINT('',(3.23,6.6,0.659999999999994));
#6312=CARTESIAN_POINT('',(3.23,6.6,3.2));
#6313=CARTESIAN_POINT('',(3.23,6.6,3.2));
#6314=CARTESIAN_POINT('',(5.77,6.6,0.659999999999997));
#6315=CARTESIAN_POINT('',(3.23,6.6,0.659999999999994));
#6316=CARTESIAN_POINT('',(5.77,6.6,3.2));
#6317=CARTESIAN_POINT('',(5.77,6.6,0.659999999999997));
#6318=CARTESIAN_POINT('',(5.77,6.6,3.2));
#6319=CARTESIAN_POINT('',(0.229999999999999,6.6,1.31));
#6320=CARTESIAN_POINT('',(0.229999999999999,6.6,1.31));
#6321=CARTESIAN_POINT('',(0.229999999999998,6.6,3.2));
#6322=CARTESIAN_POINT('',(0.229999999999998,6.6,3.2));
#6323=CARTESIAN_POINT('',(0.229999999999998,6.6,3.2));
#6324=CARTESIAN_POINT('',(0.229999999999998,6.6,3.2));
#6325=CARTESIAN_POINT('',(0.879999999999997,6.6,0.659999999999996));
#6326=CARTESIAN_POINT('',(0.879999999999997,6.6,0.659999999999996));
#6327=CARTESIAN_POINT('',(0.229999999999999,6.6,1.31));
#6328=CARTESIAN_POINT('',(0.229999999999999,6.6,1.31));
#6329=CARTESIAN_POINT('',(2.77,6.6,0.659999999999994));
#6330=CARTESIAN_POINT('',(2.77,6.6,0.659999999999994));
#6331=CARTESIAN_POINT('',(0.879999999999997,6.6,0.659999999999996));
#6332=CARTESIAN_POINT('',(0.879999999999997,6.6,0.659999999999996));
#6333=CARTESIAN_POINT('',(2.77,6.6,3.2));
#6334=CARTESIAN_POINT('',(2.77,6.6,3.2));
#6335=CARTESIAN_POINT('',(2.77,6.6,0.659999999999994));
#6336=CARTESIAN_POINT('',(2.77,6.6,0.659999999999994));
#6337=CARTESIAN_POINT('',(2.77,6.6,3.2));
#6338=CARTESIAN_POINT('',(2.77,6.6,3.2));
#6339=CARTESIAN_POINT('',(1.82,6.6,0.));
#6340=CARTESIAN_POINT('',(1.82,6.6,1.64));
#6341=CARTESIAN_POINT('',(1.82,6.6,2.28));
#6342=CARTESIAN_POINT('',(0.,6.6,1.64));
#6343=CARTESIAN_POINT('',(1.18,6.6,1.64));
#6344=CARTESIAN_POINT('',(1.18,6.6,0.));
#6345=CARTESIAN_POINT('',(1.18,6.6,2.28));
#6346=CARTESIAN_POINT('',(0.,6.6,2.28));
#6347=CARTESIAN_POINT('',(0.,6.6,0.));
#6348=CARTESIAN_POINT('',(-2.77,6.6,1.31));
#6349=CARTESIAN_POINT('',(-2.77,6.6,3.2));
#6350=CARTESIAN_POINT('',(-2.77,6.6,3.2));
#6351=CARTESIAN_POINT('',(-2.12,6.6,0.659999999999996));
#6352=CARTESIAN_POINT('',(-2.77,6.6,1.31));
#6353=CARTESIAN_POINT('',(-0.229999999999997,6.6,0.659999999999994));
#6354=CARTESIAN_POINT('',(-2.12,6.6,0.659999999999996));
#6355=CARTESIAN_POINT('',(-0.229999999999998,6.6,3.2));
#6356=CARTESIAN_POINT('',(-0.229999999999997,6.6,0.659999999999994));
#6357=CARTESIAN_POINT('',(-0.229999999999998,6.6,3.2));
#6358=CARTESIAN_POINT('',(-5.77,6.6,0.659999999999997));
#6359=CARTESIAN_POINT('',(-5.77,6.6,0.659999999999997));
#6360=CARTESIAN_POINT('',(-5.77,6.6,3.2));
#6361=CARTESIAN_POINT('',(-5.77,6.6,3.2));
#6362=CARTESIAN_POINT('',(-5.77,6.6,3.2));
#6363=CARTESIAN_POINT('',(-5.77,6.6,3.2));
#6364=CARTESIAN_POINT('',(-3.88,6.6,0.659999999999998));
#6365=CARTESIAN_POINT('',(-3.88,6.6,0.659999999999998));
#6366=CARTESIAN_POINT('',(-5.77,6.6,0.659999999999997));
#6367=CARTESIAN_POINT('',(-5.77,6.6,0.659999999999997));
#6368=CARTESIAN_POINT('',(-3.23,6.6,1.31));
#6369=CARTESIAN_POINT('',(-3.23,6.6,1.31));
#6370=CARTESIAN_POINT('',(-3.88,6.6,0.659999999999998));
#6371=CARTESIAN_POINT('',(-3.88,6.6,0.659999999999998));
#6372=CARTESIAN_POINT('',(-3.23,6.6,3.2));
#6373=CARTESIAN_POINT('',(-3.23,6.6,3.2));
#6374=CARTESIAN_POINT('',(-3.23,6.6,1.31));
#6375=CARTESIAN_POINT('',(-3.23,6.6,1.31));
#6376=CARTESIAN_POINT('',(-3.23,6.6,3.2));
#6377=CARTESIAN_POINT('',(-3.23,6.6,3.2));
#6378=CARTESIAN_POINT('',(-4.18,6.6,0.));
#6379=CARTESIAN_POINT('',(-4.18,6.6,1.64));
#6380=CARTESIAN_POINT('',(-4.18,6.6,2.28));
#6381=CARTESIAN_POINT('',(0.,6.6,1.64));
#6382=CARTESIAN_POINT('',(-4.82,6.6,1.64));
#6383=CARTESIAN_POINT('',(-4.82,6.6,0.));
#6384=CARTESIAN_POINT('',(-4.82,6.6,2.28));
#6385=CARTESIAN_POINT('',(0.,6.6,2.28));
#6386=CARTESIAN_POINT('',(0.,6.6,0.));
#6387=CARTESIAN_POINT('',(-8.77,6.6,0.659999999999997));
#6388=CARTESIAN_POINT('',(-8.77,6.6,3.19999999999999));
#6389=CARTESIAN_POINT('',(-8.77,6.6,3.19999999999999));
#6390=CARTESIAN_POINT('',(-6.88,6.6,0.659999999999998));
#6391=CARTESIAN_POINT('',(-8.77,6.6,0.659999999999997));
#6392=CARTESIAN_POINT('',(-6.23,6.6,1.31));
#6393=CARTESIAN_POINT('',(-6.88,6.6,0.659999999999998));
#6394=CARTESIAN_POINT('',(-6.23,6.6,3.2));
#6395=CARTESIAN_POINT('',(-6.23,6.6,1.31));
#6396=CARTESIAN_POINT('',(-6.23,6.6,3.2));
#6397=CARTESIAN_POINT('',(-6.85,1.6,-2.22044604925031E-16));
#6398=CARTESIAN_POINT('',(-6.85,1.6,-0.510000000000002));
#6399=CARTESIAN_POINT('',(-6.85,8.06,-2.22044604925031E-16));
#6400=CARTESIAN_POINT('',(-6.85,8.06,-0.510000000000002));
#6401=CARTESIAN_POINT('',(-6.85,8.06,-0.510000000000002));
#6402=CARTESIAN_POINT('',(-6.85,8.06,-2.22044604925031E-16));
#6403=CARTESIAN_POINT('',(-6.85,1.6,-0.510000000000002));
#6404=CARTESIAN_POINT('',(-5.85,1.6,-0.510000000000002));
#6405=CARTESIAN_POINT('',(-6.85,8.06,-0.510000000000002));
#6406=CARTESIAN_POINT('',(-5.85,8.06,-0.510000000000002));
#6407=CARTESIAN_POINT('',(-5.85,8.06,-0.510000000000002));
#6408=CARTESIAN_POINT('',(-6.85,8.06,-0.510000000000002));
#6409=CARTESIAN_POINT('',(-5.85,1.6,-0.510000000000002));
#6410=CARTESIAN_POINT('',(-5.85,8.06,-0.510000000000002));
#6411=CARTESIAN_POINT('',(-5.85,8.06,-0.510000000000002));
#6412=CARTESIAN_POINT('',(0.,8.06,0.));
#6413=CARTESIAN_POINT('',(0.,1.6,0.));
#6414=CARTESIAN_POINT('',(5.85,1.6,-1.11022302462516E-16));
#6415=CARTESIAN_POINT('',(5.85,1.6,-0.510000000000002));
#6416=CARTESIAN_POINT('',(5.85,8.06,-1.11022302462516E-16));
#6417=CARTESIAN_POINT('',(5.85,8.06,-0.510000000000002));
#6418=CARTESIAN_POINT('',(5.85,8.06,-0.510000000000002));
#6419=CARTESIAN_POINT('',(5.85,8.06,-1.11022302462516E-16));
#6420=CARTESIAN_POINT('',(5.85,1.6,-0.510000000000002));
#6421=CARTESIAN_POINT('',(6.85,1.6,-0.510000000000002));
#6422=CARTESIAN_POINT('',(5.85,8.06,-0.510000000000002));
#6423=CARTESIAN_POINT('',(6.85,8.06,-0.510000000000002));
#6424=CARTESIAN_POINT('',(6.85,8.06,-0.510000000000002));
#6425=CARTESIAN_POINT('',(5.85,8.06,-0.510000000000002));
#6426=CARTESIAN_POINT('',(6.85,1.6,-0.510000000000002));
#6427=CARTESIAN_POINT('',(6.85,8.06,-0.510000000000002));
#6428=CARTESIAN_POINT('',(6.85,8.06,-0.510000000000002));
#6429=CARTESIAN_POINT('',(0.,8.06,0.));
#6430=CARTESIAN_POINT('',(0.,1.6,0.));
#6431=CARTESIAN_POINT('',(10.18,9.9,0.39));
#6432=CARTESIAN_POINT('',(10.18,11.05,-0.51));
#6433=CARTESIAN_POINT('',(10.5,11.3,-0.0600000000000004));
#6434=CARTESIAN_POINT('',(10.6416222101252,11.1893576483397,-0.259156232988569));
#6435=CARTESIAN_POINT('',(10.18,11.05,-0.51));
#6436=CARTESIAN_POINT('',(10.4108111050626,11.2303211758302,0.0654218835057157));
#6437=CARTESIAN_POINT('',(10.18,11.05,0.39));
#6438=CARTESIAN_POINT('',(10.4108111050626,11.3696788241698,-0.185421883505716));
#6439=CARTESIAN_POINT('',(10.18,11.3,-0.0600000000000003));
#6440=CARTESIAN_POINT('',(10.18,11.05,0.39));
#6441=CARTESIAN_POINT('',(10.5,11.3,-8.52));
#6442=CARTESIAN_POINT('',(10.18,11.05,-8.52));
#6443=CARTESIAN_POINT('',(-10.18,9.9,0.39));
#6444=CARTESIAN_POINT('',(-10.18,11.05,0.39));
#6445=CARTESIAN_POINT('',(-10.5,11.3,-8.52));
#6446=CARTESIAN_POINT('',(-10.18,11.05,-8.52));
#6447=CARTESIAN_POINT('',(-7.18,3.28,2.28));
#6448=CARTESIAN_POINT('',(-7.18,3.28,2.28));
#6449=CARTESIAN_POINT('',(-7.82,3.28,2.28));
#6450=CARTESIAN_POINT('',(-7.7811763037533,3.13176406887623,2.24304063134331));
#6451=CARTESIAN_POINT('',(-7.18,3.28,2.28));
#6452=CARTESIAN_POINT('',(-7.18,3.28,2.28));
#6453=CARTESIAN_POINT('',(-7.5745219493381,2.34272017020002,1.87369010806922));
#6454=CARTESIAN_POINT('',(-7.82,3.28,1.64));
#6455=CARTESIAN_POINT('',(-7.18,3.28,1.64));
#6456=CARTESIAN_POINT('',(-7.18,3.28,1.64));
#6457=CARTESIAN_POINT('',(-7.3866543544152,2.4909561013238,1.83673073941253));
#6458=CARTESIAN_POINT('',(-7.18,2.44,1.84943552238827));
#6459=CARTESIAN_POINT('',(-7.18,10.4495879026213,2.28));
#6460=CARTESIAN_POINT('',(-7.18,3.28,3.));
#6461=CARTESIAN_POINT('',(-7.18,3.28,1.64));
#6462=CARTESIAN_POINT('',(-7.18,10.4495879026213,0.999999999999999));
#6463=CARTESIAN_POINT('',(-7.82,3.28,3.));
#6464=CARTESIAN_POINT('',(-7.82,6.6,2.28));
#6465=CARTESIAN_POINT('',(-7.82,6.6,1.64));
#6466=CARTESIAN_POINT('',(-7.82,10.4495879026213,0.999999999999999));
#6467=CARTESIAN_POINT('',(-7.18,6.6,2.28));
#6468=CARTESIAN_POINT('',(-7.18,6.6,1.64));
#6469=CARTESIAN_POINT('',(-7.18,10.4495879026213,1.64));
#6470=CARTESIAN_POINT('',(-7.18,6.6,1.64));
#6471=CARTESIAN_POINT('',(-7.18,10.4495879026213,2.28));
#6472=CARTESIAN_POINT('',(-7.18,6.6,2.28));
#6473=CARTESIAN_POINT('',(-7.18,10.7120569222838,1.5837037037037));
#6474=CARTESIAN_POINT('',(-7.18,10.4495879026213,0.999999999999999));
#6475=CARTESIAN_POINT('',(-7.18,11.9591884526511,1.58388529681868));
#6476=CARTESIAN_POINT('',(-7.18,11.3354208439821,2.97));
#6477=CARTESIAN_POINT('',(-7.18,12.24,1.64));
#6478=CARTESIAN_POINT('',(-7.18,12.2218274457748,1.00025805337392));
#6479=CARTESIAN_POINT('',(-7.18,12.24,1.64));
#6480=CARTESIAN_POINT('',(-7.7811763037533,12.3882359311238,1.67695936865669));
#6481=CARTESIAN_POINT('',(-7.18,12.24,1.64));
#6482=CARTESIAN_POINT('',(-7.18,12.24,2.28));
#6483=CARTESIAN_POINT('',(-7.3866543544152,13.0290438986762,2.08326926058747));
#6484=CARTESIAN_POINT('',(-7.5745219493381,13.1772798298,2.04630989193078));
#6485=CARTESIAN_POINT('',(-7.18,13.08,2.07056447761173));
#6486=CARTESIAN_POINT('',(-7.18,11.6965494595273,2.16751254026345));
#6487=CARTESIAN_POINT('',(-7.18,12.0851699868162,1.65901073518335));
#6488=CARTESIAN_POINT('',(-7.18,10.9745259419462,2.16740740740741));
#6489=CARTESIAN_POINT('',(-7.18,11.3354208439821,2.97));
#6490=CARTESIAN_POINT('',(-7.18,10.4495879026213,0.999999999999999));
#6491=CARTESIAN_POINT('',(-7.6,13.08,3.));
#6492=CARTESIAN_POINT('',(-7.18,12.24,3.));
#6493=CARTESIAN_POINT('',(-7.4,2.44,3.));
#6494=CARTESIAN_POINT('',(-7.82,3.28,3.));
#6495=CARTESIAN_POINT('',(-1.18,3.28,2.28));
#6496=CARTESIAN_POINT('',(-1.18,3.28,2.28));
#6497=CARTESIAN_POINT('',(-1.82,3.28,2.28));
#6498=CARTESIAN_POINT('',(-1.7811763037533,3.13176406887623,2.24304063134331));
#6499=CARTESIAN_POINT('',(-1.18,3.28,2.28));
#6500=CARTESIAN_POINT('',(-1.18,3.28,2.28));
#6501=CARTESIAN_POINT('',(-1.5745219493381,2.34272017020002,1.87369010806922));
#6502=CARTESIAN_POINT('',(-1.82,3.28,1.64));
#6503=CARTESIAN_POINT('',(-1.18,3.28,1.64));
#6504=CARTESIAN_POINT('',(-1.18,3.28,1.64));
#6505=CARTESIAN_POINT('',(-1.3866543544152,2.4909561013238,1.83673073941253));
#6506=CARTESIAN_POINT('',(-1.18,2.44,1.84943552238827));
#6507=CARTESIAN_POINT('',(-1.18,10.4495879026213,2.28));
#6508=CARTESIAN_POINT('',(-1.18,3.28,3.));
#6509=CARTESIAN_POINT('',(-1.18,3.28,1.64));
#6510=CARTESIAN_POINT('',(-1.18,10.4495879026213,0.999999999999999));
#6511=CARTESIAN_POINT('',(-1.82,3.28,3.));
#6512=CARTESIAN_POINT('',(-1.82,6.6,2.28));
#6513=CARTESIAN_POINT('',(-1.82,6.6,1.64));
#6514=CARTESIAN_POINT('',(-1.82,10.4495879026213,0.999999999999999));
#6515=CARTESIAN_POINT('',(-1.18,6.6,2.28));
#6516=CARTESIAN_POINT('',(-1.18,6.6,1.64));
#6517=CARTESIAN_POINT('',(-1.18,10.4495879026213,1.64));
#6518=CARTESIAN_POINT('',(-1.18,6.6,1.64));
#6519=CARTESIAN_POINT('',(-1.18,10.4495879026213,2.28));
#6520=CARTESIAN_POINT('',(-1.18,6.6,2.28));
#6521=CARTESIAN_POINT('',(-1.18,10.7120569222838,1.5837037037037));
#6522=CARTESIAN_POINT('',(-1.18,10.4495879026213,0.999999999999999));
#6523=CARTESIAN_POINT('',(-1.18,11.9591884526511,1.58388529681868));
#6524=CARTESIAN_POINT('',(-1.18,11.3354208439821,2.97));
#6525=CARTESIAN_POINT('',(-1.18,12.24,1.64));
#6526=CARTESIAN_POINT('',(-1.18,12.2218274457748,1.00025805337392));
#6527=CARTESIAN_POINT('',(-1.18,12.24,1.64));
#6528=CARTESIAN_POINT('',(-1.7811763037533,12.3882359311238,1.67695936865669));
#6529=CARTESIAN_POINT('',(-1.18,12.24,1.64));
#6530=CARTESIAN_POINT('',(-1.18,12.24,2.28));
#6531=CARTESIAN_POINT('',(-1.3866543544152,13.0290438986762,2.08326926058747));
#6532=CARTESIAN_POINT('',(-1.5745219493381,13.1772798298,2.04630989193078));
#6533=CARTESIAN_POINT('',(-1.18,13.08,2.07056447761173));
#6534=CARTESIAN_POINT('',(-1.18,11.6965494595273,2.16751254026345));
#6535=CARTESIAN_POINT('',(-1.18,12.0851699868162,1.65901073518335));
#6536=CARTESIAN_POINT('',(-1.18,10.9745259419462,2.16740740740741));
#6537=CARTESIAN_POINT('',(-1.18,11.3354208439821,2.97));
#6538=CARTESIAN_POINT('',(-1.18,10.4495879026213,0.999999999999999));
#6539=CARTESIAN_POINT('',(-1.6,13.08,3.));
#6540=CARTESIAN_POINT('',(-1.18,12.24,3.));
#6541=CARTESIAN_POINT('',(-1.4,2.44,3.));
#6542=CARTESIAN_POINT('',(-1.82,3.28,3.));
#6543=CARTESIAN_POINT('',(4.82,3.28,2.28));
#6544=CARTESIAN_POINT('',(4.82,3.28,2.28));
#6545=CARTESIAN_POINT('',(4.18,3.28,2.28));
#6546=CARTESIAN_POINT('',(4.2188236962467,3.13176406887623,2.24304063134331));
#6547=CARTESIAN_POINT('',(4.82,3.28,2.28));
#6548=CARTESIAN_POINT('',(4.82,3.28,2.28));
#6549=CARTESIAN_POINT('',(4.4254780506619,2.34272017020002,1.87369010806922));
#6550=CARTESIAN_POINT('',(4.18,3.28,1.64));
#6551=CARTESIAN_POINT('',(4.82,3.28,1.64));
#6552=CARTESIAN_POINT('',(4.82,3.28,1.64));
#6553=CARTESIAN_POINT('',(4.6133456455848,2.4909561013238,1.83673073941253));
#6554=CARTESIAN_POINT('',(4.82,2.44,1.84943552238827));
#6555=CARTESIAN_POINT('',(4.82,10.4495879026213,2.28));
#6556=CARTESIAN_POINT('',(4.82,3.28,3.));
#6557=CARTESIAN_POINT('',(4.82,3.28,1.64));
#6558=CARTESIAN_POINT('',(4.82,10.4495879026213,0.999999999999999));
#6559=CARTESIAN_POINT('',(4.18,3.28,3.));
#6560=CARTESIAN_POINT('',(4.18,6.6,2.28));
#6561=CARTESIAN_POINT('',(4.18,6.6,1.64));
#6562=CARTESIAN_POINT('',(4.18,10.4495879026213,0.999999999999999));
#6563=CARTESIAN_POINT('',(4.82,6.6,2.28));
#6564=CARTESIAN_POINT('',(4.82,6.6,1.64));
#6565=CARTESIAN_POINT('',(4.82,10.4495879026213,1.64));
#6566=CARTESIAN_POINT('',(4.82,6.6,1.64));
#6567=CARTESIAN_POINT('',(4.82,10.4495879026213,2.28));
#6568=CARTESIAN_POINT('',(4.82,6.6,2.28));
#6569=CARTESIAN_POINT('',(4.82,10.7120569222838,1.5837037037037));
#6570=CARTESIAN_POINT('',(4.82,10.4495879026213,0.999999999999999));
#6571=CARTESIAN_POINT('',(4.82,11.9591884526511,1.58388529681868));
#6572=CARTESIAN_POINT('',(4.82,11.3354208439821,2.97));
#6573=CARTESIAN_POINT('',(4.82,12.24,1.64));
#6574=CARTESIAN_POINT('',(4.82,12.2218274457748,1.00025805337392));
#6575=CARTESIAN_POINT('',(4.82,12.24,1.64));
#6576=CARTESIAN_POINT('',(4.2188236962467,12.3882359311238,1.67695936865669));
#6577=CARTESIAN_POINT('',(4.82,12.24,1.64));
#6578=CARTESIAN_POINT('',(4.82,12.24,2.28));
#6579=CARTESIAN_POINT('',(4.6133456455848,13.0290438986762,2.08326926058747));
#6580=CARTESIAN_POINT('',(4.4254780506619,13.1772798298,2.04630989193078));
#6581=CARTESIAN_POINT('',(4.82,13.08,2.07056447761173));
#6582=CARTESIAN_POINT('',(4.82,11.6965494595273,2.16751254026345));
#6583=CARTESIAN_POINT('',(4.82,12.0851699868162,1.65901073518335));
#6584=CARTESIAN_POINT('',(4.82,10.9745259419462,2.16740740740741));
#6585=CARTESIAN_POINT('',(4.82,11.3354208439821,2.97));
#6586=CARTESIAN_POINT('',(4.82,10.4495879026213,0.999999999999999));
#6587=CARTESIAN_POINT('',(4.4,13.08,3.));
#6588=CARTESIAN_POINT('',(4.82,12.24,3.));
#6589=CARTESIAN_POINT('',(4.6,2.44,3.));
#6590=CARTESIAN_POINT('',(4.18,3.28,3.));
#6591=CARTESIAN_POINT('',(-4.18,3.28,2.28));
#6592=CARTESIAN_POINT('',(-4.18,3.28,2.28));
#6593=CARTESIAN_POINT('',(-4.18,3.28,2.28));
#6594=CARTESIAN_POINT('',(-4.82,3.28,2.28));
#6595=CARTESIAN_POINT('',(-4.78461422479784,3.13807540750079,2.24461422479784));
#6596=CARTESIAN_POINT('',(-4.18,3.28,2.28));
#6597=CARTESIAN_POINT('',(-4.18,3.28,1.64));
#6598=CARTESIAN_POINT('',(-4.18,3.28,1.64));
#6599=CARTESIAN_POINT('',(-4.82,3.28,1.64));
#6600=CARTESIAN_POINT('',(-4.37785577502174,2.48644382995283,1.83785577502174));
#6601=CARTESIAN_POINT('',(-4.5867584497761,2.34451923745362,1.8732415502239));
#6602=CARTESIAN_POINT('',(-4.18,2.44,1.84943552238827));
#6603=CARTESIAN_POINT('',(-4.18,3.28,1.63));
#6604=CARTESIAN_POINT('',(-4.18,3.28,1.64));
#6605=CARTESIAN_POINT('',(-4.18,10.3841670586392,2.28));
#6606=CARTESIAN_POINT('',(-4.18,10.3841670586392,2.92));
#6607=CARTESIAN_POINT('',(-4.82,6.6,1.64));
#6608=CARTESIAN_POINT('',(-4.82,3.28,1.63));
#6609=CARTESIAN_POINT('',(-4.82,6.6,2.28));
#6610=CARTESIAN_POINT('',(-4.82,10.3841670586392,2.92));
#6611=CARTESIAN_POINT('',(-4.18,6.6,2.28));
#6612=CARTESIAN_POINT('',(-4.18,6.6,1.64));
#6613=CARTESIAN_POINT('',(-4.18,10.3841670586392,1.64));
#6614=CARTESIAN_POINT('',(-4.18,6.6,1.64));
#6615=CARTESIAN_POINT('',(-4.18,10.3841670586392,2.28));
#6616=CARTESIAN_POINT('',(-4.18,6.6,2.28));
#6617=CARTESIAN_POINT('',(-4.18,10.9091050979641,1.75259259259259));
#6618=CARTESIAN_POINT('',(-4.18,10.3841670586392,2.92));
#6619=CARTESIAN_POINT('',(-4.18,11.6348158659922,1.75081794680211));
#6620=CARTESIAN_POINT('',(-4.18,11.27,0.95));
#6621=CARTESIAN_POINT('',(-4.18,12.24,1.64000000000001));
#6622=CARTESIAN_POINT('',(-4.18,12.1577543926805,2.89873555753226));
#6623=CARTESIAN_POINT('',(-4.78461422479784,12.3819245924992,1.67538577520217));
#6624=CARTESIAN_POINT('',(-4.18,12.24,1.64000000000001));
#6625=CARTESIAN_POINT('',(-4.18,12.24,1.64000000000001));
#6626=CARTESIAN_POINT('',(-4.5867584497761,13.1754807625464,2.0467584497761));
#6627=CARTESIAN_POINT('',(-4.18,12.24,2.27999999999999));
#6628=CARTESIAN_POINT('',(-4.37785577502174,13.0335561700472,2.08214422497826));
#6629=CARTESIAN_POINT('',(-4.18,13.08,2.07056447761173));
#6630=CARTESIAN_POINT('',(-4.18,11.9001364958048,2.33323099902182));
#6631=CARTESIAN_POINT('',(-4.18,12.1654571256173,2.91564405124153));
#6632=CARTESIAN_POINT('',(-4.18,10.6466360783016,2.3362962962963));
#6633=CARTESIAN_POINT('',(-4.18,11.27,0.95));
#6634=CARTESIAN_POINT('',(-4.18,10.3841670586392,2.92));
#6635=CARTESIAN_POINT('',(-4.38943552238827,13.08,1.63));
#6636=CARTESIAN_POINT('',(-4.82,12.24,1.63));
#6637=CARTESIAN_POINT('',(-4.61056447761173,2.44,1.63));
#6638=CARTESIAN_POINT('',(-4.18,3.28,1.63));
#6639=CARTESIAN_POINT('',(1.82,3.28,2.28));
#6640=CARTESIAN_POINT('',(1.82,3.28,2.28));
#6641=CARTESIAN_POINT('',(1.82,3.28,2.28));
#6642=CARTESIAN_POINT('',(1.18,3.28,2.28));
#6643=CARTESIAN_POINT('',(1.21538577520216,3.13807540750079,2.24461422479784));
#6644=CARTESIAN_POINT('',(1.82,3.28,2.28));
#6645=CARTESIAN_POINT('',(1.82,3.28,1.64));
#6646=CARTESIAN_POINT('',(1.82,3.28,1.64));
#6647=CARTESIAN_POINT('',(1.18,3.28,1.64));
#6648=CARTESIAN_POINT('',(1.62214422497826,2.48644382995283,1.83785577502174));
#6649=CARTESIAN_POINT('',(1.4132415502239,2.34451923745362,1.8732415502239));
#6650=CARTESIAN_POINT('',(1.82,2.44,1.84943552238827));
#6651=CARTESIAN_POINT('',(1.82,3.28,1.63));
#6652=CARTESIAN_POINT('',(1.82,3.28,1.64));
#6653=CARTESIAN_POINT('',(1.82,10.3841670586392,2.28));
#6654=CARTESIAN_POINT('',(1.82,10.3841670586392,2.92));
#6655=CARTESIAN_POINT('',(1.18,6.6,1.64));
#6656=CARTESIAN_POINT('',(1.18,3.28,1.63));
#6657=CARTESIAN_POINT('',(1.18,6.6,2.28));
#6658=CARTESIAN_POINT('',(1.18,10.3841670586392,2.92));
#6659=CARTESIAN_POINT('',(1.82,6.6,2.28));
#6660=CARTESIAN_POINT('',(1.82,6.6,1.64));
#6661=CARTESIAN_POINT('',(1.82,10.3841670586392,1.64));
#6662=CARTESIAN_POINT('',(1.82,6.6,1.64));
#6663=CARTESIAN_POINT('',(1.82,10.3841670586392,2.28));
#6664=CARTESIAN_POINT('',(1.82,6.6,2.28));
#6665=CARTESIAN_POINT('',(1.82,10.9091050979641,1.75259259259259));
#6666=CARTESIAN_POINT('',(1.82,10.3841670586392,2.92));
#6667=CARTESIAN_POINT('',(1.82,11.6348158659922,1.75081794680211));
#6668=CARTESIAN_POINT('',(1.82,11.27,0.95));
#6669=CARTESIAN_POINT('',(1.82,12.24,1.64000000000001));
#6670=CARTESIAN_POINT('',(1.82,12.1577543926805,2.89873555753226));
#6671=CARTESIAN_POINT('',(1.21538577520216,12.3819245924992,1.67538577520217));
#6672=CARTESIAN_POINT('',(1.82,12.24,1.64000000000001));
#6673=CARTESIAN_POINT('',(1.82,12.24,1.64000000000001));
#6674=CARTESIAN_POINT('',(1.4132415502239,13.1754807625464,2.0467584497761));
#6675=CARTESIAN_POINT('',(1.82,12.24,2.27999999999999));
#6676=CARTESIAN_POINT('',(1.62214422497826,13.0335561700472,2.08214422497826));
#6677=CARTESIAN_POINT('',(1.82,13.08,2.07056447761173));
#6678=CARTESIAN_POINT('',(1.82,11.9001364958048,2.33323099902182));
#6679=CARTESIAN_POINT('',(1.82,12.1654571256173,2.91564405124153));
#6680=CARTESIAN_POINT('',(1.82,10.6466360783016,2.3362962962963));
#6681=CARTESIAN_POINT('',(1.82,11.27,0.95));
#6682=CARTESIAN_POINT('',(1.82,10.3841670586392,2.92));
#6683=CARTESIAN_POINT('',(1.61056447761173,13.08,1.63));
#6684=CARTESIAN_POINT('',(1.18,12.24,1.63));
#6685=CARTESIAN_POINT('',(1.38943552238827,2.44,1.63));
#6686=CARTESIAN_POINT('',(1.82,3.28,1.63));
#6687=CARTESIAN_POINT('',(7.82,3.28,2.28));
#6688=CARTESIAN_POINT('',(7.82,3.28,2.28));
#6689=CARTESIAN_POINT('',(7.82,3.28,2.28));
#6690=CARTESIAN_POINT('',(7.18,3.28,2.28));
#6691=CARTESIAN_POINT('',(7.21538577520216,3.13807540750079,2.24461422479784));
#6692=CARTESIAN_POINT('',(7.82,3.28,2.28));
#6693=CARTESIAN_POINT('',(7.82,3.28,1.64));
#6694=CARTESIAN_POINT('',(7.82,3.28,1.64));
#6695=CARTESIAN_POINT('',(7.18,3.28,1.64));
#6696=CARTESIAN_POINT('',(7.62214422497826,2.48644382995283,1.83785577502174));
#6697=CARTESIAN_POINT('',(7.4132415502239,2.34451923745362,1.8732415502239));
#6698=CARTESIAN_POINT('',(7.82,2.44,1.84943552238827));
#6699=CARTESIAN_POINT('',(7.82,3.28,1.63));
#6700=CARTESIAN_POINT('',(7.82,3.28,1.64));
#6701=CARTESIAN_POINT('',(7.82,10.3841670586392,2.28));
#6702=CARTESIAN_POINT('',(7.82,10.3841670586392,2.92));
#6703=CARTESIAN_POINT('',(7.18,6.6,1.64));
#6704=CARTESIAN_POINT('',(7.18,3.28,1.63));
#6705=CARTESIAN_POINT('',(7.18,6.6,2.28));
#6706=CARTESIAN_POINT('',(7.18,10.3841670586392,2.92));
#6707=CARTESIAN_POINT('',(7.82,6.6,2.28));
#6708=CARTESIAN_POINT('',(7.82,6.6,1.64));
#6709=CARTESIAN_POINT('',(7.82,10.3841670586392,1.64));
#6710=CARTESIAN_POINT('',(7.82,6.6,1.64));
#6711=CARTESIAN_POINT('',(7.82,10.3841670586392,2.28));
#6712=CARTESIAN_POINT('',(7.82,6.6,2.28));
#6713=CARTESIAN_POINT('',(7.82,10.9091050979641,1.75259259259259));
#6714=CARTESIAN_POINT('',(7.82,10.3841670586392,2.92));
#6715=CARTESIAN_POINT('',(7.82,11.6348158659922,1.75081794680211));
#6716=CARTESIAN_POINT('',(7.82,11.27,0.95));
#6717=CARTESIAN_POINT('',(7.82,12.24,1.64000000000001));
#6718=CARTESIAN_POINT('',(7.82,12.1577543926805,2.89873555753226));
#6719=CARTESIAN_POINT('',(7.21538577520216,12.3819245924992,1.67538577520217));
#6720=CARTESIAN_POINT('',(7.82,12.24,1.64000000000001));
#6721=CARTESIAN_POINT('',(7.82,12.24,1.64000000000001));
#6722=CARTESIAN_POINT('',(7.4132415502239,13.1754807625464,2.0467584497761));
#6723=CARTESIAN_POINT('',(7.82,12.24,2.27999999999999));
#6724=CARTESIAN_POINT('',(7.62214422497826,13.0335561700472,2.08214422497826));
#6725=CARTESIAN_POINT('',(7.82,13.08,2.07056447761173));
#6726=CARTESIAN_POINT('',(7.82,11.9001364958048,2.33323099902182));
#6727=CARTESIAN_POINT('',(7.82,12.1654571256173,2.91564405124153));
#6728=CARTESIAN_POINT('',(7.82,10.6466360783016,2.3362962962963));
#6729=CARTESIAN_POINT('',(7.82,11.27,0.95));
#6730=CARTESIAN_POINT('',(7.82,10.3841670586392,2.92));
#6731=CARTESIAN_POINT('',(7.61056447761173,13.08,1.63));
#6732=CARTESIAN_POINT('',(7.18,12.24,1.63));
#6733=CARTESIAN_POINT('',(7.38943552238827,2.44,1.63));
#6734=CARTESIAN_POINT('',(7.82,3.28,1.63));
#6735=MECHANICAL_DESIGN_GEOMETRIC_PRESENTATION_REPRESENTATION('',(#24),
#6736);
#6736=(
GEOMETRIC_REPRESENTATION_CONTEXT(3)
GLOBAL_UNCERTAINTY_ASSIGNED_CONTEXT((#6737))
GLOBAL_UNIT_ASSIGNED_CONTEXT((#6743,#6739,#6738))
REPRESENTATION_CONTEXT('436500616wbm000_01_214',
'TOP_LEVEL_ASSEMBLY_PART')
);
#6737=UNCERTAINTY_MEASURE_WITH_UNIT(LENGTH_MEASURE(2.E-5),#6743,
'DISTANCE_ACCURACY_VALUE','Maximum Tolerance applied to model');
#6738=(
NAMED_UNIT(*)
SI_UNIT($,.STERADIAN.)
SOLID_ANGLE_UNIT()
);
#6739=(
CONVERSION_BASED_UNIT('DEGREE',#6741)
NAMED_UNIT(#6740)
PLANE_ANGLE_UNIT()
);
#6740=DIMENSIONAL_EXPONENTS(0.,0.,0.,0.,0.,0.,0.);
#6741=PLANE_ANGLE_MEASURE_WITH_UNIT(PLANE_ANGLE_MEASURE(0.0174532925),#6742);
#6742=(
NAMED_UNIT(*)
PLANE_ANGLE_UNIT()
SI_UNIT($,.RADIAN.)
);
#6743=(
LENGTH_UNIT()
NAMED_UNIT(*)
SI_UNIT(.MILLI.,.METRE.)
);
ENDSEC;
END-ISO-10303-21;
